i,c,phi,uws,Ks,D0_Ks,zmax,dwt_f,rizero,product,fail_cells,hill_cells,share_fail_cells_fs_lt1_final,share_hill_cells_fs_lt1_final,share_fail_cells_fs_lt1_by_02_30,share_hill_fs_lt1_prestorm,share_fail_fs_lt1_prestorm,share_fail_triggered_in_window,share_fail_triggered_before_window,median_first_fs_lt1,auc_final_fs,fs_final_fail_cells_pct
0,1.1522131448030475,30.07409613305791,16.156290518039896,2.535683046482864e-05,61.635814343293156,1.489325539053681,0.561921800761438,1.898278698714328e-09,era5land,155,228994,0.116,0.121,0.116,0.121,0.116,0.0,0.0,,0.551,"[0.97, 1.46, 4.2]"
0,1.1522131448030475,30.07409613305791,16.156290518039896,2.535683046482864e-05,61.635814343293156,1.489325539053681,0.561921800761438,1.898278698714328e-09,imerg,155,228994,0.213,0.21,0.213,0.21,0.213,0.0,0.0,,0.551,"[0.83, 1.28, 3.77]"
1,9.581018345623741,28.903000444170498,20.53065131707094,1.9973753135635227e-07,99.85752121175187,3.6479973815465554,0.7592478395707905,3.316822324552535e-09,era5land,155,228994,0.065,0.057,0.065,0.021,0.032,0.0,0.032,2017-06-12 15:00:00,0.551,"[1.16, 1.77, 5.11]"
1,9.581018345623741,28.903000444170498,20.53065131707094,1.9973753135635227e-07,99.85752121175187,3.6479973815465554,0.7592478395707905,3.316822324552535e-09,imerg,155,228994,0.065,0.054,0.065,0.021,0.032,0.0,0.032,2017-06-12 15:00:00,0.551,"[1.16, 1.77, 5.13]"
2,11.579744631461255,34.16026278142723,20.011375603252034,5.51475116332442e-06,79.88827495035852,1.4684376405842372,0.8968119483022509,7.3106860283788455e-09,era5land,155,228994,0.0,0.0,0.0,0.0,0.0,0.0,0.0,,0.558,"[1.85, 2.4, 6.62]"
2,11.579744631461255,34.16026278142723,20.011375603252034,5.51475116332442e-06,79.88827495035852,1.4684376405842372,0.8968119483022509,7.3106860283788455e-09,imerg,155,228994,0.0,0.0,0.0,0.0,0.0,0.0,0.0,,0.555,"[1.8, 2.4, 6.62]"
3,9.600631262144804,31.211113008735303,17.19920711103264,1.088072294072785e-06,77.93716880386117,1.8714430311237698,0.6583710381094823,6.2682330701433585e-09,era5land,155,228994,0.019,0.015,0.019,0.0,0.0,0.0,0.019,2017-06-12 00:00:00,0.551,"[1.28, 1.82, 5.01]"
3,9.600631262144804,31.211113008735303,17.19920711103264,1.088072294072785e-06,77.93716880386117,1.8714430311237698,0.6583710381094823,6.2682330701433585e-09,imerg,155,228994,0.019,0.015,0.019,0.001,0.0,0.0,0.019,2017-06-12 00:00:00,0.551,"[1.28, 1.82, 5.01]"
4,3.7483152806758313,31.194977816284304,17.17640353370762,8.138283290378724e-07,176.11630585401923,3.0061354652388363,0.8751252142144632,1.1681085397661677e-09,era5land,155,228994,0.452,0.347,0.452,0.023,0.032,0.0,0.419,2017-06-12 00:00:00,0.551,"[0.71, 1.05, 2.97]"
4,3.7483152806758313,31.194977816284304,17.17640353370762,8.138283290378724e-07,176.11630585401923,3.0061354652388363,0.8751252142144632,1.1681085397661677e-09,imerg,155,228994,0.452,0.347,0.452,0.024,0.032,0.0,0.419,2017-06-12 00:00:00,0.551,"[0.71, 1.05, 2.97]"
5,8.067869115274043,37.20071465665129,18.938574945184328,4.339878244230273e-05,430.48684634179875,2.777747738056551,0.8528575243135763,9.844755549844782e-08,era5land,155,228994,0.0,0.002,0.0,0.002,0.0,0.0,0.0,,0.551,"[1.79, 2.66, 7.58]"
5,8.067869115274043,37.20071465665129,18.938574945184328,4.339878244230273e-05,430.48684634179875,2.777747738056551,0.8528575243135763,9.844755549844782e-08,imerg,155,228994,0.032,0.021,0.032,0.021,0.032,0.0,0.0,,0.551,"[1.44, 2.24, 6.57]"
6,7.277354529979075,34.490299168678,17.550174703233772,5.566542980363701e-07,15.197054963363113,1.1914877152651933,0.5969796760034813,1.6849621695854844e-09,era5land,155,228994,0.0,0.002,0.0,0.0,0.0,0.0,0.0,,0.551,"[1.49, 2.12, 5.83]"
6,7.277354529979075,34.490299168678,17.550174703233772,5.566542980363701e-07,15.197054963363113,1.1914877152651933,0.5969796760034813,1.6849621695854844e-09,imerg,155,228994,0.0,0.002,0.0,0.0,0.0,0.0,0.0,,0.551,"[1.49, 2.12, 5.83]"
7,2.389450340814758,33.61216472353577,18.459956466024103,2.9129715716576464e-07,56.74080768709199,2.175701401424467,0.7897917832408649,7.439465097587479e-09,era5land,155,228994,0.265,0.232,0.168,0.021,0.032,0.09,0.135,2017-06-13 00:00:00,0.551,"[0.8, 1.3, 4.1]"
7,2.389450340814758,33.61216472353577,18.459956466024103,2.9129715716576464e-07,56.74080768709199,2.175701401424467,0.7897917832408649,7.439465097587479e-09,imerg,155,228994,0.252,0.223,0.168,0.021,0.032,0.058,0.129,2017-06-13 00:00:00,0.551,"[0.8, 1.32, 4.15]"
8,5.140357952754281,31.594205811312094,17.81643439600569,1.7512970988292444e-07,93.81166009011278,3.042605118961059,0.9695674981128437,4.726127630070275e-09,era5land,155,228994,0.065,0.053,0.065,0.011,0.019,0.0,0.045,2017-06-12 20:00:00,0.551,"[1.2, 1.88, 5.55]"
8,5.140357952754281,31.594205811312094,17.81643439600569,1.7512970988292444e-07,93.81166009011278,3.042605118961059,0.9695674981128437,4.726127630070275e-09,imerg,155,228994,0.065,0.049,0.052,0.011,0.019,0.019,0.026,2017-06-12 22:00:00,0.551,"[1.21, 1.9, 5.59]"
9,3.1142063309507946,28.52927151566466,19.966566689787356,1.178985163679303e-07,136.03606892389277,3.349734650176847,0.8662124483696179,2.6982745379170946e-08,era5land,155,228994,0.097,0.106,0.084,0.051,0.065,0.013,0.019,2017-06-12 13:00:00,0.551,"[1.01, 1.57, 4.61]"
9,3.1142063309507946,28.52927151566466,19.966566689787356,1.178985163679303e-07,136.03606892389277,3.349734650176847,0.8662124483696179,2.6982745379170946e-08,imerg,155,228994,0.09,0.101,0.084,0.051,0.065,0.006,0.019,2017-06-12 07:00:00,0.551,"[1.02, 1.58, 4.64]"
10,0.7154532086976053,31.00061290245793,16.836622576521602,8.600275917718868e-05,65.49464955492566,2.186315557719306,0.5108153824881785,1.8598042956664362e-09,era5land,155,228994,0.168,0.157,0.168,0.157,0.168,0.0,0.0,,0.551,"[0.91, 1.38, 3.99]"
10,0.7154532086976053,31.00061290245793,16.836622576521602,8.600275917718868e-05,65.49464955492566,2.186315557719306,0.5108153824881785,1.8598042956664362e-09,imerg,155,228994,0.206,0.203,0.206,0.203,0.206,0.0,0.0,,0.551,"[0.84, 1.29, 3.77]"
11,6.360391441955632,30.557615272029107,15.728148974727985,1.1051028696698686e-07,12.82859384961391,3.6898840255311067,0.5750009819571935,6.136282618384913e-08,era5land,155,228994,0.019,0.013,0.019,0.013,0.019,0.0,0.0,,0.551,"[1.37, 2.0, 5.62]"
11,6.360391441955632,30.557615272029107,15.728148974727985,1.1051028696698686e-07,12.82859384961391,3.6898840255311067,0.5750009819571935,6.136282618384913e-08,imerg,155,228994,0.019,0.013,0.019,0.013,0.019,0.0,0.0,,0.551,"[1.37, 2.0, 5.62]"
12,1.970824344912897,37.66690875517568,16.20155143362982,7.61834696236808e-07,55.28291656744653,1.7721502805093121,0.9920702265828534,6.40334550076427e-08,era5land,155,228994,0.2,0.183,0.2,0.004,0.006,0.0,0.194,2017-06-12 00:00:00,0.551,"[0.89, 1.3, 3.68]"
12,1.970824344912897,37.66690875517568,16.20155143362982,7.61834696236808e-07,55.28291656744653,1.7721502805093121,0.9920702265828534,6.40334550076427e-08,imerg,155,228994,0.2,0.183,0.2,0.004,0.006,0.0,0.194,2017-06-12 01:00:00,0.551,"[0.89, 1.3, 3.68]"
13,8.374315028377405,32.148268637693505,18.049311636385486,1.3567589993016552e-05,60.83452299671463,3.860743182376431,0.7485577697318967,2.182280202533482e-08,era5land,155,228994,0.2,0.187,0.2,0.014,0.019,0.0,0.181,2017-06-12 03:00:00,0.551,"[0.88, 1.29, 3.64]"
13,8.374315028377405,32.148268637693505,18.049311636385486,1.3567589993016552e-05,60.83452299671463,3.860743182376431,0.7485577697318967,2.182280202533482e-08,imerg,155,228994,0.2,0.187,0.2,0.015,0.019,0.0,0.181,2017-06-12 11:30:00,0.551,"[0.88, 1.29, 3.64]"
14,10.136872975840559,31.61268841698014,20.59327035706094,2.6695180156892774e-07,174.11108629986418,3.5549271746138116,0.9869943300117081,1.3826072358421133e-09,era5land,155,228994,0.09,0.1,0.077,0.005,0.006,0.013,0.071,2017-06-12 14:00:00,0.551,"[1.03, 1.7, 5.14]"
14,10.136872975840559,31.61268841698014,20.59327035706094,2.6695180156892774e-07,174.11108629986418,3.5549271746138116,0.9869943300117081,1.3826072358421133e-09,imerg,155,228994,0.084,0.094,0.077,0.005,0.006,0.013,0.065,2017-06-12 14:30:00,0.551,"[1.05, 1.72, 5.2]"
15,10.933428843199016,30.367244467888042,16.429917773612388,7.638465134670222e-05,33.611982472168116,3.137682943100985,0.8985559244115104,5.0219454846999324e-08,era5land,155,228994,0.0,0.002,0.0,0.002,0.0,0.0,0.084,2017-06-12 03:00:00,0.551,"[1.64, 2.41, 6.79]"
15,10.933428843199016,30.367244467888042,16.429917773612388,7.638465134670222e-05,33.611982472168116,3.137682943100985,0.8985559244115104,5.0219454846999324e-08,imerg,155,228994,0.006,0.003,0.006,0.003,0.006,0.0,0.084,2017-06-12 10:00:00,0.551,"[1.63, 2.39, 6.74]"
16,5.987277088718385,28.78182351675726,16.779261731092863,8.769378098420604e-07,18.814524057668013,3.664605963651464,0.7455221106346106,3.679735227142794e-08,era5land,155,228994,0.077,0.07,0.071,0.041,0.065,0.006,0.006,2017-06-13 02:00:00,0.551,"[1.1, 1.68, 4.84]"
16,5.987277088718385,28.78182351675726,16.779261731092863,8.769378098420604e-07,18.814524057668013,3.664605963651464,0.7455221106346106,3.679735227142794e-08,imerg,155,228994,0.077,0.068,0.071,0.041,0.065,0.006,0.006,2017-06-13 03:00:00,0.551,"[1.11, 1.68, 4.85]"
17,5.7165306292348355,30.704414408890067,18.766768951100197,3.810697781672869e-06,80.3741224699549,1.752780079511611,0.8332175654973715,3.7931745717171646e-08,era5land,155,228994,0.09,0.1,0.09,0.006,0.006,0.0,0.084,2017-06-12 00:00:00,0.551,"[1.02, 1.47, 4.11]"
17,5.7165306292348355,30.704414408890067,18.766768951100197,3.810697781672869e-06,80.3741224699549,1.752780079511611,0.8332175654973715,3.7931745717171646e-08,imerg,155,228994,0.09,0.1,0.09,0.012,0.019,0.0,0.071,2017-06-12 00:00:00,0.551,"[1.02, 1.47, 4.11]"
18,8.617193119412399,37.696391278946855,16.33363748458812,1.256665980486441e-05,54.27623393321652,2.4901507234016833,0.5553579560017419,2.1172517216494636e-09,era5land,155,228994,0.065,0.045,0.065,0.002,0.0,0.0,0.065,2017-06-12 00:00:00,0.551,"[1.16, 1.67, 4.65]"
18,8.617193119412399,37.696391278946855,16.33363748458812,1.256665980486441e-05,54.27623393321652,2.4901507234016833,0.5553579560017419,2.1172517216494636e-09,imerg,155,228994,0.065,0.045,0.065,0.004,0.006,0.0,0.058,2017-06-12 00:00:00,0.551,"[1.16, 1.67, 4.65]"
19,6.036696126448452,33.05134312441561,17.708673509557414,9.965248180552519e-06,113.90943608185009,1.0121553628094426,0.6342708648882049,7.627862578759628e-08,era5land,155,228994,0.0,0.0,0.0,0.0,0.0,0.0,0.0,,0.551,"[1.88, 2.72, 7.61]"
19,6.036696126448452,33.05134312441561,17.708673509557414,9.965248180552519e-06,113.90943608185009,1.0121553628094426,0.6342708648882049,7.627862578759628e-08,imerg,155,228994,0.006,0.003,0.006,0.003,0.006,0.0,0.0,,0.551,"[1.44, 2.04, 5.8]"
20,2.5900223897818075,33.59539428391361,20.596745584110675,1.344891422411989e-06,199.70913917298793,2.7177146728378068,0.6367696129004886,4.471371833650933e-08,era5land,155,228994,0.213,0.21,0.213,0.037,0.052,0.0,0.161,2017-06-12 00:00:00,0.551,"[0.85, 1.26, 3.6]"
20,2.5900223897818075,33.59539428391361,20.596745584110675,1.344891422411989e-06,199.70913917298793,2.7177146728378068,0.6367696129004886,4.471371833650933e-08,imerg,155,228994,0.213,0.21,0.213,0.044,0.065,0.0,0.148,2017-06-12 00:00:00,0.551,"[0.85, 1.26, 3.6]"
21,0.756986414990399,35.38459194277045,20.928201647119455,1.3798707650017634e-06,31.851867647804596,1.8504673088639727,0.8459732250228069,2.640369369780929e-09,era5land,155,228994,0.265,0.232,0.265,0.02,0.026,0.0,0.239,2017-06-12 03:00:00,0.551,"[0.81, 1.23, 3.53]"
21,0.756986414990399,35.38459194277045,20.928201647119455,1.3798707650017634e-06,31.851867647804596,1.8504673088639727,0.8459732250228069,2.640369369780929e-09,imerg,155,228994,0.265,0.232,0.265,0.02,0.026,0.0,0.239,2017-06-12 04:00:00,0.551,"[0.81, 1.23, 3.53]"
22,9.484264726638669,33.754376046006875,19.60209203921028,1.4326089973028129e-05,159.31532559077104,2.1192854090891418,0.8004570131016863,1.736267939257034e-09,era5land,155,228994,0.0,0.001,0.0,0.001,0.0,0.0,0.0,,0.551,"[1.78, 2.62, 7.38]"
22,9.484264726638669,33.754376046006875,19.60209203921028,1.4326089973028129e-05,159.31532559077104,2.1192854090891418,0.8004570131016863,1.736267939257034e-09,imerg,155,228994,0.006,0.006,0.006,0.006,0.006,0.0,0.0,,0.551,"[1.61, 2.4, 6.87]"
23,1.7018453210898086,36.37973045388446,20.864546079358405,3.5293178893953376e-06,11.64605955807012,1.5317612478405938,0.9132970933830633,1.0054876278307863e-09,era5land,155,228994,0.168,0.154,0.168,0.008,0.006,0.0,0.161,2017-06-12 06:00:00,0.551,"[0.92, 1.38, 3.95]"
23,1.7018453210898086,36.37973045388446,20.864546079358405,3.5293178893953376e-06,11.64605955807012,1.5317612478405938,0.9132970933830633,1.0054876278307863e-09,imerg,155,228994,0.168,0.154,0.168,0.008,0.006,0.0,0.161,2017-06-12 11:00:00,0.551,"[0.92, 1.38, 3.95]"
24,6.646276252315948,37.16945385484406,19.104253496221606,9.02983024876175e-06,78.78190283058647,2.872769864070249,0.5545259978115106,4.38236452396277e-08,era5land,155,228994,0.084,0.084,0.084,0.009,0.006,0.0,0.077,2017-06-12 00:00:00,0.551,"[1.05, 1.55, 4.38]"
24,6.646276252315948,37.16945385484406,19.104253496221606,9.02983024876175e-06,78.78190283058647,2.872769864070249,0.5545259978115106,4.38236452396277e-08,imerg,155,228994,0.084,0.084,0.084,0.012,0.019,0.0,0.065,2017-06-12 00:00:00,0.551,"[1.05, 1.55, 4.38]"
25,7.630491474873879,29.842498664021992,20.247909786812464,5.207340941677686e-07,148.86328591279454,3.78214572235082,0.67284210711371,1.1149571147955827e-09,era5land,155,228994,0.219,0.212,0.219,0.036,0.045,0.0,0.174,2017-06-12 08:00:00,0.551,"[0.85, 1.25, 3.53]"
25,7.630491474873879,29.842498664021992,20.247909786812464,5.207340941677686e-07,148.86328591279454,3.78214572235082,0.67284210711371,1.1149571147955827e-09,imerg,155,228994,0.219,0.212,0.219,0.036,0.045,0.0,0.174,2017-06-12 10:00:00,0.551,"[0.85, 1.25, 3.53]"
26,5.192020088159838,33.63866778468515,20.170511755723034,8.043698821097643e-07,112.23197360495446,3.3712117461528597,0.6315940740597654,5.001004328368601e-09,era5land,155,228994,0.2,0.18,0.2,0.026,0.032,0.0,0.168,2017-06-12 02:00:00,0.551,"[0.89, 1.32, 3.74]"
26,5.192020088159838,33.63866778468515,20.170511755723034,8.043698821097643e-07,112.23197360495446,3.3712117461528597,0.6315940740597654,5.001004328368601e-09,imerg,155,228994,0.2,0.18,0.2,0.026,0.032,0.0,0.168,2017-06-12 04:30:00,0.551,"[0.89, 1.32, 3.74]"
27,1.857126222308014,34.0623663475416,20.15188147452126,1.121384181943393e-05,198.2358139715961,1.9428967843229503,0.9650712483887451,5.7950460435795595e-09,era5land,155,228994,0.019,0.013,0.019,0.013,0.019,0.0,0.0,,0.551,"[1.45, 2.19, 6.31]"
27,1.857126222308014,34.0623663475416,20.15188147452126,1.121384181943393e-05,198.2358139715961,1.9428967843229503,0.9650712483887451,5.7950460435795595e-09,imerg,155,228994,0.065,0.054,0.065,0.054,0.065,0.0,0.0,,0.551,"[1.19, 1.88, 5.56]"
28,3.977158397943782,35.548265829557366,19.30143708550616,3.7740505499900203e-07,258.1882652153389,2.0904738583330915,0.773331934684824,1.7620893980003645e-08,era5land,155,228994,0.103,0.109,0.103,0.008,0.006,0.0,0.097,2017-06-12 00:00:00,0.551,"[1.0, 1.47, 4.16]"
28,3.977158397943782,35.548265829557366,19.30143708550616,3.7740505499900203e-07,258.1882652153389,2.0904738583330915,0.773331934684824,1.7620893980003645e-08,imerg,155,228994,0.103,0.109,0.103,0.008,0.006,0.0,0.097,2017-06-12 00:00:00,0.551,"[1.0, 1.47, 4.16]"
29,9.038617513652063,29.708570236620123,20.394510064053726,1.3011025309953962e-07,63.65191813022637,3.996759828483076,0.7300473272376288,9.409019418433085e-08,era5land,155,228994,0.019,0.012,0.019,0.012,0.019,0.0,0.0,,0.551,"[1.4, 2.06, 5.85]"
29,9.038617513652063,29.708570236620123,20.394510064053726,1.3011025309953962e-07,63.65191813022637,3.996759828483076,0.7300473272376288,9.409019418433085e-08,imerg,155,228994,0.019,0.012,0.019,0.012,0.019,0.0,0.0,,0.551,"[1.4, 2.06, 5.85]"
30,3.9074678710625177,34.53312906860015,15.770754475961363,7.958894059158336e-05,106.72824381076299,1.2932788045911097,0.8577087727152813,4.332685116268672e-09,era5land,155,228994,0.0,0.002,0.0,0.002,0.0,0.0,0.0,,0.551,"[1.74, 2.56, 7.26]"
30,3.9074678710625177,34.53312906860015,15.770754475961363,7.958894059158336e-05,106.72824381076299,1.2932788045911097,0.8577087727152813,4.332685116268672e-09,imerg,155,228994,0.052,0.037,0.052,0.037,0.052,0.0,0.0,,0.551,"[1.3, 2.04, 5.99]"
31,0.281193254087009,37.54908304417611,16.553093704736074,1.1351073416610993e-05,48.429616787278775,1.0603842676607993,0.7651660432219909,3.7176551788866693e-09,era5land,155,228994,0.032,0.021,0.032,0.021,0.032,0.0,0.0,,0.551,"[1.37, 2.08, 6.0]"
31,0.281193254087009,37.54908304417611,16.553093704736074,1.1351073416610993e-05,48.429616787278775,1.0603842676607993,0.7651660432219909,3.7176551788866693e-09,imerg,155,228994,0.084,0.084,0.084,0.084,0.084,0.0,0.0,,0.551,"[1.08, 1.73, 5.17]"
32,3.6776332966696446,35.885564869211485,20.074250153879092,7.5730442728620735e-06,21.967942092657644,2.324445341420204,0.6387684884041943,1.0389706094796537e-08,era5land,155,228994,0.142,0.139,0.142,0.015,0.019,0.0,0.123,2017-06-12 03:00:00,0.551,"[0.95, 1.41, 4.0]"
32,3.6776332966696446,35.885564869211485,20.074250153879092,7.5730442728620735e-06,21.967942092657644,2.324445341420204,0.6387684884041943,1.0389706094796537e-08,imerg,155,228994,0.142,0.139,0.142,0.016,0.019,0.0,0.123,2017-06-12 11:00:00,0.551,"[0.95, 1.41, 4.0]"
33,5.878630913570924,28.109722089763416,18.709297782326473,6.483940565499257e-06,15.37679667038635,1.154050247451133,0.6124019000076205,1.1144830266529737e-08,era5land,155,228994,0.039,0.031,0.039,0.003,0.006,0.0,0.032,2017-06-12 00:00:00,0.551,"[1.2, 1.71, 4.71]"
33,5.878630913570924,28.109722089763416,18.709297782326473,6.483940565499257e-06,15.37679667038635,1.154050247451133,0.6124019000076205,1.1144830266529737e-08,imerg,155,228994,0.039,0.031,0.039,0.004,0.006,0.0,0.032,2017-06-12 00:00:00,0.551,"[1.2, 1.71, 4.71]"
34,8.144646058533032,30.937788449199235,19.445457321322767,1.2934526610675589e-05,11.913772389994364,2.7861795867957184,0.9065621558841837,7.353127393356484e-09,era5land,155,228994,0.116,0.121,0.084,0.006,0.006,0.039,0.071,2017-06-12 13:00:00,0.551,"[0.98, 1.42, 4.38]"
34,8.144646058533032,30.937788449199235,19.445457321322767,1.2934526610675589e-05,11.913772389994364,2.7861795867957184,0.9065621558841837,7.353127393356484e-09,imerg,155,228994,0.116,0.118,0.065,0.006,0.006,0.045,0.058,2017-06-13 01:00:00,0.551,"[0.98, 1.6, 4.59]"
35,7.034702293946886,34.382108099945334,18.378516843808306,5.390856778928893e-05,22.788197671579514,1.5704828826546366,0.872148350161934,4.2598376158267355e-09,era5land,155,228994,0.0,0.0,0.0,0.0,0.0,0.0,0.0,,0.551,"[1.9, 2.78, 7.85]"
35,7.034702293946886,34.382108099945334,18.378516843808306,5.390856778928893e-05,22.788197671579514,1.5704828826546366,0.872148350161934,4.2598376158267355e-09,imerg,155,228994,0.0,0.001,0.0,0.001,0.0,0.0,0.0,,0.551,"[1.85, 2.72, 7.7]"
36,3.538707358741567,29.12063949183497,19.072935526270175,7.295633124268497e-06,46.55699432423798,3.8991194375707057,0.6094482409178723,6.201340164691617e-09,era5land,155,228994,0.503,0.386,0.503,0.101,0.09,0.0,0.413,2017-06-12 04:00:00,0.551,"[0.67, 0.99, 2.83]"
36,3.538707358741567,29.12063949183497,19.072935526270175,7.295633124268497e-06,46.55699432423798,3.8991194375707057,0.6094482409178723,6.201340164691617e-09,imerg,155,228994,0.503,0.386,0.503,0.101,0.09,0.0,0.413,2017-06-12 12:00:00,0.551,"[0.67, 0.99, 2.83]"
37,1.195014143893941,31.271000511302628,15.97650240494909,1.805524938079385e-06,50.312393406033195,2.436371920371943,0.9962886765450885,1.797353038086458e-09,era5land,155,228994,0.639,0.519,0.639,0.028,0.039,0.0,0.6,2017-06-12 05:00:00,0.551,"[0.55, 0.83, 2.36]"
37,1.195014143893941,31.271000511302628,15.97650240494909,1.805524938079385e-06,50.312393406033195,2.436371920371943,0.9962886765450885,1.797353038086458e-09,imerg,155,228994,0.639,0.519,0.639,0.028,0.039,0.0,0.6,2017-06-12 08:00:00,0.551,"[0.55, 0.83, 2.36]"
38,8.745178644732622,32.962827524718634,16.084861811773923,4.277922056298689e-05,32.03151606484883,2.667428667396834,0.702524256783762,8.232101030198895e-09,era5land,155,228994,0.019,0.035,0.077,0.004,0.006,0.0,0.084,2017-06-12 01:00:00,0.551,"[1.11, 1.47, 4.08]"
38,8.745178644732622,32.962827524718634,16.084861811773923,4.277922056298689e-05,32.03151606484883,2.667428667396834,0.702524256783762,8.232101030198895e-09,imerg,155,228994,0.019,0.036,0.077,0.005,0.006,0.0,0.084,2017-06-12 04:00:00,0.551,"[1.09, 1.47, 4.08]"
39,8.24629879623099,30.974730270629884,17.21996089790091,2.2377361270230522e-07,12.338718800700908,2.3059814047670097,0.9508204084595386,2.4134458706379897e-09,era5land,155,228994,0.006,0.003,0.006,0.002,0.0,0.006,0.0,2017-06-13 02:00:00,0.551,"[1.68, 2.47, 7.01]"
39,8.24629879623099,30.974730270629884,17.21996089790091,2.2377361270230522e-07,12.338718800700908,2.3059814047670097,0.9508204084595386,2.4134458706379897e-09,imerg,155,228994,0.006,0.003,0.006,0.002,0.0,0.0,0.006,2017-06-13 00:00:00,0.551,"[1.68, 2.47, 7.0]"
40,6.135261529753412,32.810894499624155,18.78152425147175,1.145425879419509e-07,308.8606388265557,2.6528797308481535,0.9953478031615395,3.1309794690261364e-08,era5land,155,228994,0.065,0.043,0.065,0.005,0.006,0.0,0.058,2017-06-12 00:00:00,0.551,"[1.16, 1.68, 4.67]"
40,6.135261529753412,32.810894499624155,18.78152425147175,1.145425879419509e-07,308.8606388265557,2.6528797308481535,0.9953478031615395,3.1309794690261364e-08,imerg,155,228994,0.065,0.043,0.065,0.005,0.006,0.0,0.058,2017-06-12 00:00:00,0.551,"[1.16, 1.68, 4.67]"
41,6.465604955667309,37.96367075984583,19.793149858370377,1.681956188721058e-07,90.61996429325787,3.9131331440421797,0.5468756446761032,2.8704844657810745e-09,era5land,155,228994,0.039,0.028,0.032,0.012,0.019,0.006,0.013,2017-06-12 19:00:00,0.551,"[1.33, 2.03, 5.89]"
41,6.465604955667309,37.96367075984583,19.793149858370377,1.681956188721058e-07,90.61996429325787,3.9131331440421797,0.5468756446761032,2.8704844657810745e-09,imerg,155,228994,0.039,0.027,0.032,0.012,0.019,0.0,0.013,2017-06-12 18:00:00,0.551,"[1.33, 2.03, 5.89]"
42,9.531466434864354,28.817829161254647,19.616265278669914,5.759592980476022e-05,49.244315917792456,3.692889688613147,0.9033428872603584,4.142301994958246e-08,era5land,155,228994,0.077,0.053,0.161,0.014,0.019,0.0,0.181,2017-06-12 04:00:00,0.566,"[1.04, 1.39, 3.63]"
42,9.531466434864354,28.817829161254647,19.616265278669914,5.759592980476022e-05,49.244315917792456,3.692889688613147,0.9033428872603584,4.142301994958246e-08,imerg,155,228994,0.077,0.055,0.161,0.016,0.019,0.0,0.181,2017-06-12 12:30:00,0.565,"[1.04, 1.37, 3.63]"
43,1.6117483374661725,32.43593014260669,20.55591212920952,2.802195524829532e-05,24.824982252987276,1.4452653495641221,0.5201706719511463,1.1852314754771367e-08,era5land,155,228994,0.077,0.061,0.077,0.061,0.077,0.0,0.187,2017-06-12 00:00:00,0.551,"[1.12, 1.69, 4.84]"
43,1.6117483374661725,32.43593014260669,20.55591212920952,2.802195524829532e-05,24.824982252987276,1.4452653495641221,0.5201706719511463,1.1852314754771367e-08,imerg,155,228994,0.084,0.079,0.084,0.079,0.084,0.0,0.181,2017-06-12 00:00:00,0.551,"[1.07, 1.63, 4.69]"
44,7.7775350253796685,29.244971380700314,20.853258258396924,1.3258912622909115e-06,23.483444952388503,1.6360170462105486,0.6280486049220577,2.805359664316167e-09,era5land,155,228994,0.065,0.039,0.065,0.005,0.006,0.0,0.058,2017-06-12 00:00:00,0.551,"[1.17, 1.69, 4.69]"
44,7.7775350253796685,29.244971380700314,20.853258258396924,1.3258912622909115e-06,23.483444952388503,1.6360170462105486,0.6280486049220577,2.805359664316167e-09,imerg,155,228994,0.065,0.039,0.065,0.005,0.006,0.0,0.058,2017-06-12 00:00:00,0.551,"[1.17, 1.69, 4.69]"
45,7.219436789950328,36.51429649669333,19.924809288820242,1.2589503053319325e-06,49.181382589957195,3.941126039120476,0.9082378698813764,5.298883063831421e-09,era5land,155,228994,0.084,0.088,0.065,0.004,0.006,0.019,0.058,2017-06-12 20:00:00,0.551,"[1.07, 1.8, 5.5]"
45,7.219436789950328,36.51429649669333,19.924809288820242,1.2589503053319325e-06,49.181382589957195,3.941126039120476,0.9082378698813764,5.298883063831421e-09,imerg,155,228994,0.084,0.078,0.065,0.004,0.006,0.019,0.058,2017-06-12 22:00:00,0.551,"[1.11, 1.84, 5.6]"
46,11.354278912427683,30.299995652714703,20.49165609679675,7.901891386618585e-07,97.90316176737247,3.085936528923697,0.9545407743249161,6.342108971615378e-08,era5land,155,228994,0.065,0.055,0.065,0.004,0.006,0.0,0.058,2017-06-12 00:00:00,0.551,"[1.12, 1.62, 4.52]"
46,11.354278912427683,30.299995652714703,20.49165609679675,7.901891386618585e-07,97.90316176737247,3.085936528923697,0.9545407743249161,6.342108971615378e-08,imerg,155,228994,0.065,0.055,0.065,0.004,0.006,0.0,0.058,2017-06-12 03:00:00,0.551,"[1.12, 1.62, 4.52]"
47,1.3295243896299205,32.12089514499146,18.26841769283043,1.3378833788409396e-07,102.0552543238079,2.64389797239916,0.5597412948195518,3.443910594588964e-08,era5land,155,228994,0.2,0.193,0.168,0.059,0.071,0.032,0.097,2017-06-12 16:30:00,0.551,"[0.87, 1.34, 3.97]"
47,1.3295243896299205,32.12089514499146,18.26841769283043,1.3378833788409396e-07,102.0552543238079,2.64389797239916,0.5597412948195518,3.443910594588964e-08,imerg,155,228994,0.2,0.185,0.168,0.059,0.071,0.039,0.09,2017-06-12 19:30:00,0.551,"[0.87, 1.34, 3.98]"
48,6.616735039038311,35.79899647400255,16.760908843975113,5.734106890501149e-07,32.86475257636471,3.8382021591269657,0.7577440573272359,4.826784815497701e-08,era5land,155,228994,0.032,0.023,0.019,0.007,0.006,0.013,0.013,2017-06-12 18:30:00,0.551,"[1.38, 2.12, 6.15]"
48,6.616735039038311,35.79899647400255,16.760908843975113,5.734106890501149e-07,32.86475257636471,3.8382021591269657,0.7577440573272359,4.826784815497701e-08,imerg,155,228994,0.032,0.022,0.019,0.007,0.006,0.013,0.013,2017-06-12 15:30:00,0.551,"[1.39, 2.12, 6.15]"
49,10.913059017293069,31.176802869270777,15.703629040319456,1.1819370241296847e-06,39.37884415096515,3.137447535241577,0.9122750615587132,3.067139958448856e-09,era5land,155,228994,0.09,0.099,0.077,0.001,0.0,0.013,0.077,2017-06-12 18:00:00,0.551,"[1.02, 1.62, 4.96]"
49,10.913059017293069,31.176802869270777,15.703629040319456,1.1819370241296847e-06,39.37884415096515,3.137447535241577,0.9122750615587132,3.067139958448856e-09,imerg,155,228994,0.09,0.099,0.065,0.001,0.0,0.026,0.065,2017-06-12 20:00:00,0.551,"[1.02, 1.67, 5.09]"
50,6.9791423668577846,35.98722410072804,17.784230802265263,2.3411170387857832e-06,146.69916949826592,2.524496265641422,0.8131268260196766,4.3859852820372194e-09,era5land,155,228994,0.084,0.084,0.084,0.003,0.006,0.0,0.077,2017-06-12 00:00:00,0.551,"[1.05, 1.53, 4.3]"
50,6.9791423668577846,35.98722410072804,17.784230802265263,2.3411170387857832e-06,146.69916949826592,2.524496265641422,0.8131268260196766,4.3859852820372194e-09,imerg,155,228994,0.084,0.084,0.084,0.005,0.006,0.0,0.077,2017-06-12 00:00:00,0.551,"[1.05, 1.53, 4.3]"
51,10.163767871472823,31.142615374490653,18.057580421890034,5.853118103492326e-07,94.4456072215198,2.6605434057635433,0.9345801806821846,5.175555217938857e-08,era5land,155,228994,0.065,0.041,0.065,0.001,0.0,0.0,0.065,2017-06-12 01:00:00,0.551,"[1.16, 1.66, 4.61]"
51,10.163767871472823,31.142615374490653,18.057580421890034,5.853118103492326e-07,94.4456072215198,2.6605434057635433,0.9345801806821846,5.175555217938857e-08,imerg,155,228994,0.065,0.041,0.065,0.001,0.0,0.0,0.065,2017-06-12 02:00:00,0.551,"[1.16, 1.66, 4.61]"
52,6.723969005629181,35.361961272617854,16.28347927504481,1.8923218226904732e-05,11.276144953694033,2.70566658266763,0.8612255690894641,1.0910643818886831e-09,era5land,155,228994,0.142,0.137,0.084,0.003,0.006,0.065,0.071,2017-06-12 23:00:00,0.551,"[0.95, 1.41, 4.36]"
52,6.723969005629181,35.361961272617854,16.28347927504481,1.8923218226904732e-05,11.276144953694033,2.70566658266763,0.8612255690894641,1.0910643818886831e-09,imerg,155,228994,0.142,0.137,0.065,0.003,0.006,0.077,0.058,2017-06-13 04:00:00,0.551,"[0.95, 1.53, 4.78]"
53,10.654583549374596,32.40814242197065,15.967378257828951,1.003073845611957e-06,14.576200862337009,2.135354140236883,0.6132943903901393,1.9508331181779376e-08,era5land,155,228994,0.019,0.012,0.019,0.0,0.0,0.0,0.019,2017-06-12 17:00:00,0.551,"[1.3, 1.98, 5.8]"
53,10.654583549374596,32.40814242197065,15.967378257828951,1.003073845611957e-06,14.576200862337009,2.135354140236883,0.6132943903901393,1.9508331181779376e-08,imerg,155,228994,0.019,0.012,0.019,0.0,0.0,0.0,0.019,2017-06-12 19:00:00,0.551,"[1.3, 2.02, 5.87]"
54,9.679592936336986,29.16218217724094,20.5092096750821,5.3650499099839714e-05,101.03986114526722,2.5923300678356282,0.9410815463059823,1.0697267722022113e-09,era5land,155,228994,0.006,0.005,0.006,0.005,0.006,0.0,0.0,,0.551,"[1.55, 2.28, 6.45]"
54,9.679592936336986,29.16218217724094,20.5092096750821,5.3650499099839714e-05,101.03986114526722,2.5923300678356282,0.9410815463059823,1.0697267722022113e-09,imerg,155,228994,0.006,0.009,0.006,0.009,0.006,0.0,0.0,,0.551,"[1.49, 2.21, 6.27]"
55,7.4719189837779965,29.26191630821795,18.660979355034577,1.2257933311695638e-05,152.56286239444879,1.5018713957687235,0.794939994984398,3.967500705247373e-09,era5land,155,228994,0.0,0.001,0.0,0.001,0.0,0.0,0.0,,0.551,"[1.67, 2.43, 6.82]"
55,7.4719189837779965,29.26191630821795,18.660979355034577,1.2257933311695638e-05,152.56286239444879,1.5018713957687235,0.794939994984398,3.967500705247373e-09,imerg,155,228994,0.032,0.022,0.032,0.022,0.032,0.0,0.0,,0.551,"[1.36, 2.06, 5.93]"
56,4.729600223778623,32.17871367260291,19.939522740348597,6.5952772950509995e-06,439.2005022050638,3.470195059297259,0.5867156476645813,1.3661622495142453e-09,era5land,155,228994,0.065,0.047,0.148,0.047,0.065,0.0,0.2,2017-06-12 00:00:00,0.551,"[1.18, 1.77, 3.46]"
56,4.729600223778623,32.17871367260291,19.939522740348597,6.5952772950509995e-06,439.2005022050638,3.470195059297259,0.5867156476645813,1.3661622495142453e-09,imerg,155,228994,0.09,0.098,0.174,0.098,0.09,0.0,0.174,2017-06-12 00:00:00,0.553,"[1.03, 1.59, 3.46]"
57,5.168461955147328,32.98482560112839,19.429982846831823,3.1165265341636083e-06,130.58567902470247,1.8292798654772813,0.9098721761077373,8.358961116655639e-09,era5land,155,228994,0.09,0.1,0.09,0.004,0.006,0.0,0.084,2017-06-12 00:00:00,0.551,"[1.02, 1.48, 4.17]"
57,5.168461955147328,32.98482560112839,19.429982846831823,3.1165265341636083e-06,130.58567902470247,1.8292798654772813,0.9098721761077373,8.358961116655639e-09,imerg,155,228994,0.09,0.1,0.09,0.014,0.019,0.0,0.071,2017-06-12 00:00:00,0.551,"[1.02, 1.48, 4.17]"
58,2.6826233644302717,29.596090796182935,19.238729047442952,2.027476317492629e-06,102.55373745633474,3.0104715754620632,0.5268312531358308,1.9293489486625904e-08,era5land,155,228994,0.471,0.365,0.471,0.114,0.116,0.0,0.355,2017-06-12 00:00:00,0.551,"[0.69, 1.02, 2.92]"
58,2.6826233644302717,29.596090796182935,19.238729047442952,2.027476317492629e-06,102.55373745633474,3.0104715754620632,0.5268312531358308,1.9293489486625904e-08,imerg,155,228994,0.471,0.365,0.471,0.116,0.116,0.0,0.355,2017-06-12 00:00:00,0.551,"[0.69, 1.02, 2.92]"
59,6.241691345703235,31.33960400884989,16.598695670354136,3.062115459313134e-06,59.8505179033274,2.9979537524237037,0.7178685345318084,2.5170016228844674e-09,era5land,155,228994,0.271,0.243,0.271,0.018,0.019,0.0,0.252,2017-06-12 01:00:00,0.551,"[0.82, 1.19, 3.34]"
59,6.241691345703235,31.33960400884989,16.598695670354136,3.062115459313134e-06,59.8505179033274,2.9979537524237037,0.7178685345318084,2.5170016228844674e-09,imerg,155,228994,0.271,0.243,0.271,0.019,0.026,0.0,0.245,2017-06-12 04:00:00,0.551,"[0.82, 1.19, 3.34]"
60,5.268020820536469,37.653560366761155,15.907706077228148,9.108804537838099e-06,447.74216600002194,3.3915796861880576,0.6894231148169048,5.713734774679809e-09,era5land,155,228994,0.006,0.009,0.006,0.009,0.006,0.0,0.129,2017-06-12 00:00:00,0.551,"[1.5, 2.24, 6.4]"
60,5.268020820536469,37.653560366761155,15.907706077228148,9.108804537838099e-06,447.74216600002194,3.3915796861880576,0.6894231148169048,5.713734774679809e-09,imerg,155,228994,0.065,0.046,0.065,0.046,0.065,0.0,0.129,2017-06-12 00:00:00,0.551,"[1.23, 1.92, 5.64]"
61,4.825457102385313,34.569922191891685,18.254426951766398,2.016553978534653e-06,19.181595798291326,2.6312331408681944,0.5536253467862966,6.328201866105489e-09,era5land,155,228994,0.187,0.172,0.187,0.023,0.032,0.0,0.155,2017-06-12 14:00:00,0.551,"[0.9, 1.32, 3.75]"
61,4.825457102385313,34.569922191891685,18.254426951766398,2.016553978534653e-06,19.181595798291326,2.6312331408681944,0.5536253467862966,6.328201866105489e-09,imerg,155,228994,0.187,0.172,0.187,0.023,0.032,0.0,0.155,2017-06-12 17:00:00,0.551,"[0.9, 1.32, 3.75]"
62,6.903925150129591,28.88603816889556,16.589372068393672,1.872745226384594e-05,328.7225837895741,1.7899718435751641,0.9782278396624735,4.587548117203557e-08,era5land,155,228994,0.0,0.002,0.0,0.002,0.0,0.0,0.0,,0.551,"[1.67, 2.45, 6.89]"
62,6.903925150129591,28.88603816889556,16.589372068393672,1.872745226384594e-05,328.7225837895741,1.7899718435751641,0.9782278396624735,4.587548117203557e-08,imerg,155,228994,0.077,0.066,0.077,0.066,0.077,0.0,0.0,,0.551,"[1.14, 1.81, 5.36]"
63,4.543311086249727,33.27281920183492,20.137757284901404,3.741765780199113e-06,53.671298128639584,3.873067986626028,0.7783789602103893,5.8931752495381775e-09,era5land,155,228994,0.258,0.225,0.258,0.023,0.032,0.0,0.226,2017-06-12 08:00:00,0.551,"[0.83, 1.23, 3.52]"
63,4.543311086249727,33.27281920183492,20.137757284901404,3.741765780199113e-06,53.671298128639584,3.873067986626028,0.7783789602103893,5.8931752495381775e-09,imerg,155,228994,0.258,0.225,0.258,0.023,0.032,0.0,0.226,2017-06-12 14:00:00,0.551,"[0.83, 1.23, 3.52]"
64,0.20332794689016664,33.36537508739647,18.439269243261432,4.788004771531803e-05,119.08898042940866,1.091043601383462,0.8199096238943013,3.014770659395014e-09,era5land,155,228994,0.065,0.042,0.065,0.042,0.065,0.0,0.0,,0.551,"[1.22, 1.85, 5.34]"
64,0.20332794689016664,33.36537508739647,18.439269243261432,4.788004771531803e-05,119.08898042940866,1.091043601383462,0.8199096238943013,3.014770659395014e-09,imerg,155,228994,0.348,0.29,0.348,0.29,0.348,0.0,0.0,,0.551,"[0.65, 1.17, 3.71]"
65,10.784728258802295,28.45667569036519,16.237123277123963,3.384909238887577e-05,320.21375287561835,1.687104504158219,0.6180546733269299,2.0390044585033603e-09,era5land,155,228994,0.0,0.0,0.0,0.0,0.0,0.0,0.0,,0.551,"[1.82, 2.6, 7.2]"
65,10.784728258802295,28.45667569036519,16.237123277123963,3.384909238887577e-05,320.21375287561835,1.687104504158219,0.6180546733269299,2.0390044585033603e-09,imerg,155,228994,0.0,0.002,0.0,0.002,0.0,0.0,0.0,,0.551,"[1.42, 1.99, 5.49]"
66,4.113217837200048,32.11195573727301,20.374364066705724,2.246606178600426e-06,483.8169842100188,3.8654574465616265,0.9875926868223708,2.0022299856396713e-08,era5land,155,228994,0.271,0.254,0.271,0.017,0.019,0.0,0.252,2017-06-12 00:00:00,0.551,"[0.79, 1.18, 3.38]"
66,4.113217837200048,32.11195573727301,20.374364066705724,2.246606178600426e-06,483.8169842100188,3.8654574465616265,0.9875926868223708,2.0022299856396713e-08,imerg,155,228994,0.271,0.254,0.271,0.03,0.039,0.0,0.232,2017-06-12 00:00:00,0.551,"[0.79, 1.18, 3.38]"
67,3.4990073093712386,29.63593792880803,19.31561808002249,2.736785478069647e-07,11.461522536727996,1.1653276396001184,0.7882506093716011,1.0472492385895462e-09,era5land,155,228994,0.077,0.069,0.065,0.011,0.019,0.013,0.045,2017-06-12 17:00:00,0.551,"[1.12, 1.75, 5.12]"
67,3.4990073093712386,29.63593792880803,19.31561808002249,2.736785478069647e-07,11.461522536727996,1.1653276396001184,0.7882506093716011,1.0472492385895462e-09,imerg,155,228994,0.077,0.067,0.065,0.011,0.019,0.013,0.045,2017-06-12 18:00:00,0.551,"[1.13, 1.76, 5.14]"
68,9.183819957101347,37.393906473322836,20.88740542509516,7.147703955298816e-07,109.98438488039078,2.209962451713937,0.8359255083696655,3.1026331567791027e-09,era5land,155,228994,0.019,0.016,0.019,0.0,0.0,0.0,0.019,2017-06-12 00:00:00,0.551,"[1.32, 1.92, 5.4]"
68,9.183819957101347,37.393906473322836,20.88740542509516,7.147703955298816e-07,109.98438488039078,2.209962451713937,0.8359255083696655,3.1026331567791027e-09,imerg,155,228994,0.019,0.016,0.019,0.0,0.0,0.0,0.019,2017-06-12 00:00:00,0.551,"[1.32, 1.92, 5.4]"
69,5.820460647414382,36.14225356424386,16.42079991201528,5.138793935694427e-06,13.100378248941043,1.0491764492467297,0.7600666132318118,3.6347031497822506e-08,era5land,155,228994,0.006,0.003,0.006,0.0,0.0,0.0,0.006,2017-06-12 00:00:00,0.551,"[1.45, 2.06, 5.68]"
69,5.820460647414382,36.14225356424386,16.42079991201528,5.138793935694427e-06,13.100378248941043,1.0491764492467297,0.7600666132318118,3.6347031497822506e-08,imerg,155,228994,0.006,0.003,0.006,0.0,0.0,0.0,0.006,2017-06-12 00:00:00,0.551,"[1.45, 2.06, 5.68]"
70,6.214441271412388,33.31124032774469,17.49795692538288,1.9803590800765555e-05,40.97159929500187,2.560943745908527,0.7152877586090776,1.973393504622896e-08,era5land,155,228994,0.161,0.151,0.161,0.009,0.013,0.0,0.148,2017-06-12 02:00:00,0.551,"[0.93, 1.36, 3.82]"
70,6.214441271412388,33.31124032774469,17.49795692538288,1.9803590800765555e-05,40.97159929500187,2.560943745908527,0.7152877586090776,1.973393504622896e-08,imerg,155,228994,0.161,0.151,0.161,0.012,0.019,0.0,0.142,2017-06-12 06:30:00,0.551,"[0.93, 1.36, 3.82]"
71,0.2485567658064868,33.32850665561973,15.722992540974122,9.443783489895655e-05,65.30196664136353,1.3465051558960766,0.7337631615434946,4.0085763517887776e-08,era5land,155,228994,0.077,0.062,0.077,0.062,0.077,0.0,0.0,,0.551,"[1.13, 1.72, 4.96]"
71,0.2485567658064868,33.32850665561973,15.722992540974122,9.443783489895655e-05,65.30196664136353,1.3465051558960766,0.7337631615434946,4.0085763517887776e-08,imerg,155,228994,0.168,0.159,0.168,0.159,0.168,0.0,0.0,,0.551,"[0.89, 1.43, 4.27]"
72,0.1604269295963984,32.90177576995773,15.93842572158635,2.1152472561628273e-06,115.39145436250831,1.7140483716861252,0.6544735253639776,5.2702792446771206e-08,era5land,155,228994,0.645,0.524,0.645,0.088,0.084,0.0,0.561,2017-06-12 00:00:00,0.551,"[0.54, 0.82, 2.35]"
72,0.1604269295963984,32.90177576995773,15.93842572158635,2.1152472561628273e-06,115.39145436250831,1.7140483716861252,0.6544735253639776,5.2702792446771206e-08,imerg,155,228994,0.645,0.524,0.645,0.154,0.168,0.0,0.477,2017-06-12 00:00:00,0.551,"[0.54, 0.82, 2.35]"
73,7.091140876384163,33.25711429909707,16.820123197425488,2.2901695765866126e-07,71.09456847088316,3.7067698710024994,0.7719018971957958,1.4056444829095446e-08,era5land,155,228994,0.039,0.031,0.032,0.011,0.019,0.006,0.013,2017-06-12 18:00:00,0.551,"[1.3, 1.99, 5.77]"
73,7.091140876384163,33.25711429909707,16.820123197425488,2.2901695765866126e-07,71.09456847088316,3.7067698710024994,0.7719018971957958,1.4056444829095446e-08,imerg,155,228994,0.039,0.03,0.032,0.011,0.019,0.006,0.013,2017-06-12 18:00:00,0.551,"[1.31, 2.0, 5.78]"
74,10.430080394920353,28.274587633238983,18.433828541884317,1.5555261546836628e-07,225.73980082949112,2.312870179716697,0.7019492558227806,5.476572762310777e-08,era5land,155,228994,0.006,0.005,0.006,0.002,0.0,0.0,0.006,2017-06-12 00:00:00,0.551,"[1.38, 1.94, 5.34]"
74,10.430080394920353,28.274587633238983,18.433828541884317,1.5555261546836628e-07,225.73980082949112,2.312870179716697,0.7019492558227806,5.476572762310777e-08,imerg,155,228994,0.006,0.005,0.006,0.002,0.0,0.0,0.006,2017-06-12 00:00:00,0.551,"[1.38, 1.94, 5.34]"
75,3.5964214418798757,38.05063637818617,16.733133703527898,1.6756576359203634e-06,107.774331814176,2.071568772505565,0.8470016083316136,8.025612092834526e-08,era5land,155,228994,0.123,0.126,0.123,0.003,0.006,0.0,0.116,2017-06-12 00:00:00,0.551,"[0.97, 1.42, 4.01]"
75,3.5964214418798757,38.05063637818617,16.733133703527898,1.6756576359203634e-06,107.774331814176,2.071568772505565,0.8470016083316136,8.025612092834526e-08,imerg,155,228994,0.123,0.126,0.123,0.006,0.006,0.0,0.116,2017-06-12 00:00:00,0.551,"[0.97, 1.42, 4.01]"
76,4.537914467385005,37.424269849854966,18.295411059930075,2.160257203294651e-07,57.47521411956928,3.9238124881747707,0.9801728260240774,1.9241122015179783e-08,era5land,155,228994,0.006,0.009,0.006,0.004,0.006,0.0,0.0,,0.551,"[1.61, 2.46, 7.13]"
76,4.537914467385005,37.424269849854966,18.295411059930075,2.160257203294651e-07,57.47521411956928,3.9238124881747707,0.9801728260240774,1.9241122015179783e-08,imerg,155,228994,0.006,0.009,0.006,0.004,0.006,0.0,0.0,,0.551,"[1.62, 2.46, 7.13]"
77,1.0260207044838483,34.24024020627158,18.01356348205191,4.782437180084525e-06,30.098607323623774,2.696269172900905,0.5793294370346032,2.0277057036233143e-08,era5land,155,228994,0.458,0.36,0.458,0.066,0.077,0.0,0.381,2017-06-12 03:00:00,0.551,"[0.68, 1.03, 2.96]"
77,1.0260207044838483,34.24024020627158,18.01356348205191,4.782437180084525e-06,30.098607323623774,2.696269172900905,0.5793294370346032,2.0277057036233143e-08,imerg,155,228994,0.458,0.36,0.458,0.066,0.077,0.0,0.381,2017-06-12 08:00:00,0.551,"[0.68, 1.03, 2.96]"
78,8.131854997448217,31.310226124213813,17.867090891101274,3.081586494332016e-07,13.846374535045861,2.956880493078605,0.6301842187339735,1.0897195133824796e-08,era5land,155,228994,0.019,0.016,0.019,0.014,0.019,0.0,0.0,,0.551,"[1.36, 2.01, 5.7]"
78,8.131854997448217,31.310226124213813,17.867090891101274,3.081586494332016e-07,13.846374535045861,2.956880493078605,0.6301842187339735,1.0897195133824796e-08,imerg,155,228994,0.019,0.016,0.019,0.014,0.019,0.0,0.0,,0.551,"[1.36, 2.01, 5.69]"
79,0.8580850561492633,35.48073573650369,16.997245641940204,1.4406812198089163e-07,371.6577546423269,3.9742230968886814,0.7425348911669803,1.983931203126148e-09,era5land,155,228994,0.503,0.382,0.445,0.034,0.045,0.039,0.4,2017-06-12 11:00:00,0.551,"[0.65, 1.0, 3.02]"
79,0.8580850561492633,35.48073573650369,16.997245641940204,1.4406812198089163e-07,371.6577546423269,3.9742230968886814,0.7425348911669803,1.983931203126148e-09,imerg,155,228994,0.471,0.369,0.445,0.034,0.045,0.065,0.361,2017-06-12 13:00:00,0.551,"[0.65, 1.02, 3.06]"
80,0.007248799472381484,36.46856990520092,17.680470436620023,1.412734663422301e-06,58.797446987207934,2.5116720543550715,0.9415923073060091,9.719563020402387e-09,era5land,155,228994,0.471,0.366,0.471,0.015,0.019,0.0,0.452,2017-06-12 02:00:00,0.551,"[0.67, 1.02, 2.95]"
80,0.007248799472381484,36.46856990520092,17.680470436620023,1.412734663422301e-06,58.797446987207934,2.5116720543550715,0.9415923073060091,9.719563020402387e-09,imerg,155,228994,0.471,0.366,0.471,0.015,0.019,0.0,0.452,2017-06-12 04:00:00,0.551,"[0.67, 1.02, 2.95]"
81,6.298389494775711,32.29083667516676,16.946188744530698,4.019877212131442e-07,29.2276813296138,1.949535820156596,0.9826867967845143,2.208980427725719e-08,era5land,155,228994,0.065,0.051,0.039,0.002,0.0,0.026,0.039,2017-06-12 21:30:00,0.551,"[1.23, 1.97, 5.88]"
81,6.298389494775711,32.29083667516676,16.946188744530698,4.019877212131442e-07,29.2276813296138,1.949535820156596,0.9826867967845143,2.208980427725719e-08,imerg,155,228994,0.065,0.049,0.039,0.002,0.0,0.026,0.039,2017-06-12 22:30:00,0.551,"[1.24, 1.98, 5.9]"
82,6.452691103023544,30.604089707985185,19.325103032278257,2.9146704907625534e-06,182.2776208440393,3.886581534250573,0.8114577598421171,2.067511819777564e-09,era5land,155,228994,0.271,0.25,0.271,0.026,0.032,0.0,0.239,2017-06-12 00:00:00,0.551,"[0.8, 1.19, 3.36]"
82,6.452691103023544,30.604089707985185,19.325103032278257,2.9146704907625534e-06,182.2776208440393,3.886581534250573,0.8114577598421171,2.067511819777564e-09,imerg,155,228994,0.271,0.25,0.271,0.028,0.039,0.0,0.232,2017-06-12 07:00:00,0.551,"[0.8, 1.19, 3.36]"
83,10.73054450415917,34.5379722183107,20.29588560662527,1.226587457287439e-07,72.43300516422164,2.335136870225674,0.7115531311851144,7.386017917627243e-08,era5land,155,228994,0.0,0.0,0.0,0.0,0.0,0.0,0.0,,0.551,"[1.79, 2.54, 7.2]"
83,10.73054450415917,34.5379722183107,20.29588560662527,1.226587457287439e-07,72.43300516422164,2.335136870225674,0.7115531311851144,7.386017917627243e-08,imerg,155,228994,0.0,0.0,0.0,0.0,0.0,0.0,0.0,,0.551,"[1.79, 2.54, 7.25]"
84,7.913389408582948,32.706556028080456,19.399231408447257,8.091652594761178e-05,169.11819368526076,3.725225312885016,0.6639757791071018,1.3831486024576852e-08,era5land,155,228994,0.019,0.018,0.019,0.018,0.019,0.0,0.0,,0.551,"[1.35, 2.01, 5.71]"
84,7.913389408582948,32.706556028080456,19.399231408447257,8.091652594761178e-05,169.11819368526076,3.725225312885016,0.6639757791071018,1.3831486024576852e-08,imerg,155,228994,0.039,0.028,0.039,0.028,0.039,0.0,0.0,,0.551,"[1.29, 1.93, 5.54]"
85,1.927900054226725,33.35073908725542,15.995114571509927,1.2337734972157616e-06,20.77886936921461,1.329929933149432,0.5382599488740478,2.0736798072661988e-08,era5land,155,228994,0.361,0.299,0.361,0.044,0.065,0.0,0.297,2017-06-12 00:00:00,0.551,"[0.76, 1.11, 3.14]"
85,1.927900054226725,33.35073908725542,15.995114571509927,1.2337734972157616e-06,20.77886936921461,1.329929933149432,0.5382599488740478,2.0736798072661988e-08,imerg,155,228994,0.361,0.299,0.361,0.044,0.065,0.0,0.297,2017-06-12 00:00:00,0.551,"[0.76, 1.11, 3.14]"
86,5.415234268912691,32.479656379421385,17.1181614147149,3.393447553560082e-06,493.12523604632463,3.4916433379219214,0.5249404345399775,6.863365023346164e-09,era5land,155,228994,0.316,0.277,0.316,0.05,0.065,0.0,0.252,2017-06-12 00:00:00,0.551,"[0.78, 1.14, 3.24]"
86,5.415234268912691,32.479656379421385,17.1181614147149,3.393447553560082e-06,493.12523604632463,3.4916433379219214,0.5249404345399775,6.863365023346164e-09,imerg,155,228994,0.316,0.277,0.316,0.115,0.116,0.0,0.2,2017-06-12 00:00:00,0.551,"[0.78, 1.14, 3.24]"
87,9.38956273310314,31.73243493643762,20.983367252400658,2.598220155162645e-06,26.064152570199926,2.2207877661895226,0.7691158428710707,1.4580015437748017e-08,era5land,155,228994,0.065,0.04,0.065,0.003,0.006,0.0,0.058,2017-06-12 03:00:00,0.551,"[1.18, 1.7, 4.75]"
87,9.38956273310314,31.73243493643762,20.983367252400658,2.598220155162645e-06,26.064152570199926,2.2207877661895226,0.7691158428710707,1.4580015437748017e-08,imerg,155,228994,0.065,0.04,0.065,0.003,0.006,0.0,0.058,2017-06-12 06:00:00,0.551,"[1.18, 1.7, 4.75]"
88,8.347717945669965,28.062674584648324,17.623595911165758,3.594174071228669e-07,25.387557970807066,2.8367524111718803,0.7807557674043097,1.8988441856700756e-08,era5land,155,228994,0.039,0.029,0.032,0.013,0.019,0.006,0.013,2017-06-12 17:00:00,0.551,"[1.28, 1.92, 5.47]"
88,8.347717945669965,28.062674584648324,17.623595911165758,3.594174071228669e-07,25.387557970807066,2.8367524111718803,0.7807557674043097,1.8988441856700756e-08,imerg,155,228994,0.039,0.029,0.032,0.013,0.019,0.006,0.013,2017-06-12 15:00:00,0.551,"[1.28, 1.92, 5.47]"
89,11.417361048584164,37.82226600635332,21.03373140457976,2.315848221525294e-06,118.10489438208202,3.5753441654044,0.6410412157687122,2.5033083929369074e-09,era5land,155,228994,0.045,0.034,0.045,0.003,0.006,0.0,0.039,2017-06-12 00:00:00,0.551,"[1.22, 1.79, 5.05]"
89,11.417361048584164,37.82226600635332,21.03373140457976,2.315848221525294e-06,118.10489438208202,3.5753441654044,0.6410412157687122,2.5033083929369074e-09,imerg,155,228994,0.045,0.034,0.045,0.003,0.006,0.0,0.039,2017-06-12 00:00:00,0.551,"[1.22, 1.79, 5.05]"
90,7.894100278412755,31.5655821620909,16.21179903342724,1.057576813501573e-06,69.80746866263594,2.537108996385018,0.6241946870139932,1.917776968172779e-09,era5land,155,228994,0.123,0.125,0.123,0.008,0.006,0.0,0.116,2017-06-12 00:00:00,0.551,"[0.97, 1.4, 3.89]"
90,7.894100278412755,31.5655821620909,16.21179903342724,1.057576813501573e-06,69.80746866263594,2.537108996385018,0.6241946870139932,1.917776968172779e-09,imerg,155,228994,0.123,0.125,0.123,0.009,0.006,0.0,0.116,2017-06-12 00:00:00,0.551,"[0.97, 1.4, 3.89]"
91,8.48263594798739,36.334785615129356,16.957123994401456,3.146307089103497e-07,29.498046707934012,2.4641027825457895,0.6750042937390421,8.17182283170953e-09,era5land,155,228994,0.019,0.014,0.013,0.001,0.0,0.013,0.006,2017-06-13 02:00:00,0.551,"[1.5, 2.28, 6.59]"
91,8.48263594798739,36.334785615129356,16.957123994401456,3.146307089103497e-07,29.498046707934012,2.4641027825457895,0.6750042937390421,8.17182283170953e-09,imerg,155,228994,0.019,0.014,0.013,0.001,0.0,0.013,0.006,2017-06-13 02:00:00,0.551,"[1.5, 2.28, 6.59]"
92,8.463714918286673,37.567972060844,20.322085651701986,1.0672228627924532e-05,84.41402347701857,3.1250658377094456,0.9564508781393015,6.823724370717102e-08,era5land,155,228994,0.065,0.052,0.065,0.001,0.0,0.0,0.065,2017-06-12 00:30:00,0.551,"[1.14, 1.68, 4.75]"
92,8.463714918286673,37.567972060844,20.322085651701986,1.0672228627924532e-05,84.41402347701857,3.1250658377094456,0.9564508781393015,6.823724370717102e-08,imerg,155,228994,0.065,0.052,0.065,0.002,0.0,0.0,0.065,2017-06-12 02:30:00,0.551,"[1.14, 1.68, 4.75]"
93,10.300517104351698,33.87779901705645,16.465093152165856,3.938166228466038e-05,14.953043864964322,1.9222381362490284,0.952690203000022,1.2132454594048697e-08,era5land,155,228994,0.0,0.0,0.0,0.0,0.0,0.0,0.006,2017-06-12 01:00:00,0.55,"[1.37, 1.94, 5.34]"
93,10.300517104351698,33.87779901705645,16.465093152165856,3.938166228466038e-05,14.953043864964322,1.9222381362490284,0.952690203000022,1.2132454594048697e-08,imerg,155,228994,0.0,0.0,0.0,0.0,0.0,0.0,0.006,2017-06-12 04:00:00,0.55,"[1.37, 1.94, 5.34]"
94,9.348953004064558,37.48745335525724,17.35748083499292,1.128516643308679e-06,349.66572707668524,2.0020845763164337,0.7396452074915765,4.302956900452175e-08,era5land,155,228994,0.006,0.007,0.006,0.0,0.0,0.0,0.006,2017-06-12 00:00:00,0.551,"[1.39, 1.99, 5.53]"
94,9.348953004064558,37.48745335525724,17.35748083499292,1.128516643308679e-06,349.66572707668524,2.0020845763164337,0.7396452074915765,4.302956900452175e-08,imerg,155,228994,0.006,0.007,0.006,0.007,0.006,0.0,0.0,,0.551,"[1.39, 1.99, 5.53]"
95,10.106691221779148,33.70189366734639,20.64352468110954,5.0812737773989844e-05,294.166715587839,2.917823739266553,0.8570624693176492,2.4689036755271043e-09,era5land,155,228994,0.006,0.003,0.006,0.003,0.006,0.0,0.0,,0.551,"[1.67, 2.47, 7.02]"
95,10.106691221779148,33.70189366734639,20.64352468110954,5.0812737773989844e-05,294.166715587839,2.917823739266553,0.8570624693176492,2.4689036755271043e-09,imerg,155,228994,0.019,0.012,0.019,0.012,0.019,0.0,0.0,,0.551,"[1.5, 2.26, 6.51]"
96,9.928902872915415,32.00897388008864,20.057611190642405,2.7789785850700563e-07,362.68955405408235,3.2193849807592825,0.8084484229433629,7.23467629766358e-09,era5land,155,228994,0.084,0.084,0.084,0.006,0.006,0.0,0.077,2017-06-12 00:00:00,0.551,"[1.05, 1.53, 4.29]"
96,9.928902872915415,32.00897388008864,20.057611190642405,2.7789785850700563e-07,362.68955405408235,3.2193849807592825,0.8084484229433629,7.23467629766358e-09,imerg,155,228994,0.084,0.084,0.084,0.006,0.006,0.0,0.077,2017-06-12 00:00:00,0.551,"[1.05, 1.53, 4.29]"
97,4.876232950175694,32.34890507007276,17.08802012351935,9.7872770256999e-07,117.29206124193698,1.8785301832949606,0.5950122618116656,3.4416948012436373e-09,era5land,155,228994,0.168,0.154,0.168,0.015,0.019,0.0,0.148,2017-06-12 00:00:00,0.551,"[0.93, 1.35, 3.77]"
97,4.876232950175694,32.34890507007276,17.08802012351935,9.7872770256999e-07,117.29206124193698,1.8785301832949606,0.5950122618116656,3.4416948012436373e-09,imerg,155,228994,0.168,0.154,0.168,0.019,0.026,0.0,0.142,2017-06-12 00:00:00,0.551,"[0.93, 1.35, 3.77]"
98,5.843253827879698,36.06518510384285,18.94569121751416,4.727483215410739e-05,45.57698340758917,1.1050899747569727,0.9946899193855998,1.5381481532890285e-09,era5land,155,228994,0.0,0.0,0.0,0.0,0.0,0.0,0.0,,0.552,"[2.16, 3.17, 8.94]"
98,5.843253827879698,36.06518510384285,18.94569121751416,4.727483215410739e-05,45.57698340758917,1.1050899747569727,0.9946899193855998,1.5381481532890285e-09,imerg,155,228994,0.0,0.002,0.0,0.002,0.0,0.0,0.0,,0.551,"[1.94, 2.9, 8.3]"
99,2.00470520698247,30.639126461127006,18.7600230399078,9.51082915517439e-06,75.60440666747641,1.730872870390403,0.5282419236041809,4.87886137018547e-08,era5land,155,228994,0.084,0.084,0.31,0.084,0.084,0.0,0.316,2017-06-12 00:00:00,0.549,"[1.06, 1.58, 3.08]"
99,2.00470520698247,30.639126461127006,18.7600230399078,9.51082915517439e-06,75.60440666747641,1.730872870390403,0.5282419236041809,4.87886137018547e-08,imerg,155,228994,0.135,0.134,0.361,0.134,0.135,0.0,0.265,2017-06-12 00:00:00,0.551,"[0.95, 1.45, 3.08]"
100,0.3081688578019409,33.075881516852384,16.38481353680863,1.470888116426685e-07,31.34479997716405,1.0816115111868032,0.8400169822912059,2.946813660317691e-09,era5land,155,228994,0.594,0.466,0.529,0.038,0.065,0.052,0.458,2017-06-12 12:00:00,0.551,"[0.59, 0.89, 2.71]"
100,0.3081688578019409,33.075881516852384,16.38481353680863,1.470888116426685e-07,31.34479997716405,1.0816115111868032,0.8400169822912059,2.946813660317691e-09,imerg,155,228994,0.568,0.448,0.516,0.038,0.065,0.058,0.426,2017-06-12 15:00:00,0.551,"[0.59, 0.9, 2.78]"
101,11.374058249302859,28.023171643800442,18.000819090115034,1.8434612597953368e-07,17.05523899967959,2.612248913489433,0.5124653290890697,2.675448485296737e-09,era5land,155,228994,0.019,0.01,0.013,0.008,0.006,0.006,0.006,2017-06-13 01:00:00,0.551,"[1.39, 2.01, 5.64]"
101,11.374058249302859,28.023171643800442,18.000819090115034,1.8434612597953368e-07,17.05523899967959,2.612248913489433,0.5124653290890697,2.675448485296737e-09,imerg,155,228994,0.019,0.01,0.013,0.008,0.006,0.006,0.006,2017-06-12 22:30:00,0.551,"[1.39, 2.01, 5.64]"
102,2.6092158081669186,32.3830248094949,18.59158272225183,5.38907919393577e-06,73.69715626651232,3.308385039584534,0.7222485625773007,1.6105019039294626e-08,era5land,155,228994,0.432,0.333,0.432,0.044,0.065,0.0,0.368,2017-06-12 02:00:00,0.551,"[0.71, 1.07, 3.05]"
102,2.6092158081669186,32.3830248094949,18.59158272225183,5.38907919393577e-06,73.69715626651232,3.308385039584534,0.7222485625773007,1.6105019039294626e-08,imerg,155,228994,0.432,0.333,0.432,0.046,0.065,0.0,0.368,2017-06-12 09:00:00,0.551,"[0.71, 1.07, 3.05]"
103,6.418674588012393,36.70376856279644,19.903971035688834,3.091603555745681e-05,243.39777915491197,3.4837529010589914,0.6325510422001247,1.2803966188429295e-09,era5land,155,228994,0.019,0.011,0.019,0.011,0.019,0.0,0.0,,0.551,"[1.46, 2.18, 6.24]"
103,6.418674588012393,36.70376856279644,19.903971035688834,3.091603555745681e-05,243.39777915491197,3.4837529010589914,0.6325510422001247,1.2803966188429295e-09,imerg,155,228994,0.032,0.023,0.032,0.023,0.032,0.0,0.0,,0.551,"[1.35, 2.05, 5.92]"
104,7.5410363654160735,28.239808200382342,20.12123435195245,3.712978015629222e-07,21.837894459997276,3.4063709019369095,0.8317488998524414,3.075476083848937e-08,era5land,155,228994,0.045,0.033,0.039,0.026,0.032,0.006,0.006,2017-06-12 18:30:00,0.551,"[1.25, 1.87, 5.34]"
104,7.5410363654160735,28.239808200382342,20.12123435195245,3.712978015629222e-07,21.837894459997276,3.4063709019369095,0.8317488998524414,3.075476083848937e-08,imerg,155,228994,0.045,0.033,0.039,0.026,0.032,0.006,0.006,2017-06-12 16:30:00,0.551,"[1.25, 1.87, 5.33]"
105,2.68683222564496,33.48489625929312,19.08757621734847,5.6722908482785e-07,155.18885451569113,2.9658035097382007,0.8987967356413563,6.000848180485364e-09,era5land,155,228994,0.31,0.27,0.31,0.018,0.019,0.0,0.29,2017-06-12 02:00:00,0.551,"[0.78, 1.16, 3.32]"
105,2.68683222564496,33.48489625929312,19.08757621734847,5.6722908482785e-07,155.18885451569113,2.9658035097382007,0.8987967356413563,6.000848180485364e-09,imerg,155,228994,0.31,0.27,0.31,0.018,0.019,0.0,0.29,2017-06-12 04:00:00,0.551,"[0.78, 1.16, 3.32]"
106,8.93331433757363,34.0363582911798,16.550126051508485,1.2419685139289753e-07,42.94718466419125,1.430114179140849,0.8201467183583808,7.739183196261992e-09,era5land,155,228994,0.0,0.0,0.0,0.0,0.0,0.0,0.0,,0.551,"[1.63, 2.51, 7.3]"
106,8.93331433757363,34.0363582911798,16.550126051508485,1.2419685139289753e-07,42.94718466419125,1.430114179140849,0.8201467183583808,7.739183196261992e-09,imerg,155,228994,0.0,0.0,0.0,0.0,0.0,0.0,0.0,,0.551,"[1.67, 2.56, 7.41]"
107,1.8673976275302493,32.738708007283364,18.418773449419742,2.9747771972300576e-06,46.990586824227314,2.0857653081506573,0.8228822963859026,3.536268028713862e-09,era5land,155,228994,0.394,0.317,0.394,0.027,0.039,0.0,0.355,2017-06-12 00:00:00,0.551,"[0.73, 1.09, 3.11]"
107,1.8673976275302493,32.738708007283364,18.418773449419742,2.9747771972300576e-06,46.990586824227314,2.0857653081506573,0.8228822963859026,3.536268028713862e-09,imerg,155,228994,0.394,0.317,0.394,0.029,0.039,0.0,0.355,2017-06-12 03:00:00,0.551,"[0.73, 1.09, 3.11]"
108,3.300313322548557,34.762439475515684,17.097259280971265,2.1997617114594782e-07,24.19680932696285,2.6764358949549982,0.8795462521007327,9.042557853329092e-08,era5land,155,228994,0.019,0.013,0.019,0.008,0.006,0.0,0.013,2017-06-12 14:00:00,0.551,"[1.48, 2.23, 6.43]"
108,3.300313322548557,34.762439475515684,17.097259280971265,2.1997617114594782e-07,24.19680932696285,2.6764358949549982,0.8795462521007327,9.042557853329092e-08,imerg,155,228994,0.019,0.013,0.019,0.008,0.006,0.0,0.013,2017-06-12 09:30:00,0.551,"[1.48, 2.23, 6.43]"
109,8.577281945223005,28.59439636408448,18.981075647658372,9.102428379017508e-07,339.89700376903494,2.6232015511732305,0.945072328107585,1.6533127756727698e-08,era5land,155,228994,0.116,0.122,0.116,0.007,0.006,0.0,0.11,2017-06-12 00:00:00,0.551,"[0.98, 1.41, 3.93]"
109,8.577281945223005,28.59439636408448,18.981075647658372,9.102428379017508e-07,339.89700376903494,2.6232015511732305,0.945072328107585,1.6533127756727698e-08,imerg,155,228994,0.116,0.122,0.116,0.011,0.019,0.0,0.097,2017-06-12 00:00:00,0.551,"[0.98, 1.41, 3.93]"
110,2.2044813053095527,30.017717547986834,16.528695507416547,1.3467196994305208e-05,12.533397321610265,2.1403749332612874,0.8930224135953913,8.66569654705032e-09,era5land,155,228994,0.542,0.433,0.542,0.033,0.045,0.0,0.497,2017-06-12 14:00:00,0.551,"[0.63, 0.93, 2.65]"
110,2.2044813053095527,30.017717547986834,16.528695507416547,1.3467196994305208e-05,12.533397321610265,2.1403749332612874,0.8930224135953913,8.66569654705032e-09,imerg,155,228994,0.542,0.433,0.445,0.034,0.045,0.168,0.329,2017-06-12 23:00:00,0.551,"[0.63, 0.93, 2.65]"
111,3.443167250331613,36.1662256257237,20.881803205006307,1.193335282813362e-07,36.16023135446297,1.4393213325749403,0.6036215442926023,8.72495947805725e-08,era5land,155,228994,0.006,0.002,0.006,0.002,0.006,0.0,0.0,,0.551,"[1.7, 2.43, 6.73]"
111,3.443167250331613,36.1662256257237,20.881803205006307,1.193335282813362e-07,36.16023135446297,1.4393213325749403,0.6036215442926023,8.72495947805725e-08,imerg,155,228994,0.006,0.002,0.006,0.002,0.006,0.0,0.0,,0.551,"[1.7, 2.43, 6.73]"
112,11.239208580623274,33.20772835824167,15.792000976048916,1.27195998994272e-07,202.03715681140912,1.6077829831406238,0.5939752993176045,4.326737747340619e-08,era5land,155,228994,0.0,0.0,0.0,0.0,0.0,0.0,0.0,,0.551,"[1.96, 2.73, 7.43]"
112,11.239208580623274,33.20772835824167,15.792000976048916,1.27195998994272e-07,202.03715681140912,1.6077829831406238,0.5939752993176045,4.326737747340619e-08,imerg,155,228994,0.0,0.0,0.0,0.0,0.0,0.0,0.0,,0.551,"[1.96, 2.73, 7.43]"
113,3.1592602764922724,30.23655884341577,17.23475551026616,1.2610748811568217e-05,125.7873008174545,2.126819972469739,0.9337429605873763,1.6437101611181956e-09,era5land,155,228994,0.032,0.02,0.032,0.02,0.032,0.0,0.348,2017-06-12 00:00:00,0.551,"[1.35, 2.01, 5.75]"
113,3.1592602764922724,30.23655884341577,17.23475551026616,1.2610748811568217e-05,125.7873008174545,2.126819972469739,0.9337429605873763,1.6437101611181956e-09,imerg,155,228994,0.065,0.045,0.065,0.045,0.065,0.0,0.348,2017-06-12 00:00:00,0.551,"[1.21, 1.85, 5.37]"
114,1.5366193942608828,29.9187049364967,19.557685781353825,7.174387161635756e-07,171.4781313162811,1.219103614750447,0.9794981259861044,2.8315405506751122e-09,era5land,155,228994,0.361,0.307,0.361,0.026,0.032,0.0,0.329,2017-06-12 00:00:00,0.551,"[0.74, 1.1, 3.14]"
114,1.5366193942608828,29.9187049364967,19.557685781353825,7.174387161635756e-07,171.4781313162811,1.219103614750447,0.9794981259861044,2.8315405506751122e-09,imerg,155,228994,0.361,0.307,0.361,0.058,0.071,0.0,0.29,2017-06-12 00:00:00,0.551,"[0.74, 1.1, 3.14]"
115,4.8548930952729705,29.030322681396097,18.393718111263023,1.7783347690074625e-07,132.54576652898643,1.8943698903449617,0.6198729122482587,1.2152695253735675e-09,era5land,155,228994,0.2,0.192,0.2,0.03,0.039,0.0,0.161,2017-06-12 00:00:00,0.551,"[0.88, 1.27, 3.57]"
115,4.8548930952729705,29.030322681396097,18.393718111263023,1.7783347690074625e-07,132.54576652898643,1.8943698903449617,0.6198729122482587,1.2152695253735675e-09,imerg,155,228994,0.2,0.192,0.2,0.03,0.039,0.0,0.161,2017-06-12 00:00:00,0.551,"[0.88, 1.27, 3.57]"
116,7.138916714175398,30.122698704646517,21.01455821917564,7.497898331556728e-07,18.3668961927954,1.2417332907034235,0.8863826566814115,1.2972596257296205e-09,era5land,155,228994,0.019,0.013,0.019,0.0,0.0,0.0,0.019,2017-06-12 00:00:00,0.551,"[1.31, 1.88, 5.21]"
116,7.138916714175398,30.122698704646517,21.01455821917564,7.497898331556728e-07,18.3668961927954,1.2417332907034235,0.8863826566814115,1.2972596257296205e-09,imerg,155,228994,0.019,0.013,0.019,0.0,0.0,0.0,0.019,2017-06-12 00:00:00,0.551,"[1.31, 1.88, 5.21]"
117,10.680188856560882,32.56179356415156,19.693598563932195,9.226440672724212e-07,60.32160980342423,1.2081579983343378,0.910927097783983,4.180526653493014e-09,era5land,155,228994,0.0,0.0,0.0,0.0,0.0,0.0,0.0,,0.551,"[1.78, 2.51, 6.9]"
117,10.680188856560882,32.56179356415156,19.693598563932195,9.226440672724212e-07,60.32160980342423,1.2081579983343378,0.910927097783983,4.180526653493014e-09,imerg,155,228994,0.0,0.0,0.0,0.0,0.0,0.0,0.0,,0.551,"[1.78, 2.51, 6.9]"
118,5.445645389506106,29.409478111016806,19.64093921347444,2.1275647910041094e-06,20.279089383030552,2.2729805246589563,0.6015534568295766,2.5421681986190976e-08,era5land,155,228994,0.2,0.185,0.2,0.035,0.045,0.0,0.155,2017-06-12 07:30:00,0.551,"[0.88, 1.29, 3.63]"
118,5.445645389506106,29.409478111016806,19.64093921347444,2.1275647910041094e-06,20.279089383030552,2.2729805246589563,0.6015534568295766,2.5421681986190976e-08,imerg,155,228994,0.2,0.185,0.2,0.035,0.045,0.0,0.155,2017-06-12 11:00:00,0.551,"[0.88, 1.29, 3.63]"
119,10.46102278845847,34.664683124589374,19.484873099249608,1.6338843466179098e-06,11.007635657587718,1.844971135334863,0.6217971528732659,3.1282967181463605e-09,era5land,155,228994,0.006,0.005,0.006,0.0,0.0,0.0,0.006,2017-06-12 00:00:00,0.551,"[1.43, 2.04, 5.67]"
119,10.46102278845847,34.664683124589374,19.484873099249608,1.6338843466179098e-06,11.007635657587718,1.844971135334863,0.6217971528732659,3.1282967181463605e-09,imerg,155,228994,0.006,0.005,0.006,0.0,0.0,0.0,0.006,2017-06-12 03:00:00,0.551,"[1.43, 2.04, 5.67]"
120,6.897423825824823,34.656911380777714,18.556797258096672,2.8847874301370312e-05,25.24225684475141,1.6471202894564356,0.7813099620426551,2.6964140605857383e-09,era5land,155,228994,0.0,0.001,0.0,0.001,0.0,0.0,0.032,2017-06-12 00:00:00,0.551,"[1.8, 2.64, 7.45]"
120,6.897423825824823,34.656911380777714,18.556797258096672,2.8847874301370312e-05,25.24225684475141,1.6471202894564356,0.7813099620426551,2.6964140605857383e-09,imerg,155,228994,0.0,0.002,0.0,0.002,0.0,0.0,0.032,2017-06-12 00:00:00,0.551,"[1.75, 2.58, 7.32]"
121,5.679650455608864,29.44871847136856,17.950641022207783,8.458889101157229e-07,26.63350961025483,1.5583241359973643,0.9631046717842938,2.2306990510639364e-08,era5land,155,228994,0.084,0.084,0.084,0.003,0.006,0.0,0.077,2017-06-12 00:30:00,0.551,"[1.05, 1.5, 4.17]"
121,5.679650455608864,29.44871847136856,17.950641022207783,8.458889101157229e-07,26.63350961025483,1.5583241359973643,0.9631046717842938,2.2306990510639364e-08,imerg,155,228994,0.084,0.084,0.084,0.003,0.006,0.0,0.077,2017-06-12 03:30:00,0.551,"[1.05, 1.5, 4.17]"
122,2.993628910754092,28.972709530530942,16.01743462994216,6.973509358128554e-07,399.4976639619087,1.8399697953811753,0.680662402136175,1.3461921876902384e-08,era5land,155,228994,0.465,0.361,0.465,0.052,0.065,0.0,0.4,2017-06-12 00:00:00,0.551,"[0.71, 1.03, 2.88]"
122,2.993628910754092,28.972709530530942,16.01743462994216,6.973509358128554e-07,399.4976639619087,1.8399697953811753,0.680662402136175,1.3461921876902384e-08,imerg,155,228994,0.465,0.361,0.465,0.117,0.116,0.0,0.348,2017-06-12 00:00:00,0.551,"[0.71, 1.03, 2.88]"
123,2.171092589631113,30.264313185943074,18.80648495077388,1.7503202140197817e-06,27.952004218470982,2.6944363942730942,0.7999390296918536,6.070692160016495e-08,era5land,155,228994,0.458,0.353,0.458,0.051,0.065,0.0,0.394,2017-06-12 17:00:00,0.551,"[0.7, 1.04, 2.96]"
123,2.171092589631113,30.264313185943074,18.80648495077388,1.7503202140197817e-06,27.952004218470982,2.6944363942730942,0.7999390296918536,6.070692160016495e-08,imerg,155,228994,0.458,0.353,0.419,0.051,0.065,0.077,0.316,2017-06-12 19:00:00,0.551,"[0.7, 1.04, 2.96]"
124,4.798332939556697,36.40193222516162,19.981542099254085,2.179817118273998e-06,278.20326239516174,3.656349400021435,0.5162566493348697,9.55459475124227e-08,era5land,155,228994,0.129,0.129,0.129,0.023,0.032,0.0,0.097,2017-06-12 00:00:00,0.551,"[0.96, 1.43, 4.07]"
124,4.798332939556697,36.40193222516162,19.981542099254085,2.179817118273998e-06,278.20326239516174,3.656349400021435,0.5162566493348697,9.55459475124227e-08,imerg,155,228994,0.129,0.129,0.129,0.031,0.039,0.0,0.09,2017-06-12 00:00:00,0.551,"[0.96, 1.43, 4.07]"
125,0.3875014565471965,36.24845341756678,19.174623312138568,5.099176296079104e-07,57.81635609004558,1.1181777970894444,0.7515000414776392,3.383867836687441e-09,era5land,155,228994,0.303,0.267,0.303,0.024,0.032,0.0,0.271,2017-06-12 00:00:00,0.551,"[0.77, 1.17, 3.37]"
125,0.3875014565471965,36.24845341756678,19.174623312138568,5.099176296079104e-07,57.81635609004558,1.1181777970894444,0.7515000414776392,3.383867836687441e-09,imerg,155,228994,0.303,0.267,0.303,0.025,0.032,0.0,0.271,2017-06-12 00:00:00,0.551,"[0.77, 1.17, 3.37]"
126,6.498082205861298,28.156253538971637,16.002656353511117,1.023211675514071e-07,17.527551480177518,2.0186447826310037,0.5916048292036848,7.069336253985014e-08,era5land,155,228994,0.006,0.004,0.006,0.004,0.006,0.0,0.0,,0.551,"[1.53, 2.21, 6.17]"
126,6.498082205861298,28.156253538971637,16.002656353511117,1.023211675514071e-07,17.527551480177518,2.0186447826310037,0.5916048292036848,7.069336253985014e-08,imerg,155,228994,0.006,0.004,0.006,0.004,0.006,0.0,0.0,,0.551,"[1.53, 2.21, 6.18]"
127,9.7843618968975,33.669315646241316,20.030930447784332,2.5279700852071434e-07,332.66919754886584,2.277525975976425,0.7851757927802896,5.392526467696745e-09,era5land,155,228994,0.032,0.026,0.032,0.001,0.0,0.0,0.032,2017-06-12 00:00:00,0.551,"[1.24, 1.79, 5.01]"
127,9.7843618968975,33.669315646241316,20.030930447784332,2.5279700852071434e-07,332.66919754886584,2.277525975976425,0.7851757927802896,5.392526467696745e-09,imerg,155,228994,0.032,0.026,0.032,0.001,0.0,0.0,0.032,2017-06-12 00:00:00,0.551,"[1.24, 1.79, 5.01]"
128,9.119491126426471,30.344706113830636,16.989391012836737,1.9026769177795615e-07,306.6150581332983,1.3632633695190557,0.8370841499290129,3.5505229132179913e-09,era5land,155,228994,0.0,0.0,0.0,0.0,0.0,0.0,0.0,,0.551,"[1.51, 2.12, 5.79]"
128,9.119491126426471,30.344706113830636,16.989391012836737,1.9026769177795615e-07,306.6150581332983,1.3632633695190557,0.8370841499290129,3.5505229132179913e-09,imerg,155,228994,0.0,0.0,0.0,0.0,0.0,0.0,0.0,,0.551,"[1.51, 2.12, 5.79]"
129,8.899163557748116,37.718115124747044,18.844945213888785,1.5881402512397195e-06,178.39642081419527,2.7503224152339203,0.8540573093645061,2.443125924674051e-08,era5land,155,228994,0.058,0.037,0.058,0.001,0.0,0.0,0.058,2017-06-12 00:00:00,0.551,"[1.2, 1.74, 4.89]"
129,8.899163557748116,37.718115124747044,18.844945213888785,1.5881402512397195e-06,178.39642081419527,2.7503224152339203,0.8540573093645061,2.443125924674051e-08,imerg,155,228994,0.058,0.037,0.058,0.002,0.0,0.0,0.058,2017-06-12 00:00:00,0.551,"[1.2, 1.74, 4.89]"
130,10.643291537423234,34.83439222949002,19.718498046442285,7.518923685329166e-05,41.59666769604991,3.5983452027211107,0.7234358933812745,1.5869613404333564e-09,era5land,155,228994,0.006,0.005,0.006,0.005,0.006,0.0,0.071,2017-06-12 02:00:00,0.544,"[1.59, 2.35, 4.45]"
130,10.643291537423234,34.83439222949002,19.718498046442285,7.518923685329166e-05,41.59666769604991,3.5983452027211107,0.7234358933812745,1.5869613404333564e-09,imerg,155,228994,0.006,0.005,0.006,0.005,0.006,0.0,0.071,2017-06-12 09:00:00,0.544,"[1.57, 2.33, 4.45]"
131,8.419382583052759,36.969435193277164,19.990354007093305,6.085849916601601e-06,35.13925574162726,1.5658046509304486,0.9605979294105564,2.4142689204594303e-08,era5land,155,228994,0.006,0.005,0.006,0.0,0.0,0.0,0.006,2017-06-12 00:00:00,0.551,"[1.45, 2.09, 5.84]"
131,8.419382583052759,36.969435193277164,19.990354007093305,6.085849916601601e-06,35.13925574162726,1.5658046509304486,0.9605979294105564,2.4142689204594303e-08,imerg,155,228994,0.006,0.005,0.006,0.0,0.0,0.0,0.006,2017-06-12 00:00:00,0.551,"[1.45, 2.09, 5.84]"
132,6.936410362027604,31.773157350181275,17.063519206909536,1.4357159757464455e-07,91.7087780684122,3.194562469426901,0.5042560045777571,8.531219908788553e-08,era5land,155,228994,0.006,0.006,0.006,0.006,0.006,0.0,0.0,,0.551,"[1.38, 1.96, 5.6]"
132,6.936410362027604,31.773157350181275,17.063519206909536,1.4357159757464455e-07,91.7087780684122,3.194562469426901,0.5042560045777571,8.531219908788553e-08,imerg,155,228994,0.006,0.006,0.006,0.006,0.006,0.0,0.0,,0.551,"[1.38, 1.97, 5.62]"
133,7.3430140658758205,31.43255642706162,18.32143051858528,5.47520692991717e-06,360.53320662026954,3.610560392562913,0.7379868758809367,1.4737669691314824e-09,era5land,155,228994,0.213,0.211,0.213,0.02,0.026,0.0,0.187,2017-06-12 00:00:00,0.551,"[0.85, 1.25, 3.52]"
133,7.3430140658758205,31.43255642706162,18.32143051858528,5.47520692991717e-06,360.53320662026954,3.610560392562913,0.7379868758809367,1.4737669691314824e-09,imerg,155,228994,0.213,0.211,0.213,0.04,0.065,0.0,0.148,2017-06-12 00:00:00,0.551,"[0.85, 1.25, 3.52]"
134,8.51045491039607,34.255066402678956,18.71883540596368,3.7247871196939795e-05,236.83895013009712,2.0997592461671957,0.621219292560061,3.015462208762942e-08,era5land,155,228994,0.006,0.002,0.006,0.002,0.006,0.0,0.0,,0.551,"[1.64, 2.4, 6.78]"
134,8.51045491039607,34.255066402678956,18.71883540596368,3.7247871196939795e-05,236.83895013009712,2.0997592461671957,0.621219292560061,3.015462208762942e-08,imerg,155,228994,0.032,0.027,0.032,0.027,0.032,0.0,0.0,,0.551,"[1.33, 2.04, 5.89]"
135,1.0688130122436859,29.05515465224026,16.27211581878621,1.1249121355795552e-07,342.18285266767407,2.5074427842668077,0.9310142103416013,3.0343364731085115e-09,era5land,155,228994,0.665,0.544,0.665,0.058,0.071,0.0,0.594,2017-06-12 03:00:00,0.551,"[0.53, 0.8, 2.28]"
135,1.0688130122436859,29.05515465224026,16.27211581878621,1.1249121355795552e-07,342.18285266767407,2.5074427842668077,0.9310142103416013,3.0343364731085115e-09,imerg,155,228994,0.665,0.544,0.665,0.058,0.071,0.0,0.594,2017-06-12 06:00:00,0.551,"[0.53, 0.8, 2.28]"
136,8.187614919485618,30.465658701295936,17.407558704327812,2.446578054717965e-07,58.66268572684308,1.3827899224528652,0.8646439231065255,7.244525127767514e-08,era5land,155,228994,0.0,0.0,0.0,0.0,0.0,0.0,0.0,,0.551,"[1.62, 2.28, 6.22]"
136,8.187614919485618,30.465658701295936,17.407558704327812,2.446578054717965e-07,58.66268572684308,1.3827899224528652,0.8646439231065255,7.244525127767514e-08,imerg,155,228994,0.0,0.0,0.0,0.0,0.0,0.0,0.0,,0.551,"[1.62, 2.28, 6.22]"
137,8.606017404055086,36.669892710482976,15.74872482188349,2.2728555787153727e-05,44.38808879737381,3.120602847933005,0.5499076663385583,7.713932835033666e-08,era5land,155,228994,0.09,0.103,0.09,0.006,0.006,0.0,0.084,2017-06-12 00:00:00,0.551,"[1.01, 1.46, 4.08]"
137,8.606017404055086,36.669892710482976,15.74872482188349,2.2728555787153727e-05,44.38808879737381,3.120602847933005,0.5499076663385583,7.713932835033666e-08,imerg,155,228994,0.09,0.103,0.09,0.007,0.006,0.0,0.084,2017-06-12 02:00:00,0.551,"[1.01, 1.46, 4.08]"
138,0.9532613600731054,36.76197503715967,19.03391287156046,4.7281959635229613e-07,147.27867991947238,2.9832378602495506,0.6707139777935086,3.901613133371408e-08,era5land,155,228994,0.206,0.203,0.206,0.025,0.032,0.0,0.174,2017-06-12 00:00:00,0.551,"[0.85, 1.28, 3.65]"
138,0.9532613600731054,36.76197503715967,19.03391287156046,4.7281959635229613e-07,147.27867991947238,2.9832378602495506,0.6707139777935086,3.901613133371408e-08,imerg,155,228994,0.206,0.203,0.206,0.025,0.032,0.0,0.174,2017-06-12 00:00:00,0.551,"[0.85, 1.28, 3.65]"
139,10.483301146034485,27.957037537244236,18.646606476939976,3.293409448112363e-07,387.7802332542139,2.008718723870014,0.7362738032028809,1.3030501259280828e-08,era5land,155,228994,0.032,0.022,0.032,0.001,0.0,0.0,0.032,2017-06-12 00:00:00,0.551,"[1.24, 1.76, 4.85]"
139,10.483301146034485,27.957037537244236,18.646606476939976,3.293409448112363e-07,387.7802332542139,2.008718723870014,0.7362738032028809,1.3030501259280828e-08,imerg,155,228994,0.032,0.022,0.032,0.002,0.0,0.0,0.032,2017-06-12 00:00:00,0.551,"[1.24, 1.76, 4.85]"
140,3.0203483213162077,34.80895757498967,17.43865809827959,4.041671152991592e-06,217.4077845833535,1.3365438101784695,0.5328910478041351,2.8857372614167044e-08,era5land,155,228994,0.019,0.018,0.019,0.018,0.019,0.0,0.0,,0.551,"[1.35, 2.0, 5.68]"
140,3.0203483213162077,34.80895757498967,17.43865809827959,4.041671152991592e-06,217.4077845833535,1.3365438101784695,0.5328910478041351,2.8857372614167044e-08,imerg,155,228994,0.142,0.141,0.142,0.141,0.142,0.0,0.0,,0.551,"[0.95, 1.38, 3.89]"
141,7.1399463314464215,37.28112673528653,18.51945371993858,4.605071905607435e-06,150.48147163651254,2.8233345158221335,0.6618230778843053,3.221756832495492e-08,era5land,155,228994,0.084,0.075,0.084,0.005,0.006,0.0,0.077,2017-06-12 00:00:00,0.551,"[1.07, 1.57, 4.43]"
141,7.1399463314464215,37.28112673528653,18.51945371993858,4.605071905607435e-06,150.48147163651254,2.8233345158221335,0.6618230778843053,3.221756832495492e-08,imerg,155,228994,0.084,0.075,0.084,0.009,0.006,0.0,0.077,2017-06-12 00:00:00,0.551,"[1.07, 1.57, 4.43]"
142,3.865814466015699,35.50690910914396,21.00741095487731,2.0578829488442396e-06,422.03347537337265,3.5635158468853163,0.7292699257192008,8.296114793383866e-08,era5land,155,228994,0.142,0.148,0.142,0.017,0.019,0.0,0.123,2017-06-12 00:00:00,0.551,"[0.93, 1.39, 3.96]"
142,3.865814466015699,35.50690910914396,21.00741095487731,2.0578829488442396e-06,422.03347537337265,3.5635158468853163,0.7292699257192008,8.296114793383866e-08,imerg,155,228994,0.142,0.148,0.142,0.03,0.039,0.0,0.103,2017-06-12 00:00:00,0.551,"[0.93, 1.39, 3.96]"
143,8.107163926430916,34.999713277208755,15.83925576479297,1.77071805455467e-05,40.864117983848615,2.9263563768805407,0.5342313522755424,4.002054197617619e-09,era5land,155,228994,0.116,0.121,0.116,0.009,0.006,0.0,0.11,2017-06-12 00:00:00,0.551,"[0.98, 1.41, 3.94]"
143,8.107163926430916,34.999713277208755,15.83925576479297,1.77071805455467e-05,40.864117983848615,2.9263563768805407,0.5342313522755424,4.002054197617619e-09,imerg,155,228994,0.116,0.121,0.116,0.011,0.019,0.0,0.097,2017-06-12 04:00:00,0.551,"[0.98, 1.41, 3.94]"
144,9.444441832106575,32.31104404680269,16.86430826676594,6.723120804146949e-05,11.090392729117063,2.164931315581255,0.895721942407615,2.9237821614955233e-08,era5land,155,228994,0.032,0.024,0.039,0.0,0.0,0.0,0.045,2017-06-12 10:00:00,0.55,"[1.19, 1.69, 4.68]"
144,9.444441832106575,32.31104404680269,16.86430826676594,6.723120804146949e-05,11.090392729117063,2.164931315581255,0.895721942407615,2.9237821614955233e-08,imerg,155,228994,0.032,0.024,0.039,0.0,0.0,0.0,0.045,2017-06-12 15:00:00,0.55,"[1.19, 1.69, 4.68]"
145,1.6551706730348532,37.081658816104984,17.270004116472265,1.4353983191845808e-06,22.33266393383533,2.4159267204517256,0.7903686134334935,1.2540881568288925e-09,era5land,155,228994,0.348,0.285,0.265,0.014,0.019,0.09,0.239,2017-06-12 21:00:00,0.551,"[0.76, 1.14, 3.49]"
145,1.6551706730348532,37.081658816104984,17.270004116472265,1.4353983191845808e-06,22.33266393383533,2.4159267204517256,0.7903686134334935,1.2540881568288925e-09,imerg,155,228994,0.348,0.285,0.206,0.014,0.019,0.142,0.187,2017-06-13 00:00:00,0.551,"[0.76, 1.14, 3.62]"
146,11.31038094809163,30.439852708678693,17.85393680714318,3.9180181822379635e-07,12.265418756094613,2.8860373710018026,0.5019321118296296,5.558502498701878e-08,era5land,155,228994,0.006,0.008,0.006,0.006,0.006,0.0,0.0,,0.551,"[1.45, 2.11, 5.93]"
146,11.31038094809163,30.439852708678693,17.85393680714318,3.9180181822379635e-07,12.265418756094613,2.8860373710018026,0.5019321118296296,5.558502498701878e-08,imerg,155,228994,0.006,0.008,0.006,0.006,0.006,0.0,0.0,,0.551,"[1.45, 2.11, 5.92]"
147,2.444757610309835,36.5841154496516,19.860637843853297,1.8924960381620204e-06,13.69901541781246,3.2872305618266355,0.8732958172038452,4.9119078324481484e-08,era5land,155,228994,0.065,0.048,0.045,0.011,0.019,0.026,0.019,2017-06-13 02:00:00,0.551,"[1.24, 1.97, 5.84]"
147,2.444757610309835,36.5841154496516,19.860637843853297,1.8924960381620204e-06,13.69901541781246,3.2872305618266355,0.8732958172038452,4.9119078324481484e-08,imerg,155,228994,0.065,0.043,0.039,0.011,0.019,0.026,0.019,2017-06-13 05:00:00,0.551,"[1.26, 1.99, 5.9]"
148,3.6368536286137316,37.76158681336245,17.286260329959326,4.5952724496560877e-07,22.659090610352127,2.4280700086567437,0.9045924178173845,1.1271230619542332e-08,era5land,155,228994,0.032,0.024,0.019,0.004,0.006,0.013,0.013,2017-06-12 22:30:00,0.551,"[1.43, 2.24, 6.6]"
148,3.6368536286137316,37.76158681336245,17.286260329959326,4.5952724496560877e-07,22.659090610352127,2.4280700086567437,0.9045924178173845,1.1271230619542332e-08,imerg,155,228994,0.032,0.023,0.019,0.004,0.006,0.013,0.013,2017-06-12 23:00:00,0.551,"[1.43, 2.25, 6.61]"
149,1.098903029148259,36.30986192735124,20.909442366492232,1.1661852211229443e-06,62.52838680315371,1.6435547102203574,0.5001924922372821,1.6739357647262546e-08,era5land,155,228994,0.2,0.181,0.2,0.04,0.065,0.0,0.135,2017-06-12 00:00:00,0.551,"[0.88, 1.32, 3.8]"
149,1.098903029148259,36.30986192735124,20.909442366492232,1.1661852211229443e-06,62.52838680315371,1.6435547102203574,0.5001924922372821,1.6739357647262546e-08,imerg,155,228994,0.2,0.181,0.2,0.043,0.065,0.0,0.135,2017-06-12 00:00:00,0.551,"[0.88, 1.32, 3.8]"
150,7.288963776854724,32.86339951179998,16.647802977866846,3.895874890540807e-06,67.3811802554177,3.8900125205229203,0.6056463081329422,2.6392057306312535e-08,era5land,155,228994,0.265,0.235,0.265,0.025,0.032,0.0,0.232,2017-06-12 03:00:00,0.551,"[0.83, 1.21, 3.39]"
150,7.288963776854724,32.86339951179998,16.647802977866846,3.895874890540807e-06,67.3811802554177,3.8900125205229203,0.6056463081329422,2.6392057306312535e-08,imerg,155,228994,0.265,0.235,0.265,0.026,0.032,0.0,0.232,2017-06-12 07:00:00,0.551,"[0.83, 1.21, 3.39]"
151,10.845004991197195,37.808709690275165,21.039251396550032,7.6557900371223e-06,74.63603158308518,2.05930172095037,0.5220673484786365,2.211350791109735e-09,era5land,155,228994,0.0,0.003,0.006,0.0,0.0,0.0,0.006,2017-06-12 00:00:00,0.551,"[1.47, 2.12, 5.93]"
151,10.845004991197195,37.808709690275165,21.039251396550032,7.6557900371223e-06,74.63603158308518,2.05930172095037,0.5220673484786365,2.211350791109735e-09,imerg,155,228994,0.0,0.004,0.006,0.002,0.0,0.0,0.006,2017-06-12 00:00:00,0.551,"[1.47, 2.12, 5.93]"
152,4.49904070627509,36.270555965150734,20.038733085843578,1.545105420863584e-06,124.5184603230803,1.3910112415967961,0.894485538225321,4.503806810218629e-09,era5land,155,228994,0.065,0.045,0.065,0.001,0.0,0.0,0.065,2017-06-12 00:00:00,0.551,"[1.16, 1.7, 4.79]"
152,4.49904070627509,36.270555965150734,20.038733085843578,1.545105420863584e-06,124.5184603230803,1.3910112415967961,0.894485538225321,4.503806810218629e-09,imerg,155,228994,0.065,0.045,0.065,0.012,0.019,0.0,0.045,2017-06-12 00:00:00,0.551,"[1.16, 1.7, 4.79]"
153,2.4916838980357614,36.2780401213817,20.84134185565127,6.467072192062276e-07,271.32509528023803,1.5525351947870834,0.8224725043688821,8.754668543159832e-09,era5land,155,228994,0.116,0.114,0.116,0.008,0.006,0.0,0.11,2017-06-12 00:00:00,0.551,"[0.99, 1.47, 4.19]"
153,2.4916838980357614,36.2780401213817,20.84134185565127,6.467072192062276e-07,271.32509528023803,1.5525351947870834,0.8224725043688821,8.754668543159832e-09,imerg,155,228994,0.116,0.114,0.116,0.022,0.032,0.0,0.084,2017-06-12 00:00:00,0.551,"[0.99, 1.47, 4.19]"
154,1.7697719881560505,29.696112580474715,19.49674931267426,6.2041414758098425e-06,13.398274200426256,2.9455554159346913,0.7548048126809996,6.612620177396636e-08,era5land,155,228994,0.51,0.392,0.342,0.073,0.084,0.2,0.226,2017-06-13 01:00:00,0.551,"[0.66, 0.99, 2.98]"
154,1.7697719881560505,29.696112580474715,19.49674931267426,6.2041414758098425e-06,13.398274200426256,2.9455554159346913,0.7548048126809996,6.612620177396636e-08,imerg,155,228994,0.503,0.386,0.265,0.073,0.084,0.206,0.181,2017-06-13 04:00:00,0.551,"[0.66, 0.99, 3.18]"
155,10.003862194810745,36.73168369984057,17.644442459203876,1.2844451513727317e-07,488.31327290483756,2.3989858377851876,0.8180500303720628,2.3384123376202813e-09,era5land,155,228994,0.019,0.019,0.019,0.0,0.0,0.0,0.019,2017-06-12 00:00:00,0.551,"[1.28, 1.84, 5.14]"
155,10.003862194810745,36.73168369984057,17.644442459203876,1.2844451513727317e-07,488.31327290483756,2.3989858377851876,0.8180500303720628,2.3384123376202813e-09,imerg,155,228994,0.019,0.019,0.019,0.0,0.0,0.0,0.019,2017-06-12 00:00:00,0.551,"[1.28, 1.84, 5.14]"
156,0.8030710909832661,35.920526138755264,21.18092127540202,4.226420913311448e-07,232.8074108855566,3.2099468263219175,0.8344368100427216,6.239401477056115e-08,era5land,155,228994,0.142,0.143,0.142,0.018,0.019,0.0,0.123,2017-06-12 00:00:00,0.551,"[0.94, 1.4, 4.01]"
156,0.8030710909832661,35.920526138755264,21.18092127540202,4.226420913311448e-07,232.8074108855566,3.2099468263219175,0.8344368100427216,6.239401477056115e-08,imerg,155,228994,0.142,0.143,0.142,0.018,0.019,0.0,0.123,2017-06-12 00:00:00,0.551,"[0.94, 1.4, 4.01]"
157,0.6888648500060861,34.00765350947448,19.848878515022538,1.943939089809453e-07,179.4476226428364,2.0241427064035946,0.5192702615019488,1.0199824001927649e-09,era5land,155,228994,0.361,0.303,0.361,0.075,0.084,0.0,0.277,2017-06-12 00:00:00,0.551,"[0.74, 1.11, 3.2]"
157,0.6888648500060861,34.00765350947448,19.848878515022538,1.943939089809453e-07,179.4476226428364,2.0241427064035946,0.5192702615019488,1.0199824001927649e-09,imerg,155,228994,0.361,0.303,0.361,0.075,0.084,0.0,0.277,2017-06-12 00:00:00,0.551,"[0.74, 1.11, 3.2]"
158,4.409866849578757,32.6091055344386,17.142303346743123,2.2022784808637986e-06,211.63724665352532,3.6249366882580434,0.9990144097072162,1.8760131549352518e-08,era5land,155,228994,0.381,0.314,0.381,0.011,0.019,0.0,0.361,2017-06-12 00:00:00,0.551,"[0.74, 1.09, 3.1]"
158,4.409866849578757,32.6091055344386,17.142303346743123,2.2022784808637986e-06,211.63724665352532,3.6249366882580434,0.9990144097072162,1.8760131549352518e-08,imerg,155,228994,0.381,0.314,0.381,0.014,0.019,0.0,0.361,2017-06-12 04:00:00,0.551,"[0.74, 1.09, 3.1]"
159,7.55978080018182,34.35487804738946,15.836398407841642,1.655681845265992e-05,13.657782610751799,2.7372552682686644,0.8449898414318763,2.6892637834544407e-08,era5land,155,228994,0.129,0.13,0.123,0.002,0.006,0.039,0.084,2017-06-12 17:00:00,0.551,"[0.97, 1.39, 3.89]"
159,7.55978080018182,34.35487804738946,15.836398407841642,1.655681845265992e-05,13.657782610751799,2.7372552682686644,0.8449898414318763,2.6892637834544407e-08,imerg,155,228994,0.129,0.13,0.077,0.003,0.006,0.058,0.065,2017-06-13 01:00:00,0.551,"[0.97, 1.39, 4.26]"
160,1.6351390824473946,37.937196157299596,18.57815828659506,6.226511881583713e-07,186.6885151980186,1.6067911340835748,0.5091432087285265,1.1029588211815386e-08,era5land,155,228994,0.181,0.169,0.181,0.025,0.032,0.0,0.148,2017-06-12 00:00:00,0.551,"[0.9, 1.34, 3.83]"
160,1.6351390824473946,37.937196157299596,18.57815828659506,6.226511881583713e-07,186.6885151980186,1.6067911340835748,0.5091432087285265,1.1029588211815386e-08,imerg,155,228994,0.181,0.169,0.181,0.038,0.065,0.0,0.116,2017-06-12 00:00:00,0.551,"[0.9, 1.34, 3.83]"
161,11.50871917983059,31.823487643974776,16.365784531596706,1.1674754344879745e-05,10.819897118830317,3.4991319698632783,0.5638370731995378,1.675949458317408e-09,era5land,155,228994,0.097,0.104,0.077,0.009,0.006,0.019,0.071,2017-06-12 14:30:00,0.551,"[1.01, 1.48, 4.42]"
161,11.50871917983059,31.823487643974776,16.365784531596706,1.1674754344879745e-05,10.819897118830317,3.4991319698632783,0.5638370731995378,1.675949458317408e-09,imerg,155,228994,0.097,0.104,0.065,0.009,0.006,0.032,0.058,2017-06-12 19:00:00,0.551,"[1.01, 1.57, 4.64]"
162,8.013058205934879,33.49656043196119,16.068851572935674,6.658443292589179e-05,22.236299404117293,3.833994306019407,0.8024208575549464,3.796686980304109e-09,era5land,155,228994,0.219,0.217,0.135,0.008,0.006,0.11,0.103,2017-06-13 02:00:00,0.551,"[0.85, 1.31, 4.14]"
162,8.013058205934879,33.49656043196119,16.068851572935674,6.658443292589179e-05,22.236299404117293,3.833994306019407,0.8024208575549464,3.796686980304109e-09,imerg,155,228994,0.2,0.199,0.084,0.008,0.006,0.116,0.077,2017-06-13 06:00:00,0.551,"[0.85, 1.38, 4.3]"
163,2.321517965647201,36.63869468930699,17.476122554984347,4.188884096872404e-06,17.37045771949504,1.2581644918841517,0.9290731921236371,2.8416288574346572e-08,era5land,155,228994,0.161,0.15,0.161,0.003,0.006,0.0,0.155,2017-06-12 00:30:00,0.551,"[0.93, 1.37, 3.88]"
163,2.321517965647201,36.63869468930699,17.476122554984347,4.188884096872404e-06,17.37045771949504,1.2581644918841517,0.9290731921236371,2.8416288574346572e-08,imerg,155,228994,0.161,0.15,0.161,0.005,0.006,0.0,0.155,2017-06-12 07:00:00,0.551,"[0.93, 1.37, 3.88]"
164,6.859741190389068,29.471801529319173,15.812627061359212,1.0510777498217542e-05,302.64946881934884,3.8439507752763933,0.5141272477572345,1.6233628444700455e-09,era5land,155,228994,0.329,0.215,0.452,0.074,0.084,0.0,0.368,2017-06-12 00:00:00,0.571,"[0.88, 1.14, 2.92]"
164,6.859741190389068,29.471801529319173,15.812627061359212,1.0510777498217542e-05,302.64946881934884,3.8439507752763933,0.5141272477572345,1.6233628444700455e-09,imerg,155,228994,0.361,0.26,0.452,0.118,0.116,0.0,0.335,2017-06-12 00:00:00,0.565,"[0.85, 1.08, 2.92]"
165,8.27219536531921,35.440093359471,16.172348176279637,1.833228295551148e-05,105.53322397749822,2.987553695744929,0.817396506874732,7.811554111463699e-08,era5land,155,228994,0.0,0.002,0.032,0.002,0.0,0.0,0.103,2017-06-12 00:00:00,0.559,"[1.28, 1.72, 4.04]"
165,8.27219536531921,35.440093359471,16.172348176279637,1.833228295551148e-05,105.53322397749822,2.987553695744929,0.817396506874732,7.811554111463699e-08,imerg,155,228994,0.006,0.005,0.039,0.005,0.006,0.0,0.097,2017-06-12 00:00:00,0.56,"[1.28, 1.69, 4.04]"
166,9.874714152568364,32.92203272282019,17.306070527193498,7.083778395100607e-05,63.198668387693935,1.6972837100455944,0.6155213677540232,4.677847532949598e-08,era5land,155,228994,0.0,0.0,0.0,0.0,0.0,0.0,0.0,,0.551,"[1.86, 2.69, 7.51]"
166,9.874714152568364,32.92203272282019,17.306070527193498,7.083778395100607e-05,63.198668387693935,1.6972837100455944,0.6155213677540232,4.677847532949598e-08,imerg,155,228994,0.0,0.001,0.0,0.001,0.0,0.0,0.0,,0.551,"[1.74, 2.54, 7.14]"
167,4.353660357402085,32.55758160471131,16.403515836279087,2.3698575996198617e-07,103.62408082682634,2.474493264120879,0.7253076408865767,2.984811885806931e-09,era5land,155,228994,0.277,0.259,0.271,0.018,0.019,0.006,0.252,2017-06-12 14:30:00,0.551,"[0.8, 1.17, 3.43]"
167,4.353660357402085,32.55758160471131,16.403515836279087,2.3698575996198617e-07,103.62408082682634,2.474493264120879,0.7253076408865767,2.984811885806931e-09,imerg,155,228994,0.277,0.259,0.265,0.018,0.019,0.019,0.239,2017-06-12 16:00:00,0.551,"[0.8, 1.17, 3.53]"
168,8.813656722861559,38.017734114208324,18.87708089911974,2.3614359626464534e-05,15.960723101064662,2.1975810191127576,0.531422007285271,3.6753433449619362e-09,era5land,155,228994,0.026,0.019,0.026,0.001,0.0,0.0,0.026,2017-06-12 01:00:00,0.551,"[1.29, 1.87, 5.25]"
168,8.813656722861559,38.017734114208324,18.87708089911974,2.3614359626464534e-05,15.960723101064662,2.1975810191127576,0.531422007285271,3.6753433449619362e-09,imerg,155,228994,0.026,0.019,0.026,0.002,0.0,0.0,0.026,2017-06-12 04:00:00,0.551,"[1.29, 1.87, 5.25]"
169,4.2220578943296125,36.53681984267182,19.57049190034225,2.6265064489560853e-06,385.24236998699706,3.158553247679569,0.9022201951512798,1.534217453124763e-08,era5land,155,228994,0.168,0.154,0.168,0.007,0.006,0.0,0.161,2017-06-12 00:00:00,0.551,"[0.92, 1.37, 3.92]"
169,4.2220578943296125,36.53681984267182,19.57049190034225,2.6265064489560853e-06,385.24236998699706,3.158553247679569,0.9022201951512798,1.534217453124763e-08,imerg,155,228994,0.168,0.154,0.168,0.019,0.019,0.0,0.148,2017-06-12 00:00:00,0.551,"[0.92, 1.37, 3.92]"
170,10.190047308646717,29.980129769815797,18.273282887446296,3.3354447979882004e-06,15.689169315303252,1.239818878766683,0.5999716045787474,2.062816507597508e-09,era5land,155,228994,0.0,0.0,0.0,0.0,0.0,0.0,0.0,,0.551,"[1.67, 2.35, 6.42]"
170,10.190047308646717,29.980129769815797,18.273282887446296,3.3354447979882004e-06,15.689169315303252,1.239818878766683,0.5999716045787474,2.062816507597508e-09,imerg,155,228994,0.0,0.0,0.0,0.0,0.0,0.0,0.0,,0.551,"[1.67, 2.35, 6.42]"
171,8.959610838763414,38.02564085858587,15.954913866122569,1.5084421881905205e-07,81.93615551664142,1.416081850540262,0.942903599533774,6.176033833732165e-08,era5land,155,228994,0.0,0.0,0.0,0.0,0.0,0.0,0.0,,0.551,"[2.1, 2.94, 8.01]"
171,8.959610838763414,38.02564085858587,15.954913866122569,1.5084421881905205e-07,81.93615551664142,1.416081850540262,0.942903599533774,6.176033833732165e-08,imerg,155,228994,0.0,0.0,0.0,0.0,0.0,0.0,0.0,,0.551,"[2.1, 2.94, 8.01]"
172,10.066762602474887,36.65885152648977,17.035063028086864,1.0345666982475622e-06,451.9775817637888,3.257876237842619,0.9888143922680661,1.6009540794154303e-08,era5land,155,228994,0.071,0.06,0.071,0.0,0.0,0.0,0.071,2017-06-12 00:00:00,0.551,"[1.11, 1.61, 4.5]"
172,10.066762602474887,36.65885152648977,17.035063028086864,1.0345666982475622e-06,451.9775817637888,3.257876237842619,0.9888143922680661,1.6009540794154303e-08,imerg,155,228994,0.071,0.06,0.071,0.002,0.0,0.0,0.071,2017-06-12 00:00:00,0.551,"[1.11, 1.61, 4.5]"
173,9.110014257150414,28.689486127811488,20.63282036249963,9.631704693718333e-05,21.541011964176665,3.029833682137135,0.7165987815769888,5.825103753446838e-08,era5land,155,228994,0.026,0.019,0.084,0.019,0.026,0.0,0.116,2017-06-12 07:00:00,0.534,"[1.32, 1.68, 3.86]"
173,9.110014257150414,28.689486127811488,20.63282036249963,9.631704693718333e-05,21.541011964176665,3.029833682137135,0.7165987815769888,5.825103753446838e-08,imerg,155,228994,0.032,0.021,0.09,0.021,0.032,0.0,0.11,2017-06-12 15:00:00,0.534,"[1.31, 1.67, 3.86]"
174,3.3902467624686814,33.84264351097025,19.58563393440578,4.524485600210101e-07,192.62260096552006,2.7685333025605487,0.5775281743916483,6.843378931447836e-08,era5land,155,228994,0.135,0.131,0.135,0.028,0.039,0.0,0.097,2017-06-12 00:00:00,0.551,"[0.96, 1.41, 3.99]"
174,3.3902467624686814,33.84264351097025,19.58563393440578,4.524485600210101e-07,192.62260096552006,2.7685333025605487,0.5775281743916483,6.843378931447836e-08,imerg,155,228994,0.135,0.131,0.135,0.028,0.039,0.0,0.097,2017-06-12 00:00:00,0.551,"[0.96, 1.41, 3.99]"
175,1.5688825448536041,32.64503083370405,19.34094453063562,1.9321803378674084e-06,81.63428377895016,2.0554537381884463,0.8679711500706476,1.4185276197018278e-08,era5land,155,228994,0.361,0.302,0.361,0.027,0.032,0.0,0.329,2017-06-12 00:00:00,0.551,"[0.74, 1.11, 3.18]"
175,1.5688825448536041,32.64503083370405,19.34094453063562,1.9321803378674084e-06,81.63428377895016,2.0554537381884463,0.8679711500706476,1.4185276197018278e-08,imerg,155,228994,0.361,0.302,0.361,0.031,0.039,0.0,0.323,2017-06-12 00:00:00,0.551,"[0.74, 1.11, 3.18]"
176,10.514435994907297,36.91229995139483,19.41566908807862,1.0049820982759916e-07,17.78922266156015,2.235986448649008,0.5729163811767501,7.475280122431084e-08,era5land,155,228994,0.0,0.0,0.0,0.0,0.0,0.0,0.0,,0.551,"[2.09, 3.03, 8.47]"
176,10.514435994907297,36.91229995139483,19.41566908807862,1.0049820982759916e-07,17.78922266156015,2.235986448649008,0.5729163811767501,7.475280122431084e-08,imerg,155,228994,0.0,0.0,0.0,0.0,0.0,0.0,0.0,,0.551,"[2.09, 3.03, 8.47]"
177,1.3039932863317216,34.33900320644109,18.326420811486866,1.0744916610392574e-06,356.30172100852025,2.4995784277022857,0.5650124571138051,2.356852384651384e-08,era5land,155,228994,0.368,0.311,0.368,0.06,0.071,0.0,0.297,2017-06-12 00:00:00,0.551,"[0.73, 1.1, 3.15]"
177,1.3039932863317216,34.33900320644109,18.326420811486866,1.0744916610392574e-06,356.30172100852025,2.4995784277022857,0.5650124571138051,2.356852384651384e-08,imerg,155,228994,0.368,0.311,0.368,0.098,0.09,0.0,0.277,2017-06-12 00:00:00,0.551,"[0.73, 1.1, 3.15]"
178,6.1651910839930135,36.78083605089621,21.193216140988323,3.2066290642072313e-05,10.481776280939723,1.1727141740302196,0.8489454945114074,1.3536005797025228e-08,era5land,155,228994,0.0,0.0,0.0,0.0,0.0,0.0,0.0,,0.545,"[2.02, 2.97, 5.8]"
178,6.1651910839930135,36.78083605089621,21.193216140988323,3.2066290642072313e-05,10.481776280939723,1.1727141740302196,0.8489454945114074,1.3536005797025228e-08,imerg,155,228994,0.0,0.0,0.0,0.0,0.0,0.0,0.0,,0.546,"[1.99, 2.93, 5.8]"
179,11.15568863290026,31.90869035465974,16.570486696347402,2.0531912990028178e-07,383.90186470616567,1.9085628748184504,0.7194003090948666,2.7879669705968602e-08,era5land,155,228994,0.0,0.0,0.0,0.0,0.0,0.0,0.0,,0.551,"[1.53, 2.15, 5.88]"
179,11.15568863290026,31.90869035465974,16.570486696347402,2.0531912990028178e-07,383.90186470616567,1.9085628748184504,0.7194003090948666,2.7879669705968602e-08,imerg,155,228994,0.0,0.0,0.0,0.0,0.0,0.0,0.0,,0.551,"[1.53, 2.15, 5.88]"
180,7.501982659623439,36.60810008334252,20.686084834298097,4.838591237096672e-06,347.77773370118996,2.9585693292547472,0.645567817663075,9.379469279388047e-09,era5land,155,228994,0.006,0.011,0.065,0.006,0.006,0.0,0.071,2017-06-12 00:00:00,0.55,"[1.18, 1.62, 4.58]"
180,7.501982659623439,36.60810008334252,20.686084834298097,4.838591237096672e-06,347.77773370118996,2.9585693292547472,0.645567817663075,9.379469279388047e-09,imerg,155,228994,0.032,0.028,0.077,0.023,0.032,0.0,0.045,2017-06-12 00:00:00,0.55,"[1.1, 1.62, 4.58]"
181,4.923087415961978,29.513841508408206,19.28047753306924,9.507014789654775e-07,51.958260125272325,3.6460391547481996,0.8052343203411311,7.631157001522917e-09,era5land,155,228994,0.258,0.229,0.168,0.041,0.065,0.077,0.103,2017-06-13 00:30:00,0.551,"[0.76, 1.29, 3.94]"
181,4.923087415961978,29.513841508408206,19.28047753306924,9.507014789654775e-07,51.958260125272325,3.6460391547481996,0.8052343203411311,7.631157001522917e-09,imerg,155,228994,0.219,0.216,0.168,0.041,0.065,0.058,0.09,2017-06-13 00:00:00,0.551,"[0.78, 1.31, 4.0]"
182,10.558227151406054,34.10681389464203,17.828551550765674,4.9086116696630275e-05,197.05152816388906,2.2391927976479664,0.990551863718929,4.123149456050032e-09,era5land,155,228994,0.0,0.0,0.0,0.0,0.0,0.0,0.0,,0.551,"[2.02, 2.96, 8.34]"
182,10.558227151406054,34.10681389464203,17.828551550765674,4.9086116696630275e-05,197.05152816388906,2.2391927976479664,0.990551863718929,4.123149456050032e-09,imerg,155,228994,0.006,0.003,0.006,0.003,0.006,0.0,0.0,,0.551,"[1.79, 2.68, 7.67]"
183,0.332209865731175,36.82072523978362,20.750162607772697,5.9793905759531595e-06,16.242223319428682,1.037485925823717,0.9217029844751627,1.4609949400879595e-09,era5land,155,228994,0.219,0.212,0.219,0.012,0.019,0.0,0.2,2017-06-12 00:00:00,0.551,"[0.84, 1.26, 3.65]"
183,0.332209865731175,36.82072523978362,20.750162607772697,5.9793905759531595e-06,16.242223319428682,1.037485925823717,0.9217029844751627,1.4609949400879595e-09,imerg,155,228994,0.219,0.212,0.219,0.017,0.019,0.0,0.2,2017-06-12 00:00:00,0.551,"[0.84, 1.26, 3.65]"
184,7.642300462971793,29.29011496400054,16.669368836723596,2.761107903716019e-06,14.780888098502329,1.7957021937255182,0.9554302077715979,1.8066270908922096e-08,era5land,155,228994,0.065,0.055,0.065,0.001,0.0,0.0,0.065,2017-06-12 05:00:00,0.551,"[1.11, 1.58, 4.37]"
184,7.642300462971793,29.29011496400054,16.669368836723596,2.761107903716019e-06,14.780888098502329,1.7957021937255182,0.9554302077715979,1.8066270908922096e-08,imerg,155,228994,0.065,0.055,0.065,0.001,0.0,0.0,0.065,2017-06-12 09:30:00,0.551,"[1.11, 1.58, 4.37]"
185,5.315434349263424,29.819922885987904,16.510760725465076,1.1677717547296747e-07,188.35303277752928,1.1460239997334103,0.9176096352485276,2.7286637048614826e-09,era5land,155,228994,0.039,0.03,0.039,0.0,0.0,0.0,0.039,2017-06-12 00:00:00,0.551,"[1.2, 1.69, 4.66]"
185,5.315434349263424,29.819922885987904,16.510760725465076,1.1677717547296747e-07,188.35303277752928,1.1460239997334103,0.9176096352485276,2.7286637048614826e-09,imerg,155,228994,0.039,0.03,0.039,0.0,0.0,0.0,0.039,2017-06-12 00:00:00,0.551,"[1.2, 1.69, 4.66]"
186,8.534223831187754,31.66031964415843,18.08205615869257,2.8428917600786515e-05,70.5068270645502,2.264546519546186,0.7960068727321341,3.379091648259429e-08,era5land,155,228994,0.006,0.003,0.006,0.003,0.006,0.0,0.0,,0.551,"[1.63, 2.39, 6.74]"
186,8.534223831187754,31.66031964415843,18.08205615869257,2.8428917600786515e-05,70.5068270645502,2.264546519546186,0.7960068727321341,3.379091648259429e-08,imerg,155,228994,0.006,0.006,0.006,0.006,0.006,0.0,0.0,,0.551,"[1.56, 2.31, 6.55]"
187,2.6264969841002026,28.733284860816013,18.85486796975895,3.0384146232637587e-05,461.49786259997285,3.2306633769567346,0.7833022680037722,1.7720271860422512e-09,era5land,155,228994,0.084,0.074,0.084,0.074,0.084,0.0,0.0,,0.551,"[1.09, 1.63, 4.69]"
187,2.6264969841002026,28.733284860816013,18.85486796975895,3.0384146232637587e-05,461.49786259997285,3.2306633769567346,0.7833022680037722,1.7720271860422512e-09,imerg,155,228994,0.174,0.166,0.174,0.166,0.174,0.0,0.0,,0.551,"[0.89, 1.4, 4.12]"
188,0.5849369747953623,32.02022773661062,18.067844456482327,3.659648416193077e-05,32.358637462781594,3.85027765864108,0.6382885140558192,4.549502246021299e-09,era5land,155,228994,0.568,0.452,0.568,0.094,0.084,0.0,0.484,2017-06-12 09:00:00,0.551,"[0.6, 0.91, 2.62]"
188,0.5849369747953623,32.02022773661062,18.067844456482327,3.659648416193077e-05,32.358637462781594,3.85027765864108,0.6382885140558192,4.549502246021299e-09,imerg,155,228994,0.568,0.452,0.548,0.096,0.09,0.026,0.452,2017-06-12 15:00:00,0.551,"[0.6, 0.91, 2.62]"
189,7.9509751110343565,29.217420370203712,20.963695336743868,1.6759212975588328e-07,16.956194700739882,1.0988647513642558,0.643926622477685,1.1849063109205076e-09,era5land,155,228994,0.0,0.002,0.0,0.0,0.0,0.0,0.0,,0.551,"[1.51, 2.26, 6.44]"
189,7.9509751110343565,29.217420370203712,20.963695336743868,1.6759212975588328e-07,16.956194700739882,1.0988647513642558,0.643926622477685,1.1849063109205076e-09,imerg,155,228994,0.0,0.002,0.0,0.0,0.0,0.0,0.0,,0.551,"[1.53, 2.28, 6.49]"
190,9.907951921702592,32.25742327111941,19.227866175381223,6.960090709348082e-06,38.34302095092858,3.9611497830917823,0.8152443039305919,1.3603348833191977e-09,era5land,155,228994,0.142,0.137,0.142,0.009,0.006,0.0,0.135,2017-06-12 06:00:00,0.551,"[0.95, 1.39, 3.92]"
190,9.907951921702592,32.25742327111941,19.227866175381223,6.960090709348082e-06,38.34302095092858,3.9611497830917823,0.8152443039305919,1.3603348833191977e-09,imerg,155,228994,0.142,0.137,0.142,0.009,0.006,0.0,0.135,2017-06-12 14:00:00,0.551,"[0.95, 1.39, 3.92]"
191,9.145703300601838,33.887691616427816,18.496547632784203,4.126459000736839e-07,277.0810994861625,3.101280223586898,0.7913184346791484,1.1965406992406154e-09,era5land,155,228994,0.084,0.088,0.084,0.004,0.006,0.0,0.077,2017-06-12 00:00:00,0.551,"[1.04, 1.51, 4.25]"
191,9.145703300601838,33.887691616427816,18.496547632784203,4.126459000736839e-07,277.0810994861625,3.101280223586898,0.7913184346791484,1.1965406992406154e-09,imerg,155,228994,0.084,0.088,0.084,0.004,0.006,0.0,0.077,2017-06-12 00:00:00,0.551,"[1.04, 1.51, 4.25]"
192,1.2163967171076817,31.692329567894816,16.5162367798719,7.386254546636223e-05,144.18774196420787,1.5025253853849772,0.9745196469726944,3.725334102272466e-08,era5land,155,228994,0.032,0.022,0.032,0.022,0.032,0.0,0.0,,0.551,"[1.34, 2.02, 5.81]"
192,1.2163967171076817,31.692329567894816,16.5162367798719,7.386254546636223e-05,144.18774196420787,1.5025253853849772,0.9745196469726944,3.725334102272466e-08,imerg,155,228994,0.116,0.122,0.116,0.122,0.116,0.0,0.0,,0.551,"[0.97, 1.57, 4.72]"
193,11.006257977520052,35.814249894890565,16.8021311850633,1.1427061409967072e-06,120.46533133888211,2.7946184742319593,0.9054113489389664,3.625886783658709e-09,era5land,155,228994,0.045,0.033,0.045,0.0,0.0,0.0,0.045,2017-06-12 00:00:00,0.551,"[1.2, 1.72, 4.79]"
193,11.006257977520052,35.814249894890565,16.8021311850633,1.1427061409967072e-06,120.46533133888211,2.7946184742319593,0.9054113489389664,3.625886783658709e-09,imerg,155,228994,0.045,0.033,0.045,0.0,0.0,0.0,0.045,2017-06-12 00:00:00,0.551,"[1.2, 1.72, 4.79]"
194,6.8422221302741555,35.95313310631926,18.175540142854466,3.7469479633948474e-05,131.89042987411557,3.2535732787075657,0.9596054673784598,4.972946537284928e-08,era5land,155,228994,0.006,0.003,0.006,0.003,0.006,0.0,0.0,,0.551,"[1.72, 2.57, 7.33]"
194,6.8422221302741555,35.95313310631926,18.175540142854466,3.7469479633948474e-05,131.89042987411557,3.2535732787075657,0.9596054673784598,4.972946537284928e-08,imerg,155,228994,0.006,0.006,0.006,0.006,0.006,0.0,0.0,,0.551,"[1.65, 2.48, 7.13]"
195,3.6215270757253775,31.524001134868115,19.3703972945925,4.4180607357638237e-07,14.462566713940802,2.3785958359691186,0.8856674109179237,1.152008954297601e-08,era5land,155,228994,0.045,0.034,0.039,0.018,0.019,0.006,0.019,2017-06-12 12:00:00,0.551,"[1.28, 1.95, 5.63]"
195,3.6215270757253775,31.524001134868115,19.3703972945925,4.4180607357638237e-07,14.462566713940802,2.3785958359691186,0.8856674109179237,1.152008954297601e-08,imerg,155,228994,0.045,0.033,0.039,0.018,0.019,0.006,0.019,2017-06-12 11:30:00,0.551,"[1.28, 1.95, 5.63]"
196,2.7354793614054627,32.50527656432373,16.47936925293546,3.394458746446677e-07,85.4393186649281,1.281223813541231,0.7553082530301317,4.446547352672606e-09,era5land,155,228994,0.206,0.208,0.206,0.011,0.019,0.0,0.187,2017-06-12 00:00:00,0.551,"[0.86, 1.25, 3.5]"
196,2.7354793614054627,32.50527656432373,16.47936925293546,3.394458746446677e-07,85.4393186649281,1.281223813541231,0.7553082530301317,4.446547352672606e-09,imerg,155,228994,0.206,0.208,0.206,0.012,0.019,0.0,0.187,2017-06-12 00:00:00,0.551,"[0.86, 1.25, 3.5]"
197,0.3623737429956282,30.832232340372325,16.39014552534387,4.967389699795508e-07,367.05573189939804,2.384217742414796,0.9146633101543588,9.885012371200932e-09,era5land,155,228994,0.671,0.546,0.671,0.053,0.065,0.0,0.606,2017-06-12 00:00:00,0.551,"[0.53, 0.79, 2.28]"
197,0.3623737429956282,30.832232340372325,16.39014552534387,4.967389699795508e-07,367.05573189939804,2.384217742414796,0.9146633101543588,9.885012371200932e-09,imerg,155,228994,0.671,0.546,0.671,0.059,0.071,0.0,0.6,2017-06-12 00:00:00,0.551,"[0.53, 0.79, 2.28]"
198,4.696084379150884,29.32477789843914,19.73899519862623,8.535019805282869e-06,68.32830284691128,3.084067231551297,0.9837582799254958,4.08266637933884e-09,era5land,155,228994,0.348,0.288,0.348,0.023,0.032,0.0,0.316,2017-06-12 03:00:00,0.551,"[0.76, 1.13, 3.2]"
198,4.696084379150884,29.32477789843914,19.73899519862623,8.535019805282869e-06,68.32830284691128,3.084067231551297,0.9837582799254958,4.08266637933884e-09,imerg,155,228994,0.348,0.288,0.348,0.026,0.032,0.0,0.316,2017-06-12 10:00:00,0.551,"[0.76, 1.13, 3.2]"
199,2.149353562536053,35.60343318831743,16.71752050148492,4.6270646635347694e-05,44.6945272642405,2.4782853095663446,0.7238819737455763,3.6370556661766192e-09,era5land,155,228994,0.032,0.022,0.032,0.022,0.032,0.0,0.335,2017-06-12 01:00:00,0.551,"[1.34, 2.02, 5.79]"
199,2.149353562536053,35.60343318831743,16.71752050148492,4.6270646635347694e-05,44.6945272642405,2.4782853095663446,0.7238819737455763,3.6370556661766192e-09,imerg,155,228994,0.039,0.029,0.039,0.029,0.039,0.0,0.316,2017-06-12 04:00:00,0.551,"[1.3, 1.96, 5.67]"
200,6.564710125922996,35.11714688456814,17.965718254149927,3.603861913924122e-05,158.9186097261121,2.1147347944836516,0.9195364811245563,8.120902088521063e-09,era5land,155,228994,0.0,0.001,0.0,0.001,0.0,0.0,0.0,,0.551,"[1.79, 2.64, 7.51]"
200,6.564710125922996,35.11714688456814,17.965718254149927,3.603861913924122e-05,158.9186097261121,2.1147347944836516,0.9195364811245563,8.120902088521063e-09,imerg,155,228994,0.013,0.01,0.013,0.01,0.013,0.0,0.0,,0.551,"[1.57, 2.39, 6.89]"
201,8.701143319473523,32.5299883921863,18.13699140300717,1.9937970611954403e-07,128.91759819093235,1.376105853867934,0.6936677765318732,2.6086270622460035e-09,era5land,155,228994,0.0,0.002,0.0,0.0,0.0,0.0,0.0,,0.551,"[1.48, 2.1, 5.78]"
201,8.701143319473523,32.5299883921863,18.13699140300717,1.9937970611954403e-07,128.91759819093235,1.376105853867934,0.6936677765318732,2.6086270622460035e-09,imerg,155,228994,0.0,0.002,0.0,0.0,0.0,0.0,0.0,,0.551,"[1.48, 2.1, 5.78]"
202,5.290092557472813,37.10214055971003,21.140664887028194,5.059689105414658e-07,323.35417523230313,1.0242146769145997,0.6716951209751908,1.6269202109216504e-08,era5land,155,228994,0.0,0.0,0.0,0.0,0.0,0.0,0.006,2017-06-12 00:00:00,0.551,"[1.46, 2.11, 5.9]"
202,5.290092557472813,37.10214055971003,21.140664887028194,5.059689105414658e-07,323.35417523230313,1.0242146769145997,0.6716951209751908,1.6269202109216504e-08,imerg,155,228994,0.006,0.005,0.006,0.005,0.006,0.0,0.0,,0.551,"[1.46, 2.11, 5.9]"
203,2.9127410480479656,37.15741492407881,19.248364810004546,9.816673385416699e-05,163.45966706306496,2.0763321012458418,0.6564264546175682,2.2495831826942528e-08,era5land,155,228994,0.019,0.013,0.019,0.013,0.019,0.0,0.0,,0.551,"[1.44, 2.16, 6.19]"
203,2.9127410480479656,37.15741492407881,19.248364810004546,9.816673385416699e-05,163.45966706306496,2.0763321012458418,0.6564264546175682,2.2495831826942528e-08,imerg,155,228994,0.065,0.049,0.065,0.049,0.065,0.0,0.0,,0.551,"[1.21, 1.88, 5.51]"
204,1.4293609476282263,34.18181533009089,16.49637385777052,1.0842860422102692e-05,316.68140168158544,2.031622164216189,0.7271349960446658,3.260462630558355e-09,era5land,155,228994,0.045,0.035,0.045,0.035,0.045,0.0,0.0,,0.551,"[1.24, 1.88, 5.41]"
204,1.4293609476282263,34.18181533009089,16.49637385777052,1.0842860422102692e-05,316.68140168158544,2.031622164216189,0.7271349960446658,3.260462630558355e-09,imerg,155,228994,0.245,0.222,0.245,0.222,0.245,0.0,0.0,,0.551,"[0.77, 1.31, 4.03]"
205,3.694195666162883,31.831819618797006,21.05274909980369,3.038435122457126e-06,256.08095729495636,3.9820836134368727,0.7873711623624993,2.5872720790826783e-09,era5land,155,228994,0.303,0.266,0.303,0.036,0.052,0.0,0.252,2017-06-12 00:00:00,0.551,"[0.78, 1.17, 3.34]"
205,3.694195666162883,31.831819618797006,21.05274909980369,3.038435122457126e-06,256.08095729495636,3.9820836134368727,0.7873711623624993,2.5872720790826783e-09,imerg,155,228994,0.303,0.266,0.303,0.043,0.065,0.0,0.239,2017-06-12 00:00:00,0.551,"[0.78, 1.17, 3.34]"
206,4.321712737467035,28.36253413438205,16.134196192545186,3.473411800185993e-05,26.98625437139757,1.5789488075001268,0.5134386452781533,9.695791740656061e-08,era5land,155,228994,0.065,0.038,0.065,0.038,0.065,0.0,0.019,2017-06-12 00:00:00,0.551,"[1.19, 1.74, 4.9]"
206,4.321712737467035,28.36253413438205,16.134196192545186,3.473411800185993e-05,26.98625437139757,1.5789488075001268,0.5134386452781533,9.695791740656061e-08,imerg,155,228994,0.065,0.053,0.065,0.053,0.065,0.0,0.019,2017-06-12 00:00:00,0.551,"[1.14, 1.68, 4.75]"
207,2.9619148073596,33.02282915846949,17.459782180691114,2.1376758885217016e-05,133.57174430220886,2.3900823993495486,0.8146110250997727,9.937641183739134e-09,era5land,155,228994,0.032,0.02,0.032,0.02,0.032,0.0,0.0,,0.551,"[1.35, 2.02, 5.8]"
207,2.9619148073596,33.02282915846949,17.459782180691114,2.1376758885217016e-05,133.57174430220886,2.3900823993495486,0.8146110250997727,9.937641183739134e-09,imerg,155,228994,0.065,0.043,0.065,0.043,0.065,0.0,0.0,,0.551,"[1.22, 1.87, 5.43]"
208,11.484263922068992,29.776128258303768,15.87187851730284,1.3489490834084233e-07,21.169389645588296,3.5276541951196956,0.7107291168258448,1.0405462870352142e-09,era5land,155,228994,0.006,0.007,0.006,0.007,0.006,0.0,0.0,,0.551,"[1.46, 2.14, 6.02]"
208,11.484263922068992,29.776128258303768,15.87187851730284,1.3489490834084233e-07,21.169389645588296,3.5276541951196956,0.7107291168258448,1.0405462870352142e-09,imerg,155,228994,0.006,0.007,0.006,0.007,0.006,0.0,0.0,,0.551,"[1.46, 2.14, 6.02]"
209,7.821951548973326,28.134459845779322,20.352122011470378,4.633004990782558e-06,19.81137561019268,1.6760834339196955,0.8095191400612212,1.5667011946114075e-09,era5land,155,228994,0.065,0.05,0.065,0.004,0.006,0.0,0.058,2017-06-12 01:00:00,0.551,"[1.14, 1.63, 4.52]"
209,7.821951548973326,28.134459845779322,20.352122011470378,4.633004990782558e-06,19.81137561019268,1.6760834339196955,0.8095191400612212,1.5667011946114075e-09,imerg,155,228994,0.065,0.05,0.065,0.004,0.006,0.0,0.058,2017-06-12 09:00:00,0.551,"[1.14, 1.63, 4.52]"
210,9.759935216218501,28.626978025057415,20.658913574001105,1.5665330166244317e-05,42.82836070436633,3.3125933784918398,0.6497857776786606,9.127355444216526e-09,era5land,155,228994,0.142,0.148,0.142,0.025,0.032,0.0,0.11,2017-06-12 03:00:00,0.551,"[0.94, 1.36, 3.83]"
210,9.759935216218501,28.626978025057415,20.658913574001105,1.5665330166244317e-05,42.82836070436633,3.3125933784918398,0.6497857776786606,9.127355444216526e-09,imerg,155,228994,0.142,0.148,0.142,0.027,0.032,0.0,0.11,2017-06-12 10:00:00,0.551,"[0.94, 1.36, 3.83]"
211,3.1405311508105296,37.756329663514435,19.68028772144222,1.1134142670427699e-06,411.21057001712677,1.978245422862754,0.6630133880152042,2.1286154163322725e-08,era5land,155,228994,0.097,0.106,0.097,0.01,0.013,0.0,0.084,2017-06-12 00:00:00,0.551,"[1.01, 1.49, 4.24]"
211,3.1405311508105296,37.756329663514435,19.68028772144222,1.1134142670427699e-06,411.21057001712677,1.978245422862754,0.6630133880152042,2.1286154163322725e-08,imerg,155,228994,0.097,0.106,0.097,0.063,0.077,0.0,0.019,2017-06-12 00:00:00,0.551,"[1.01, 1.49, 4.24]"
212,7.171050514619745,34.08778974089087,18.544673474907672,6.12810590698321e-05,10.319238394059287,2.183233359537645,0.6416995489764439,1.2775090727844737e-08,era5land,155,228994,0.077,0.068,0.077,0.005,0.006,0.0,0.071,2017-06-12 04:00:00,0.551,"[1.09, 1.58, 4.43]"
212,7.171050514619745,34.08778974089087,18.544673474907672,6.12810590698321e-05,10.319238394059287,2.183233359537645,0.6416995489764439,1.2775090727844737e-08,imerg,155,228994,0.077,0.068,0.077,0.005,0.006,0.0,0.071,2017-06-12 11:00:00,0.551,"[1.09, 1.58, 4.43]"
213,5.484321054499672,30.718358135957867,16.65801994784133,8.480751995206234e-05,64.73688337416694,3.7553297979989475,0.8613203455045737,5.3689199510918016e-09,era5land,155,228994,0.032,0.022,0.032,0.022,0.032,0.0,0.0,,0.551,"[1.32, 1.97, 5.63]"
213,5.484321054499672,30.718358135957867,16.65801994784133,8.480751995206234e-05,64.73688337416694,3.7553297979989475,0.8613203455045737,5.3689199510918016e-09,imerg,155,228994,0.032,0.026,0.032,0.026,0.032,0.0,0.0,,0.551,"[1.3, 1.94, 5.56]"
214,2.359109868241485,38.16174456599276,20.062759413105212,6.431010632313806e-07,66.74504417821937,1.9580749915887843,0.7528896624145711,2.3899139901823986e-09,era5land,155,228994,0.123,0.127,0.123,0.008,0.006,0.0,0.116,2017-06-12 00:00:00,0.551,"[0.97, 1.44, 4.12]"
214,2.359109868241485,38.16174456599276,20.062759413105212,6.431010632313806e-07,66.74504417821937,1.9580749915887843,0.7528896624145711,2.3899139901823986e-09,imerg,155,228994,0.123,0.127,0.123,0.008,0.006,0.0,0.116,2017-06-12 00:00:00,0.551,"[0.97, 1.44, 4.12]"
215,4.03175628718662,35.65803094719607,16.930294094689827,5.496078924844854e-05,480.13408653432185,3.637503951355987,0.6685185252667332,1.3156980205037302e-09,era5land,155,228994,0.032,0.023,0.032,0.023,0.032,0.0,0.0,,0.551,"[1.33, 1.99, 5.72]"
215,4.03175628718662,35.65803094719607,16.930294094689827,5.496078924844854e-05,480.13408653432185,3.637503951355987,0.6685185252667332,1.3156980205037302e-09,imerg,155,228994,0.084,0.077,0.084,0.077,0.084,0.0,0.0,,0.551,"[1.09, 1.71, 5.03]"
216,7.9716532871835515,35.145748716655625,18.967240048108973,1.8763379381051385e-07,139.52148474898783,3.426541843484811,0.5852509033110256,5.114409578107092e-08,era5land,155,228994,0.032,0.025,0.032,0.006,0.006,0.0,0.026,2017-06-12 03:30:00,0.551,"[1.24, 1.81, 5.36]"
216,7.9716532871835515,35.145748716655625,18.967240048108973,1.8763379381051385e-07,139.52148474898783,3.426541843484811,0.5852509033110256,5.114409578107092e-08,imerg,155,228994,0.032,0.025,0.032,0.006,0.006,0.0,0.026,2017-06-12 03:30:00,0.551,"[1.24, 1.84, 5.42]"
217,5.491779371348033,35.20122633255902,17.1072649768923,1.7694324634415408e-06,395.07309083946,2.8480521263990077,0.8312390646564265,2.154060392599827e-09,era5land,155,228994,0.2,0.178,0.2,0.006,0.006,0.0,0.194,2017-06-12 00:00:00,0.551,"[0.89, 1.31, 3.69]"
217,5.491779371348033,35.20122633255902,17.1072649768923,1.7694324634415408e-06,395.07309083946,2.8480521263990077,0.8312390646564265,2.154060392599827e-09,imerg,155,228994,0.2,0.178,0.2,0.024,0.032,0.0,0.168,2017-06-12 00:00:00,0.551,"[0.89, 1.31, 3.69]"
218,4.941285271155767,32.77727122963746,21.16946372292208,4.311066050417537e-06,37.253124244448365,3.9888120821696185,0.5026462692027385,1.8589947751804963e-08,era5land,155,228994,0.206,0.208,0.206,0.055,0.065,0.0,0.142,2017-06-12 06:00:00,0.551,"[0.85, 1.26, 3.61]"
218,4.941285271155767,32.77727122963746,21.16946372292208,4.311066050417537e-06,37.253124244448365,3.9888120821696185,0.5026462692027385,1.8589947751804963e-08,imerg,155,228994,0.206,0.208,0.206,0.055,0.065,0.0,0.142,2017-06-12 12:00:00,0.551,"[0.85, 1.26, 3.61]"
219,2.4153509163195355,30.211552612918847,19.782718445550664,1.746925615994064e-05,274.9279258683507,1.3394780431240374,0.8426633918182078,5.933950104373275e-08,era5land,155,228994,0.032,0.025,0.032,0.025,0.032,0.0,0.0,,0.551,"[1.3, 1.94, 5.55]"
219,2.4153509163195355,30.211552612918847,19.782718445550664,1.746925615994064e-05,274.9279258683507,1.3394780431240374,0.8426633918182078,5.933950104373275e-08,imerg,155,228994,0.265,0.233,0.265,0.233,0.265,0.0,0.0,,0.551,"[0.82, 1.21, 3.5]"
220,2.059435405962539,32.08035231185031,20.81582335826915,3.193791712460858e-06,40.30216135091499,3.273852281863886,0.5455206085076014,5.397497915887592e-08,era5land,155,228994,0.348,0.286,0.348,0.078,0.084,0.0,0.265,2017-06-12 05:00:00,0.551,"[0.76, 1.14, 3.26]"
220,2.059435405962539,32.08035231185031,20.81582335826915,3.193791712460858e-06,40.30216135091499,3.273852281863886,0.5455206085076014,5.397497915887592e-08,imerg,155,228994,0.348,0.286,0.348,0.078,0.084,0.0,0.265,2017-06-12 10:00:00,0.551,"[0.76, 1.14, 3.26]"
221,11.774047010381471,35.40293890588357,18.130993836579748,9.845484393691655e-06,17.91328059499435,2.364394632516281,0.5975261301510638,1.5708036230310615e-09,era5land,155,228994,0.019,0.01,0.019,0.0,0.0,0.0,0.019,2017-06-12 03:00:00,0.551,"[1.35, 1.93, 5.37]"
221,11.774047010381471,35.40293890588357,18.130993836579748,9.845484393691655e-06,17.91328059499435,2.364394632516281,0.5975261301510638,1.5708036230310615e-09,imerg,155,228994,0.019,0.01,0.019,0.0,0.0,0.0,0.019,2017-06-12 11:00:00,0.551,"[1.35, 1.93, 5.37]"
222,1.3712117693023202,27.81650321336045,18.21188338460918,2.0673286662248443e-05,55.47699710929913,1.2667428226268942,0.6511153308534247,5.7159753948492394e-08,era5land,155,228994,0.09,0.103,0.09,0.103,0.09,0.0,0.0,,0.551,"[1.01, 1.51, 4.33]"
222,1.3712117693023202,27.81650321336045,18.21188338460918,2.0673286662248443e-05,55.47699710929913,1.2667428226268942,0.6511153308534247,5.7159753948492394e-08,imerg,155,228994,0.2,0.186,0.2,0.186,0.2,0.0,0.0,,0.551,"[0.86, 1.33, 3.9]"
223,5.904063449308564,36.20896027225799,19.15344987316403,2.0970552520532646e-07,121.12488982085628,3.52157908112682,0.8902068949164668,1.1082595602956147e-09,era5land,155,228994,0.065,0.044,0.039,0.005,0.006,0.026,0.032,2017-06-12 23:00:00,0.551,"[1.27, 2.02, 6.01]"
223,5.904063449308564,36.20896027225799,19.15344987316403,2.0970552520532646e-07,121.12488982085628,3.52157908112682,0.8902068949164668,1.1082595602956147e-09,imerg,155,228994,0.065,0.04,0.039,0.005,0.006,0.026,0.032,2017-06-13 01:00:00,0.551,"[1.29, 2.05, 6.06]"
224,7.862201042304461,29.52772751562044,18.670223104001693,9.764207857144873e-07,375.1053581667422,3.295996754862053,0.6077460316746415,3.8901905814207856e-09,era5land,155,228994,0.206,0.2,0.206,0.034,0.045,0.0,0.161,2017-06-12 00:00:00,0.551,"[0.87, 1.26, 3.55]"
224,7.862201042304461,29.52772751562044,18.670223104001693,9.764207857144873e-07,375.1053581667422,3.295996754862053,0.6077460316746415,3.8901905814207856e-09,imerg,155,228994,0.206,0.2,0.206,0.04,0.065,0.0,0.142,2017-06-12 00:00:00,0.551,"[0.87, 1.26, 3.55]"
225,7.072052815241949,35.72526033821739,17.05517022835039,1.4918317231732799e-05,95.58205428616816,2.4508723018056777,0.8693254022579409,2.6147364333094968e-08,era5land,155,228994,0.0,0.002,0.0,0.002,0.0,0.0,0.077,2017-06-12 00:00:00,0.522,"[1.77, 2.42, 4.24]"
225,7.072052815241949,35.72526033821739,17.05517022835039,1.4918317231732799e-05,95.58205428616816,2.4508723018056777,0.8693254022579409,2.6147364333094968e-08,imerg,155,228994,0.006,0.005,0.006,0.005,0.006,0.0,0.077,2017-06-12 00:00:00,0.527,"[1.68, 2.33, 4.24]"
226,8.048395849153822,28.380401357498318,19.672220883278378,5.613442252484265e-05,434.3663343906724,1.8575644489049665,0.8786265698647734,7.11502741800122e-08,era5land,155,228994,0.006,0.004,0.006,0.004,0.006,0.0,0.0,,0.551,"[1.57, 2.29, 6.45]"
226,8.048395849153822,28.380401357498318,19.672220883278378,5.613442252484265e-05,434.3663343906724,1.8575644489049665,0.8786265698647734,7.11502741800122e-08,imerg,155,228994,0.077,0.062,0.077,0.062,0.077,0.0,0.0,,0.551,"[1.1, 1.64, 4.87]"
227,0.7740120141994129,30.532765996169243,16.443721359826153,8.131678816263641e-05,37.05899069959893,3.4761051989124465,0.6764169480597135,5.057962098491267e-09,era5land,155,228994,0.116,0.112,0.516,0.112,0.116,0.0,0.555,2017-06-12 03:00:00,0.555,"[0.99, 1.51, 3.12]"
227,0.7740120141994129,30.532765996169243,16.443721359826153,8.131678816263641e-05,37.05899069959893,3.4761051989124465,0.6764169480597135,5.057962098491267e-09,imerg,155,228994,0.116,0.119,0.516,0.119,0.116,0.0,0.555,2017-06-12 10:00:00,0.555,"[0.98, 1.49, 3.09]"
228,6.669410193294592,27.880236138339704,19.766757398400713,1.861445717068075e-06,299.4737427002885,1.371327192449661,0.6906106070766616,4.9455471450103536e-09,era5land,155,228994,0.006,0.005,0.006,0.005,0.006,0.0,0.045,2017-06-12 00:00:00,0.551,"[1.51, 2.19, 6.16]"
228,6.669410193294592,27.880236138339704,19.766757398400713,1.861445717068075e-06,299.4737427002885,1.371327192449661,0.6906106070766616,4.9455471450103536e-09,imerg,155,228994,0.065,0.042,0.065,0.042,0.065,0.0,0.0,,0.551,"[1.16, 1.66, 4.59]"
229,10.801585369532145,34.2754122401809,20.09537329044126,3.450709527183912e-07,33.293735326010335,3.510646273454155,0.9470095223896575,4.212085675018966e-08,era5land,155,228994,0.006,0.005,0.006,0.002,0.0,0.0,0.006,2017-06-12 00:00:00,0.551,"[1.66, 2.49, 7.13]"
229,10.801585369532145,34.2754122401809,20.09537329044126,3.450709527183912e-07,33.293735326010335,3.510646273454155,0.9470095223896575,4.212085675018966e-08,imerg,155,228994,0.006,0.005,0.006,0.002,0.0,0.0,0.006,2017-06-12 00:00:00,0.551,"[1.66, 2.49, 7.12]"
230,11.102786710339482,37.84627384100385,15.80719075244411,1.6456103722255848e-07,284.3948382612458,3.782693829601606,0.7409267998470255,1.5168128165536124e-08,era5land,155,228994,0.065,0.039,0.065,0.001,0.0,0.0,0.065,2017-06-12 09:00:00,0.551,"[1.17, 1.69, 5.21]"
230,11.102786710339482,37.84627384100385,15.80719075244411,1.6456103722255848e-07,284.3948382612458,3.782693829601606,0.7409267998470255,1.5168128165536124e-08,imerg,155,228994,0.065,0.039,0.065,0.001,0.0,0.0,0.065,2017-06-12 11:30:00,0.551,"[1.17, 1.74, 5.36]"
231,3.5623371433715483,34.90770578579933,16.29449541707864,4.910136201131869e-06,29.698402859151212,2.9089499035986384,0.8486244009708264,6.5188618127933e-09,era5land,155,228994,0.361,0.302,0.361,0.011,0.019,0.0,0.342,2017-06-12 08:00:00,0.551,"[0.75, 1.11, 3.15]"
231,3.5623371433715483,34.90770578579933,16.29449541707864,4.910136201131869e-06,29.698402859151212,2.9089499035986384,0.8486244009708264,6.5188618127933e-09,imerg,155,228994,0.361,0.302,0.361,0.011,0.019,0.0,0.342,2017-06-12 14:00:00,0.551,"[0.75, 1.11, 3.15]"
232,8.72662457972209,34.9588788559035,18.24364321299306,1.795693266604129e-05,18.653574800313372,1.6605098527526911,0.6674550616951064,1.7170166780789545e-09,era5land,155,228994,0.006,0.007,0.006,0.0,0.0,0.0,0.006,2017-06-12 00:00:00,0.551,"[1.38, 1.97, 5.46]"
232,8.72662457972209,34.9588788559035,18.24364321299306,1.795693266604129e-05,18.653574800313372,1.6605098527526911,0.6674550616951064,1.7170166780789545e-09,imerg,155,228994,0.006,0.007,0.006,0.0,0.0,0.0,0.006,2017-06-12 00:00:00,0.551,"[1.38, 1.97, 5.46]"
233,11.644362960535313,31.646853997177764,16.309676478905093,4.394744878559613e-05,56.06910521466344,2.368118121920379,0.9816931252866354,1.0649835165287523e-08,era5land,155,228994,0.0,0.0,0.0,0.0,0.0,0.0,0.0,,0.551,"[1.99, 2.89, 8.12]"
233,11.644362960535313,31.646853997177764,16.309676478905093,4.394744878559613e-05,56.06910521466344,2.368118121920379,0.9816931252866354,1.0649835165287523e-08,imerg,155,228994,0.0,0.0,0.0,0.0,0.0,0.0,0.0,,0.551,"[1.93, 2.83, 7.96]"
234,6.270918559008596,34.416265832242985,20.526184038517258,6.129857908336779e-07,17.995213431056342,1.2269474825785331,0.5367237121675801,2.9093624463412763e-09,era5land,155,228994,0.019,0.011,0.019,0.001,0.0,0.0,0.019,2017-06-12 00:00:00,0.551,"[1.35, 1.95, 5.43]"
234,6.270918559008596,34.416265832242985,20.526184038517258,6.129857908336779e-07,17.995213431056342,1.2269474825785331,0.5367237121675801,2.9093624463412763e-09,imerg,155,228994,0.019,0.011,0.019,0.001,0.0,0.0,0.019,2017-06-12 00:00:00,0.551,"[1.35, 1.95, 5.43]"
235,3.4572303719587785,36.48792086003571,17.764305427557805,4.973249906868466e-06,12.910070446955098,3.9039596713140776,0.7769670754649252,2.730434257320237e-08,era5land,155,228994,0.084,0.092,0.065,0.014,0.019,0.019,0.045,2017-06-12 16:30:00,0.551,"[1.05, 1.72, 5.17]"
235,3.4572303719587785,36.48792086003571,17.764305427557805,4.973249906868466e-06,12.910070446955098,3.9039596713140776,0.7769670754649252,2.730434257320237e-08,imerg,155,228994,0.084,0.078,0.065,0.014,0.019,0.019,0.045,2017-06-12 21:00:00,0.551,"[1.1, 1.77, 5.31]"
236,2.2339738089010632,37.350587774428256,20.69293758227994,3.893000911291911e-05,142.392609709122,3.239662917236351,0.52505492532481,1.0026048039837636e-08,era5land,155,228994,0.039,0.031,0.039,0.031,0.039,0.0,0.0,,0.551,"[1.28, 1.93, 5.55]"
236,2.2339738089010632,37.350587774428256,20.69293758227994,3.893000911291911e-05,142.392609709122,3.239662917236351,0.52505492532481,1.0026048039837636e-08,imerg,155,228994,0.065,0.046,0.065,0.046,0.065,0.0,0.0,,0.551,"[1.2, 1.84, 5.33]"
237,5.3806520655417325,37.96700405313108,16.972203981773582,4.153551906737476e-05,92.56812816042968,3.3967912624522705,0.583602090268683,3.2379163469375364e-08,era5land,155,228994,0.019,0.013,0.019,0.013,0.019,0.0,0.116,2017-06-12 00:00:00,0.551,"[1.43, 2.13, 6.1]"
237,5.3806520655417325,37.96700405313108,16.972203981773582,4.153551906737476e-05,92.56812816042968,3.3967912624522705,0.583602090268683,3.2379163469375364e-08,imerg,155,228994,0.019,0.019,0.019,0.019,0.019,0.0,0.116,2017-06-12 00:00:00,0.551,"[1.38, 2.07, 5.95]"
238,4.047097455050365,28.940308179683463,19.754096113981326,2.4087449402943493e-05,28.478014395773435,3.0945353235710304,0.8501753346262664,2.5115105661314178e-08,era5land,155,228994,0.406,0.323,0.406,0.043,0.065,0.0,0.342,2017-06-12 13:00:00,0.551,"[0.73, 1.08, 3.07]"
238,4.047097455050365,28.940308179683463,19.754096113981326,2.4087449402943493e-05,28.478014395773435,3.0945353235710304,0.8501753346262664,2.5115105661314178e-08,imerg,155,228994,0.406,0.323,0.406,0.044,0.065,0.039,0.303,2017-06-12 16:00:00,0.551,"[0.73, 1.08, 3.07]"
239,1.4538125623269786,34.711062570034905,16.349836973382093,1.2100770683435834e-05,26.44615570050968,2.7752573284810045,0.5395014175843764,1.2371800327647732e-09,era5land,155,228994,0.529,0.411,0.529,0.072,0.077,0.0,0.452,2017-06-12 03:00:00,0.551,"[0.64, 0.96, 2.75]"
239,1.4538125623269786,34.711062570034905,16.349836973382093,1.2100770683435834e-05,26.44615570050968,2.7752573284810045,0.5395014175843764,1.2371800327647732e-09,imerg,155,228994,0.529,0.411,0.529,0.075,0.084,0.0,0.445,2017-06-12 10:00:00,0.551,"[0.64, 0.96, 2.75]"
240,0.6050059721059503,30.81582522775822,20.33675638878441,1.0123710027389471e-05,20.85596493640633,1.401061898708892,0.5177684770088808,3.57786048944071e-08,era5land,155,228994,0.465,0.364,0.465,0.12,0.116,0.0,0.348,2017-06-12 00:00:00,0.551,"[0.68, 1.02, 2.94]"
240,0.6050059721059503,30.81582522775822,20.33675638878441,1.0123710027389471e-05,20.85596493640633,1.401061898708892,0.5177684770088808,3.57786048944071e-08,imerg,155,228994,0.465,0.364,0.465,0.137,0.142,0.0,0.323,2017-06-12 00:00:00,0.551,"[0.68, 1.02, 2.94]"
241,5.108461916308926,28.660761846345988,17.250523984598725,2.502284838414636e-06,34.00429531900123,1.7385262550466396,0.507777914395881,5.55074695880966e-09,era5land,155,228994,0.187,0.173,0.187,0.032,0.045,0.0,0.142,2017-06-12 00:00:00,0.551,"[0.91, 1.3, 3.63]"
241,5.108461916308926,28.660761846345988,17.250523984598725,2.502284838414636e-06,34.00429531900123,1.7385262550466396,0.507777914395881,5.55074695880966e-09,imerg,155,228994,0.187,0.173,0.187,0.035,0.045,0.0,0.142,2017-06-12 00:00:00,0.551,"[0.91, 1.3, 3.63]"
242,3.254353934858591,28.424703717546304,17.75953900372869,6.6529019983983885e-06,127.87325137091577,1.9854560565056358,0.5226239096814077,8.31814947610277e-08,era5land,155,228994,0.284,0.204,0.419,0.091,0.084,0.0,0.335,2017-06-12 00:00:00,0.566,"[0.9, 1.15, 3.02]"
242,3.254353934858591,28.424703717546304,17.75953900372869,6.6529019983983885e-06,127.87325137091577,1.9854560565056358,0.5226239096814077,8.31814947610277e-08,imerg,155,228994,0.368,0.274,0.419,0.159,0.168,0.0,0.252,2017-06-12 00:00:00,0.559,"[0.87, 1.08, 3.02]"
243,10.238114705555681,33.985594016210385,18.69024495765315,1.0613507196282882e-07,11.475416557764555,2.2477040692785986,0.5605961699417004,1.3659828945101961e-08,era5land,155,228994,0.0,0.001,0.0,0.001,0.0,0.0,0.0,,0.551,"[1.71, 2.48, 6.97]"
243,10.238114705555681,33.985594016210385,18.69024495765315,1.0613507196282882e-07,11.475416557764555,2.2477040692785986,0.5605961699417004,1.3659828945101961e-08,imerg,155,228994,0.0,0.001,0.0,0.001,0.0,0.0,0.0,,0.551,"[1.71, 2.48, 6.97]"
244,10.990005685999401,30.092937714036445,20.449617265841745,5.481466081606924e-07,34.693685433071046,3.740672089258746,0.7932966677061605,3.4748692321757896e-08,era5land,155,228994,0.032,0.026,0.032,0.011,0.019,0.0,0.013,2017-06-12 23:00:00,0.551,"[1.32, 1.98, 5.7]"
244,10.990005685999401,30.092937714036445,20.449617265841745,5.481466081606924e-07,34.693685433071046,3.740672089258746,0.7932966677061605,3.4748692321757896e-08,imerg,155,228994,0.032,0.026,0.032,0.011,0.019,0.0,0.013,2017-06-13 00:00:00,0.551,"[1.32, 1.99, 5.7]"
245,0.5375644290369066,31.504263250088623,17.919721134420243,6.343098816515495e-06,11.996223890485448,3.3626067964643696,0.6970553834766475,1.0169961455827887e-08,era5land,155,228994,0.49,0.38,0.31,0.086,0.084,0.219,0.181,2017-06-13 02:00:00,0.551,"[0.58, 1.0, 3.3]"
245,0.5375644290369066,31.504263250088623,17.919721134420243,6.343098816515495e-06,11.996223890485448,3.3626067964643696,0.6970553834766475,1.0169961455827887e-08,imerg,155,228994,0.484,0.378,0.219,0.086,0.084,0.265,0.123,2017-06-13 06:00:00,0.551,"[0.61, 1.0, 3.47]"
246,3.7793719965404557,37.29387848398227,18.725521384106496,1.016463442756339e-06,10.277758482503389,2.800062067155259,0.825427500987231,3.54793005271933e-08,era5land,155,228994,0.019,0.018,0.019,0.007,0.006,0.0,0.013,2017-06-12 13:00:00,0.551,"[1.45, 2.24, 6.5]"
246,3.7793719965404557,37.29387848398227,18.725521384106496,1.016463442756339e-06,10.277758482503389,2.800062067155259,0.825427500987231,3.54793005271933e-08,imerg,155,228994,0.019,0.017,0.019,0.007,0.006,0.0,0.013,2017-06-12 12:30:00,0.551,"[1.46, 2.24, 6.52]"
247,10.345308313377966,30.16799282988134,20.799507743514788,1.5270282087271793e-05,12.69795611497525,3.5461808302687166,0.7748606273662464,5.8246690341728416e-09,era5land,155,228994,0.123,0.124,0.077,0.013,0.019,0.039,0.058,2017-06-13 00:30:00,0.551,"[0.97, 1.54, 4.6]"
247,10.345308313377966,30.16799282988134,20.799507743514788,1.5270282087271793e-05,12.69795611497525,3.5461808302687166,0.7748606273662464,5.8246690341728416e-09,imerg,155,228994,0.09,0.099,0.065,0.013,0.019,0.019,0.045,2017-06-12 19:00:00,0.551,"[1.03, 1.63, 4.77]"
248,3.2017475634612595,31.303630559350257,20.230367753463874,7.104918613381883e-06,423.70331123950035,2.715076479615816,0.5306351231448808,1.9502419712997927e-09,era5land,155,228994,0.077,0.072,0.077,0.072,0.077,0.0,0.0,,0.551,"[1.09, 1.63, 4.68]"
248,3.2017475634612595,31.303630559350257,20.230367753463874,7.104918613381883e-06,423.70331123950035,2.715076479615816,0.5306351231448808,1.9502419712997927e-09,imerg,155,228994,0.2,0.193,0.2,0.193,0.2,0.0,0.0,,0.551,"[0.84, 1.34, 3.97]"
249,11.249217502133684,28.176382499801733,17.025862879729818,4.9518391599007076e-05,464.475348054783,2.63847973750738,0.7845496987805582,2.0979005305646426e-09,era5land,155,228994,0.006,0.003,0.006,0.003,0.006,0.0,0.0,,0.551,"[1.57, 2.28, 6.4]"
249,11.249217502133684,28.176382499801733,17.025862879729818,4.9518391599007076e-05,464.475348054783,2.63847973750738,0.7845496987805582,2.0979005305646426e-09,imerg,155,228994,0.065,0.039,0.065,0.039,0.065,0.0,0.0,,0.551,"[1.24, 1.89, 5.44]"
250,11.723456694491293,38.12007974734709,16.906503015595543,3.68378596656156e-06,51.64975468985536,2.5435380802716074,0.556902799806591,4.609189475711509e-09,era5land,155,228994,0.019,0.01,0.019,0.0,0.0,0.0,0.019,2017-06-12 00:00:00,0.551,"[1.35, 1.94, 5.38]"
250,11.723456694491293,38.12007974734709,16.906503015595543,3.68378596656156e-06,51.64975468985536,2.5435380802716074,0.556902799806591,4.609189475711509e-09,imerg,155,228994,0.019,0.01,0.019,0.0,0.0,0.0,0.019,2017-06-12 04:00:00,0.551,"[1.35, 1.94, 5.38]"
251,10.28431074500049,29.559046034101183,20.285114804890817,3.017082723733691e-05,28.855928692846305,3.40932247071157,0.7789056344287809,2.7824496503771037e-09,era5land,155,228994,0.129,0.129,0.129,0.013,0.019,0.0,0.11,2017-06-12 05:00:00,0.551,"[0.96, 1.4, 3.94]"
251,10.28431074500049,29.559046034101183,20.285114804890817,3.017082723733691e-05,28.855928692846305,3.40932247071157,0.7789056344287809,2.7824496503771037e-09,imerg,155,228994,0.129,0.129,0.129,0.013,0.019,0.0,0.11,2017-06-12 13:00:00,0.551,"[0.96, 1.4, 3.94]"
252,7.70957921220204,34.467841187420916,16.192103024425357,1.9321074896879375e-05,16.115446861059304,2.2036757217930267,0.7574581707050314,1.4282375932136792e-09,era5land,155,228994,0.077,0.066,0.077,0.001,0.0,0.0,0.077,2017-06-12 03:00:00,0.551,"[1.09, 1.56, 4.35]"
252,7.70957921220204,34.467841187420916,16.192103024425357,1.9321074896879375e-05,16.115446861059304,2.2036757217930267,0.7574581707050314,1.4282375932136792e-09,imerg,155,228994,0.077,0.066,0.077,0.002,0.0,0.0,0.077,2017-06-12 11:00:00,0.551,"[1.09, 1.56, 4.35]"
253,8.78168543525784,33.56862028532069,19.129248134465346,7.806530669972457e-06,16.45252235514436,1.9048230849531314,0.7085647041784224,2.1392030503682666e-08,era5land,155,228994,0.032,0.022,0.032,0.001,0.0,0.0,0.032,2017-06-12 01:00:00,0.551,"[1.26, 1.81, 5.05]"
253,8.78168543525784,33.56862028532069,19.129248134465346,7.806530669972457e-06,16.45252235514436,1.9048230849531314,0.7085647041784224,2.1392030503682666e-08,imerg,155,228994,0.032,0.022,0.032,0.001,0.0,0.0,0.032,2017-06-12 08:00:00,0.551,"[1.26, 1.81, 5.05]"
254,11.139418439680057,29.57190347737945,20.45941577843097,3.063930522787947e-07,46.29652998830393,3.7718789614468604,0.5295712836848987,6.810218482421245e-09,era5land,155,228994,0.065,0.045,0.065,0.028,0.039,0.0,0.026,2017-06-12 21:00:00,0.551,"[1.19, 1.78, 5.07]"
254,11.139418439680057,29.57190347737945,20.45941577843097,3.063930522787947e-07,46.29652998830393,3.7718789614468604,0.5295712836848987,6.810218482421245e-09,imerg,155,228994,0.065,0.045,0.065,0.028,0.039,0.0,0.026,2017-06-12 19:00:00,0.551,"[1.19, 1.77, 5.06]"
255,7.229287127723937,28.64967177314804,19.8700252749191,1.4702742924923548e-05,42.17766694574607,3.5889012068079444,0.6551837213143764,1.7940104004299576e-08,era5land,155,228994,0.271,0.244,0.271,0.047,0.065,0.0,0.206,2017-06-12 04:00:00,0.551,"[0.81, 1.19, 3.37]"
255,7.229287127723937,28.64967177314804,19.8700252749191,1.4702742924923548e-05,42.17766694574607,3.5889012068079444,0.6551837213143764,1.7940104004299576e-08,imerg,155,228994,0.271,0.244,0.271,0.049,0.065,0.0,0.206,2017-06-12 12:30:00,0.551,"[0.81, 1.19, 3.37]"
256,5.571236358369874,34.587789663962134,19.911985919175848,3.8646961758369986e-07,297.1562346921544,2.3531187902680952,0.7981123567884032,5.8057655819853263e-08,era5land,155,228994,0.065,0.054,0.065,0.005,0.006,0.0,0.058,2017-06-12 00:00:00,0.551,"[1.13, 1.65, 4.64]"
256,5.571236358369874,34.587789663962134,19.911985919175848,3.8646961758369986e-07,297.1562346921544,2.3531187902680952,0.7981123567884032,5.8057655819853263e-08,imerg,155,228994,0.065,0.054,0.065,0.006,0.006,0.0,0.058,2017-06-12 00:00:00,0.551,"[1.13, 1.65, 4.64]"
257,3.237150539413253,35.45133037913103,18.395264421908873,1.3176862941243287e-05,244.8587490401233,1.200798616143578,0.824491958557571,8.965957694977491e-08,era5land,155,228994,0.006,0.004,0.006,0.004,0.006,0.0,0.0,,0.551,"[1.65, 2.45, 6.99]"
257,3.237150539413253,35.45133037913103,18.395264421908873,1.3176862941243287e-05,244.8587490401233,1.200798616143578,0.824491958557571,8.965957694977491e-08,imerg,155,228994,0.084,0.086,0.084,0.086,0.084,0.0,0.0,,0.551,"[1.05, 1.53, 4.29]"
258,6.055919160932249,27.93530282851201,16.033462694475123,7.300400096243481e-07,106.26089260154563,2.876566112630155,0.7488683177238119,1.0721536877947295e-08,era5land,155,228994,0.368,0.309,0.368,0.032,0.039,0.0,0.329,2017-06-12 03:00:00,0.551,"[0.76, 1.09, 3.05]"
258,6.055919160932249,27.93530282851201,16.033462694475123,7.300400096243481e-07,106.26089260154563,2.876566112630155,0.7488683177238119,1.0721536877947295e-08,imerg,155,228994,0.368,0.309,0.368,0.032,0.039,0.0,0.329,2017-06-12 05:00:00,0.551,"[0.76, 1.09, 3.05]"
259,9.251635164704176,33.52407818184807,20.113107437901903,3.1444938066051567e-05,354.3160127926817,1.1339602524453791,0.6612453115820816,5.1904275332387585e-09,era5land,155,228994,0.0,0.0,0.0,0.0,0.0,0.0,0.0,,0.551,"[2.11, 3.04, 8.47]"
259,9.251635164704176,33.52407818184807,20.113107437901903,3.1444938066051567e-05,354.3160127926817,1.1339602524453791,0.6612453115820816,5.1904275332387585e-09,imerg,155,228994,0.0,0.0,0.0,0.0,0.0,0.0,0.0,,0.551,"[1.7, 2.42, 6.66]"
260,9.212875075174244,31.099312123184433,18.931240958394383,9.285255954645608e-05,471.9625644051572,3.938103539612672,0.6779278103163286,3.963078600333216e-08,era5land,155,228994,0.032,0.021,0.032,0.021,0.032,0.0,0.0,,0.551,"[1.32, 1.96, 5.56]"
260,9.212875075174244,31.099312123184433,18.931240958394383,9.285255954645608e-05,471.9625644051572,3.938103539612672,0.6779278103163286,3.963078600333216e-08,imerg,155,228994,0.065,0.052,0.065,0.052,0.065,0.0,0.0,,0.551,"[1.17, 1.78, 5.12]"
261,9.971112458938014,32.61319597245942,20.408938664376866,4.4445984573802654e-05,89.11206433452826,3.0201945093435567,0.915724756717843,8.877871858481357e-08,era5land,155,228994,0.006,0.003,0.006,0.003,0.006,0.0,0.0,,0.551,"[1.64, 2.43, 6.9]"
261,9.971112458938014,32.61319597245942,20.408938664376866,4.4445984573802654e-05,89.11206433452826,3.0201945093435567,0.915724756717843,8.877871858481357e-08,imerg,155,228994,0.006,0.005,0.006,0.005,0.006,0.0,0.0,,0.551,"[1.6, 2.38, 6.77]"
262,2.843451448103733,35.25081654559986,18.35443438648153,2.744186613363931e-06,10.669854823741476,3.674979788372694,0.9371130779689987,1.1891182354999661e-08,era5land,155,228994,0.065,0.038,0.032,0.011,0.019,0.019,0.013,2017-06-13 08:00:00,0.551,"[1.29, 2.02, 5.95]"
262,2.843451448103733,35.25081654559986,18.35443438648153,2.744186613363931e-06,10.669854823741476,3.674979788372694,0.9371130779689987,1.1891182354999661e-08,imerg,155,228994,0.045,0.034,0.032,0.011,0.019,0.013,0.013,2017-06-13 01:30:00,0.551,"[1.31, 2.04, 6.0]"
263,6.740184317260304,34.202162333992455,17.842159979198367,5.288786788270848e-07,36.6265923917222,3.568197918136831,0.6254561175021872,6.393057236148848e-09,era5land,155,228994,0.065,0.053,0.065,0.017,0.019,0.0,0.045,2017-06-12 18:00:00,0.551,"[1.18, 1.83, 5.32]"
263,6.740184317260304,34.202162333992455,17.842159979198367,5.288786788270848e-07,36.6265923917222,3.568197918136831,0.6254561175021872,6.393057236148848e-09,imerg,155,228994,0.065,0.051,0.065,0.017,0.019,0.0,0.045,2017-06-12 18:00:00,0.551,"[1.19, 1.83, 5.33]"
264,4.427551750359295,30.84629659182156,20.94296609898857,3.84678248490554e-05,237.96897613200625,1.4605952477743058,0.5763253568805642,2.9782711157437514e-08,era5land,155,228994,0.032,0.02,0.032,0.02,0.032,0.0,0.0,,0.551,"[1.32, 1.95, 5.52]"
264,4.427551750359295,30.84629659182156,20.94296609898857,3.84678248490554e-05,237.96897613200625,1.4605952477743058,0.5763253568805642,2.9782711157437514e-08,imerg,155,228994,0.097,0.106,0.097,0.106,0.097,0.0,0.0,,0.551,"[1.01, 1.47, 4.12]"
265,9.071844554061196,31.045018366798892,20.37774108926168,2.3180988132833837e-07,31.491846265138793,1.1363162665795352,0.6789457561582652,3.4058400496289135e-09,era5land,155,228994,0.0,0.0,0.0,0.0,0.0,0.0,0.0,,0.551,"[1.63, 2.3, 6.33]"
265,9.071844554061196,31.045018366798892,20.37774108926168,2.3180988132833837e-07,31.491846265138793,1.1363162665795352,0.6789457561582652,3.4058400496289135e-09,imerg,155,228994,0.0,0.0,0.0,0.0,0.0,0.0,0.0,,0.551,"[1.63, 2.3, 6.33]"
266,1.3907612882297298,35.00733211245305,19.26329206908887,1.595729222512835e-07,335.4431277184718,3.4662027931372545,0.9002130486158013,2.1128951945478122e-08,era5land,155,228994,0.2,0.196,0.2,0.017,0.019,0.0,0.181,2017-06-12 03:00:00,0.551,"[0.86, 1.29, 3.66]"
266,1.3907612882297298,35.00733211245305,19.26329206908887,1.595729222512835e-07,335.4431277184718,3.4662027931372545,0.9002130486158013,2.1128951945478122e-08,imerg,155,228994,0.2,0.196,0.2,0.017,0.019,0.0,0.181,2017-06-12 07:00:00,0.551,"[0.86, 1.29, 3.71]"
267,9.017352028040971,28.052495613978916,17.32846388523014,1.4620199624053145e-06,10.069468994462541,2.613312793770238,0.8265999350836005,2.3104997791946583e-08,era5land,155,228994,0.045,0.034,0.032,0.007,0.006,0.013,0.026,2017-06-12 22:30:00,0.551,"[1.27, 1.93, 5.55]"
267,9.017352028040971,28.052495613978916,17.32846388523014,1.4620199624053145e-06,10.069468994462541,2.613312793770238,0.8265999350836005,2.3104997791946583e-08,imerg,155,228994,0.039,0.031,0.032,0.007,0.006,0.006,0.026,2017-06-13 00:00:00,0.551,"[1.29, 1.94, 5.59]"
268,0.21250800785104434,36.832110824819196,19.144425094367026,5.045036448950535e-06,108.86177794127106,2.5180316800998033,0.9321551370242224,1.4406938100315108e-08,era5land,155,228994,0.348,0.286,0.348,0.013,0.019,0.0,0.329,2017-06-12 00:00:00,0.551,"[0.75, 1.14, 3.29]"
268,0.21250800785104434,36.832110824819196,19.144425094367026,5.045036448950535e-06,108.86177794127106,2.5180316800998033,0.9321551370242224,1.4406938100315108e-08,imerg,155,228994,0.348,0.286,0.348,0.021,0.032,0.0,0.316,2017-06-12 00:00:00,0.551,"[0.75, 1.14, 3.29]"
269,0.042765549505212004,38.07976559195314,18.30624217821438,7.731892708553357e-07,23.98216480718567,3.790946047284102,0.6512869637193208,1.5195880927900538e-09,era5land,155,228994,0.11,0.111,0.065,0.03,0.039,0.026,0.026,2017-06-13 04:00:00,0.551,"[0.98, 1.81, 5.34]"
269,0.042765549505212004,38.07976559195314,18.30624217821438,7.731892708553357e-07,23.98216480718567,3.790946047284102,0.6512869637193208,1.5195880927900538e-09,imerg,155,228994,0.09,0.099,0.065,0.03,0.039,0.019,0.026,2017-06-12 15:00:00,0.551,"[1.1, 1.82, 5.35]"
270,1.8892892846645692,32.05789911568261,20.665907207421213,2.952995369458678e-05,253.88253165430103,1.593070831305596,0.7047497739318468,2.5552994853950186e-09,era5land,155,228994,0.065,0.039,0.065,0.039,0.065,0.0,0.0,,0.551,"[1.22, 1.83, 5.27]"
270,1.8892892846645692,32.05789911568261,20.665907207421213,2.952995369458678e-05,253.88253165430103,1.593070831305596,0.7047497739318468,2.5552994853950186e-09,imerg,155,228994,0.265,0.238,0.265,0.238,0.265,0.0,0.0,,0.551,"[0.81, 1.27, 3.89]"
271,3.9438102840941553,30.75037708723484,18.486092878283106,4.376156476116937e-07,18.974880919914277,3.2469427359668144,0.9682925823591985,4.258660208196833e-08,era5land,155,228994,0.039,0.028,0.032,0.02,0.032,0.006,0.0,2017-06-13 09:00:00,0.551,"[1.3, 1.98, 5.7]"
271,3.9438102840941553,30.75037708723484,18.486092878283106,4.376156476116937e-07,18.974880919914277,3.2469427359668144,0.9682925823591985,4.258660208196833e-08,imerg,155,228994,0.039,0.028,0.032,0.02,0.032,0.006,0.0,2017-06-13 08:00:00,0.551,"[1.3, 1.97, 5.69]"
272,11.70873732930243,31.252781224210562,18.74774623962408,8.836260058088681e-05,405.3557056047809,2.035856673582673,0.6851452101708045,1.883312255628777e-09,era5land,155,228994,0.0,0.0,0.0,0.0,0.0,0.0,0.0,,0.551,"[1.78, 2.58, 7.23]"
272,11.70873732930243,31.252781224210562,18.74774623962408,8.836260058088681e-05,405.3557056047809,2.035856673582673,0.6851452101708045,1.883312255628777e-09,imerg,155,228994,0.006,0.008,0.006,0.008,0.006,0.0,0.0,,0.551,"[1.36, 1.98, 5.77]"
273,5.019040242665891,34.93508312738016,18.915303437797828,7.787094499862219e-05,18.267993065826868,3.3385901732360717,0.5446442116581022,3.3047195192137934e-08,era5land,155,228994,0.2,0.186,0.2,0.028,0.039,0.0,0.161,2017-06-12 14:00:00,0.551,"[0.88, 1.3, 3.71]"
273,5.019040242665891,34.93508312738016,18.915303437797828,7.787094499862219e-05,18.267993065826868,3.3385901732360717,0.5446442116581022,3.3047195192137934e-08,imerg,155,228994,0.2,0.186,0.2,0.03,0.039,0.032,0.129,2017-06-12 16:00:00,0.551,"[0.88, 1.3, 3.71]"
274,4.772403896919183,35.039812222302096,20.920369063804397,2.224145364040381e-05,153.34526110326217,3.8140161591336192,0.5748203784634627,3.3004222873249216e-09,era5land,155,228994,0.039,0.029,0.077,0.029,0.039,0.0,0.135,2017-06-12 00:00:00,0.539,"[1.28, 1.8, 3.85]"
274,4.772403896919183,35.039812222302096,20.920369063804397,2.224145364040381e-05,153.34526110326217,3.8140161591336192,0.5748203784634627,3.3004222873249216e-09,imerg,155,228994,0.065,0.038,0.103,0.038,0.065,0.0,0.11,2017-06-12 00:00:00,0.542,"[1.23, 1.76, 3.85]"
275,6.103489813351243,30.047858536979675,16.89288088466758,3.4553686427754438e-06,215.40421445322824,2.7280081788524697,0.5807468775110812,1.7131350302054125e-08,era5land,155,228994,0.265,0.237,0.265,0.036,0.045,0.0,0.219,2017-06-12 00:00:00,0.551,"[0.83, 1.2, 3.36]"
275,6.103489813351243,30.047858536979675,16.89288088466758,3.4553686427754438e-06,215.40421445322824,2.7280081788524697,0.5807468775110812,1.7131350302054125e-08,imerg,155,228994,0.265,0.237,0.265,0.065,0.077,0.0,0.187,2017-06-12 00:00:00,0.551,"[0.83, 1.2, 3.36]"
276,11.603213962868635,36.173660558837305,16.109556124015114,2.966147611915605e-07,45.11655037390444,2.978939717258918,0.9164977124558487,9.295580333065319e-09,era5land,155,228994,0.006,0.005,0.006,0.0,0.0,0.0,0.006,2017-06-12 20:00:00,0.551,"[1.77, 2.69, 7.75]"
276,11.603213962868635,36.173660558837305,16.109556124015114,2.966147611915605e-07,45.11655037390444,2.978939717258918,0.9164977124558487,9.295580333065319e-09,imerg,155,228994,0.006,0.005,0.006,0.0,0.0,0.0,0.006,2017-06-12 21:00:00,0.551,"[1.78, 2.69, 7.76]"
277,9.302423934381812,33.12016579299493,16.917530142443372,1.5821169052410172e-07,76.12813294794759,2.151024196567075,0.6841324562639132,3.878979274857026e-08,era5land,155,228994,0.006,0.003,0.006,0.0,0.0,0.0,0.006,2017-06-12 00:00:00,0.551,"[1.43, 2.02, 5.93]"
277,9.302423934381812,33.12016579299493,16.917530142443372,1.5821169052410172e-07,76.12813294794759,2.151024196567075,0.6841324562639132,3.878979274857026e-08,imerg,155,228994,0.006,0.003,0.006,0.0,0.0,0.0,0.006,2017-06-12 00:00:00,0.551,"[1.43, 2.06, 6.02]"
278,5.735954111255188,33.09462596172887,19.82403333601704,8.898885722119515e-05,83.17817650938788,2.6031888806814094,0.5705509975485393,1.0315778702120982e-08,era5land,155,228994,0.032,0.022,0.032,0.022,0.032,0.0,0.0,,0.551,"[1.31, 1.95, 5.55]"
278,5.735954111255188,33.09462596172887,19.82403333601704,8.898885722119515e-05,83.17817650938788,2.6031888806814094,0.5705509975485393,1.0315778702120982e-08,imerg,155,228994,0.045,0.033,0.045,0.033,0.045,0.0,0.0,,0.551,"[1.25, 1.88, 5.37]"
279,6.794311228665172,29.002008221037247,17.912214952312965,5.413639228316127e-07,77.13415490332152,2.939032271745085,0.5068491337037134,2.3568586566593785e-09,era5land,155,228994,0.265,0.23,0.265,0.053,0.065,0.0,0.2,2017-06-12 07:00:00,0.551,"[0.83, 1.21, 3.4]"
279,6.794311228665172,29.002008221037247,17.912214952312965,5.413639228316127e-07,77.13415490332152,2.939032271745085,0.5068491337037134,2.3568586566593785e-09,imerg,155,228994,0.265,0.23,0.265,0.053,0.065,0.0,0.2,2017-06-12 08:00:00,0.551,"[0.83, 1.21, 3.4]"
280,2.245750003293745,33.13469147540367,16.610727749789728,8.605850430620642e-07,21.253382910389202,2.933078920087798,0.7284364213272815,6.1547206704530165e-09,era5land,155,228994,0.135,0.133,0.09,0.039,0.065,0.045,0.019,2017-06-13 06:00:00,0.551,"[0.94, 1.52, 4.56]"
280,2.245750003293745,33.13469147540367,16.610727749789728,8.605850430620642e-07,21.253382910389202,2.933078920087798,0.7284364213272815,6.1547206704530165e-09,imerg,155,228994,0.123,0.127,0.084,0.039,0.065,0.039,0.019,2017-06-13 06:00:00,0.551,"[0.95, 1.54, 4.59]"
281,6.774471946818487,30.500795076485947,16.710701881261723,2.4661873615693146e-05,90.26209675085052,3.331340652604872,0.5909112552354798,7.196197864884019e-08,era5land,155,228994,0.265,0.201,0.29,0.038,0.065,0.0,0.226,2017-06-12 00:00:00,0.562,"[0.88, 1.17, 3.27]"
281,6.774471946818487,30.500795076485947,16.710701881261723,2.4661873615693146e-05,90.26209675085052,3.331340652604872,0.5909112552354798,7.196197864884019e-08,imerg,155,228994,0.265,0.211,0.29,0.047,0.065,0.0,0.226,2017-06-12 00:00:00,0.561,"[0.87, 1.16, 3.27]"
282,0.6630726394711206,35.22325903492148,20.773713540833022,8.124122923190878e-06,35.95102216683398,1.8099477979291843,0.5575002001178377,7.575622308226167e-09,era5land,155,228994,0.271,0.246,0.271,0.051,0.065,0.0,0.206,2017-06-12 00:00:00,0.551,"[0.8, 1.2, 3.47]"
282,0.6630726394711206,35.22325903492148,20.773713540833022,8.124122923190878e-06,35.95102216683398,1.8099477979291843,0.5575002001178377,7.575622308226167e-09,imerg,155,228994,0.271,0.246,0.271,0.061,0.077,0.0,0.194,2017-06-12 00:00:00,0.551,"[0.8, 1.2, 3.47]"
283,2.0822368197870667,37.521504295940304,16.876874110735372,4.3173530851631253e-07,140.7718760816171,1.2170617203799405,0.6741894323329973,6.66819288702672e-09,era5land,155,228994,0.168,0.157,0.168,0.008,0.006,0.0,0.161,2017-06-12 00:00:00,0.551,"[0.92, 1.36, 3.83]"
283,2.0822368197870667,37.521504295940304,16.876874110735372,4.3173530851631253e-07,140.7718760816171,1.2170617203799405,0.6741894323329973,6.66819288702672e-09,imerg,155,228994,0.168,0.157,0.168,0.014,0.019,0.0,0.148,2017-06-12 00:00:00,0.551,"[0.92, 1.36, 3.83]"
284,11.184862479058753,37.24753837775832,17.98295148075194,3.8484704606460605e-06,73.24666425998667,1.9341838400995108,0.9715688385810362,1.9473929916934014e-09,era5land,155,228994,0.0,0.002,0.0,0.0,0.0,0.0,0.0,,0.551,"[1.51, 2.15, 5.96]"
284,11.184862479058753,37.24753837775832,17.98295148075194,3.8484704606460605e-06,73.24666425998667,1.9341838400995108,0.9715688385810362,1.9473929916934014e-09,imerg,155,228994,0.0,0.002,0.0,0.0,0.0,0.0,0.0,,0.551,"[1.51, 2.15, 5.96]"
285,4.61866007997414,28.31682120067206,17.732432540666856,3.6249294454193387e-06,454.63825873202086,1.5443815397504115,0.7073201822468078,5.59874341844493e-09,era5land,155,228994,0.026,0.019,0.026,0.019,0.026,0.0,0.0,,0.551,"[1.32, 1.94, 5.48]"
285,4.61866007997414,28.31682120067206,17.732432540666856,3.6249294454193387e-06,454.63825873202086,1.5443815397504115,0.7073201822468078,5.59874341844493e-09,imerg,155,228994,0.174,0.168,0.174,0.168,0.174,0.0,0.0,,0.551,"[0.91, 1.31, 3.66]"
286,10.36853664242947,33.83043829269369,18.148012514840495,8.368954017516213e-06,47.98481557807716,1.8883568054229278,0.6267111586911545,2.2221727670088704e-09,era5land,155,228994,0.006,0.006,0.006,0.0,0.0,0.0,0.006,2017-06-12 00:00:00,0.551,"[1.38, 1.97, 5.46]"
286,10.36853664242947,33.83043829269369,18.148012514840495,8.368954017516213e-06,47.98481557807716,1.8883568054229278,0.6267111586911545,2.2221727670088704e-09,imerg,155,228994,0.006,0.007,0.006,0.001,0.0,0.0,0.006,2017-06-12 00:00:00,0.551,"[1.38, 1.97, 5.46]"
287,2.0350763770796974,30.50681084007576,17.254101305043342,1.6674937399328086e-05,190.4742214694156,1.0058077350637136,0.9733644282570262,5.2055371026171566e-08,era5land,155,228994,0.019,0.012,0.019,0.012,0.019,0.0,0.0,,0.551,"[1.44, 2.15, 6.15]"
287,2.0350763770796974,30.50681084007576,17.254101305043342,1.6674937399328086e-05,190.4742214694156,1.0058077350637136,0.9733644282570262,5.2055371026171566e-08,imerg,155,228994,0.271,0.25,0.271,0.25,0.271,0.0,0.0,,0.551,"[0.81, 1.18, 3.32]"
288,11.5377418909993,33.165909457729754,16.32484119800463,1.5195456892396962e-05,38.99960010142807,3.361192659700807,0.7318662895371191,1.4940193400842247e-08,era5land,155,228994,0.084,0.08,0.084,0.002,0.006,0.0,0.077,2017-06-12 03:00:00,0.551,"[1.06, 1.52, 4.21]"
288,11.5377418909993,33.165909457729754,16.32484119800463,1.5195456892396962e-05,38.99960010142807,3.361192659700807,0.7318662895371191,1.4940193400842247e-08,imerg,155,228994,0.084,0.08,0.084,0.003,0.006,0.0,0.077,2017-06-12 10:30:00,0.551,"[1.06, 1.52, 4.21]"
289,5.5238680380083895,34.12769528831816,17.653058071204633,6.005210591599344e-07,34.33824274669519,2.865221561866173,0.6949340832630854,7.055349173521724e-09,era5land,155,228994,0.084,0.095,0.077,0.013,0.019,0.006,0.058,2017-06-12 13:30:00,0.551,"[1.04, 1.68, 5.0]"
289,5.5238680380083895,34.12769528831816,17.653058071204633,6.005210591599344e-07,34.33824274669519,2.865221561866173,0.6949340832630854,7.055349173521724e-09,imerg,155,228994,0.084,0.09,0.077,0.013,0.019,0.013,0.052,2017-06-12 14:30:00,0.551,"[1.05, 1.69, 5.04]"
290,6.536873249119558,32.22330226456954,21.092851442224134,7.009426967449515e-05,16.556867172238668,2.820886554821734,0.944731773496995,4.662833910057337e-09,era5land,155,228994,0.135,0.133,0.135,0.008,0.006,0.019,0.11,2017-06-12 14:30:00,0.551,"[0.96, 1.41, 4.22]"
290,6.536873249119558,32.22330226456954,21.092851442224134,7.009426967449515e-05,16.556867172238668,2.820886554821734,0.944731773496995,4.662833910057337e-09,imerg,155,228994,0.135,0.133,0.084,0.008,0.006,0.052,0.077,2017-06-12 18:00:00,0.551,"[0.96, 1.41, 4.33]"
291,10.57521857193096,31.376004981277873,21.10555411578941,4.053052925545422e-07,88.23551323817784,3.070884936820563,0.7757004675938302,8.646447809521724e-08,era5land,155,228994,0.039,0.029,0.039,0.005,0.006,0.0,0.032,2017-06-12 05:00:00,0.551,"[1.22, 1.76, 5.02]"
291,10.57521857193096,31.376004981277873,21.10555411578941,4.053052925545422e-07,88.23551323817784,3.070884936820563,0.7757004675938302,8.646447809521724e-08,imerg,155,228994,0.039,0.029,0.039,0.005,0.006,0.0,0.032,2017-06-12 04:00:00,0.551,"[1.22, 1.76, 5.05]"
292,0.4761878028020377,31.11775057701285,17.589928900824397,1.2114963632961494e-06,286.9446895950096,3.3228440052094954,0.6225122960554335,6.480471675366381e-08,era5land,155,228994,0.568,0.451,0.568,0.109,0.11,0.0,0.458,2017-06-12 00:00:00,0.551,"[0.6, 0.91, 2.61]"
292,0.4761878028020377,31.11775057701285,17.589928900824397,1.2114963632961494e-06,286.9446895950096,3.3228440052094954,0.6225122960554335,6.480471675366381e-08,imerg,155,228994,0.568,0.451,0.568,0.119,0.116,0.0,0.452,2017-06-12 00:00:00,0.551,"[0.6, 0.91, 2.61]"
293,8.846909549346995,33.39128418399508,20.417847558860338,4.881975416240539e-07,156.6435487358538,3.1518538803960072,0.8838962546077637,1.578932178748751e-08,era5land,155,228994,0.084,0.079,0.084,0.005,0.006,0.0,0.077,2017-06-12 00:00:00,0.551,"[1.06, 1.55, 4.37]"
293,8.846909549346995,33.39128418399508,20.417847558860338,4.881975416240539e-07,156.6435487358538,3.1518538803960072,0.8838962546077637,1.578932178748751e-08,imerg,155,228994,0.084,0.079,0.084,0.005,0.006,0.0,0.077,2017-06-12 00:00:00,0.551,"[1.06, 1.55, 4.37]"
294,6.183171561201682,31.96374761436201,18.16478377258521,8.853108914508917e-06,13.491086985294482,1.6535150248794683,0.6877316262808933,8.5506378312267e-09,era5land,155,228994,0.077,0.064,0.077,0.004,0.006,0.0,0.071,2017-06-12 02:00:00,0.551,"[1.1, 1.58, 4.4]"
294,6.183171561201682,31.96374761436201,18.16478377258521,8.853108914508917e-06,13.491086985294482,1.6535150248794683,0.6877316262808933,8.5506378312267e-09,imerg,155,228994,0.077,0.064,0.077,0.004,0.006,0.0,0.071,2017-06-12 09:00:00,0.551,"[1.1, 1.58, 4.4]"
295,9.726617110915322,32.35107607386438,20.96723955506469,2.1036551615362433e-05,28.203331082358083,3.6274795032796816,0.6697874155536904,6.704211620367386e-08,era5land,155,228994,0.097,0.106,0.097,0.013,0.019,0.0,0.077,2017-06-12 03:00:00,0.551,"[1.0, 1.47, 4.15]"
295,9.726617110915322,32.35107607386438,20.96723955506469,2.1036551615362433e-05,28.203331082358083,3.6274795032796816,0.6697874155536904,6.704211620367386e-08,imerg,155,228994,0.097,0.106,0.097,0.013,0.019,0.0,0.077,2017-06-12 11:00:00,0.551,"[1.0, 1.47, 4.15]"
296,3.7201958429398148,28.950668495566717,19.216011139704836,9.349625968584695e-07,19.898403818769907,2.298720628642673,0.7127517576499935,9.160812434069704e-08,era5land,155,228994,0.258,0.224,0.168,0.045,0.065,0.058,0.103,2017-06-13 00:30:00,0.551,"[0.83, 1.29, 3.91]"
296,3.7201958429398148,28.950668495566717,19.216011139704836,9.349625968584695e-07,19.898403818769907,2.298720628642673,0.7127517576499935,9.160812434069704e-08,imerg,155,228994,0.219,0.213,0.168,0.045,0.065,0.052,0.09,2017-06-13 00:00:00,0.551,"[0.83, 1.31, 3.96]"
297,4.599163005122094,29.770184374229125,19.805106159937534,3.579844515316219e-07,14.846903839872152,3.3820577222847517,0.6825638381520311,1.2598587406261027e-09,era5land,155,228994,0.071,0.058,0.065,0.055,0.065,0.006,0.0,2017-06-13 05:00:00,0.551,"[1.14, 1.7, 4.88]"
297,4.599163005122094,29.770184374229125,19.805106159937534,3.579844515316219e-07,14.846903839872152,3.3820577222847517,0.6825638381520311,1.2598587406261027e-09,imerg,155,228994,0.071,0.059,0.071,0.055,0.065,0.0,0.006,2017-06-13 00:00:00,0.551,"[1.13, 1.7, 4.88]"
298,9.801837743617595,31.46271071339355,17.559290066982506,7.96399956856839e-06,26.27857749027158,1.300163325873771,0.9931204331231493,1.4960996184655717e-09,era5land,155,228994,0.0,0.0,0.0,0.0,0.0,0.0,0.0,,0.551,"[1.62, 2.29, 6.26]"
298,9.801837743617595,31.46271071339355,17.559290066982506,7.96399956856839e-06,26.27857749027158,1.300163325873771,0.9931204331231493,1.4960996184655717e-09,imerg,155,228994,0.0,0.0,0.0,0.0,0.0,0.0,0.0,,0.551,"[1.62, 2.29, 6.26]"
299,7.355602006523088,28.865378910971614,20.738195113242913,1.609568398334644e-05,260.550645525754,3.456177037734971,0.6360322784301733,9.914384467321989e-08,era5land,155,228994,0.065,0.045,0.065,0.045,0.065,0.0,0.135,2017-06-12 00:00:00,0.551,"[1.18, 1.75, 4.98]"
299,7.355602006523088,28.865378910971614,20.738195113242913,1.609568398334644e-05,260.550645525754,3.456177037734971,0.6360322784301733,9.914384467321989e-08,imerg,155,228994,0.077,0.071,0.077,0.071,0.077,0.0,0.135,2017-06-12 00:00:00,0.551,"[1.1, 1.65, 4.74]"
300,0.09532657951293462,30.394915217946544,19.1947552591016,2.1022710552463914e-07,27.708506255508055,3.1717193297293935,0.9476942661470594,9.611095094954072e-09,era5land,155,228994,0.077,0.063,0.071,0.055,0.065,0.006,0.006,2017-06-12 22:00:00,0.551,"[1.13, 1.73, 5.04]"
300,0.09532657951293462,30.394915217946544,19.1947552591016,2.1022710552463914e-07,27.708506255508055,3.1717193297293935,0.9476942661470594,9.611095094954072e-09,imerg,155,228994,0.077,0.063,0.071,0.055,0.065,0.006,0.006,2017-06-12 18:00:00,0.551,"[1.13, 1.73, 5.03]"
301,5.942675956412221,33.9512510651324,19.048402269125674,1.843966986296909e-06,97.39290581297084,3.1758649882959418,0.8284772026355685,3.178181398084933e-08,era5land,155,228994,0.168,0.157,0.168,0.009,0.013,0.0,0.155,2017-06-12 00:00:00,0.551,"[0.92, 1.36, 3.84]"
301,5.942675956412221,33.9512510651324,19.048402269125674,1.843966986296909e-06,97.39290581297084,3.1758649882959418,0.8284772026355685,3.178181398084933e-08,imerg,155,228994,0.168,0.157,0.168,0.01,0.013,0.0,0.155,2017-06-12 02:30:00,0.551,"[0.92, 1.36, 3.84]"
302,7.732920132985661,28.76008632994428,18.19293550479282,5.9099246191274735e-05,24.558195075635442,3.9642647237530086,0.6589244619223427,1.3257976665269793e-09,era5land,155,228994,0.316,0.279,0.271,0.046,0.065,0.097,0.155,2017-06-12 23:00:00,0.551,"[0.78, 1.14, 3.29]"
302,7.732920132985661,28.76008632994428,18.19293550479282,5.9099246191274735e-05,24.558195075635442,3.9642647237530086,0.6589244619223427,1.3257976665269793e-09,imerg,155,228994,0.316,0.279,0.2,0.048,0.065,0.116,0.135,2017-06-13 01:00:00,0.551,"[0.78, 1.14, 3.43]"
303,0.9999331536667689,27.909185471338773,19.88892574360994,3.515937359666056e-07,12.457191735756139,3.7210586959290115,0.6164685785598977,8.125389604122349e-08,era5land,155,228994,0.135,0.132,0.129,0.13,0.129,0.006,0.0,2017-06-13 03:00:00,0.551,"[0.96, 1.44, 4.14]"
303,0.9999331536667689,27.909185471338773,19.88892574360994,3.515937359666056e-07,12.457191735756139,3.7210586959290115,0.6164685785598977,8.125389604122349e-08,imerg,155,228994,0.135,0.132,0.135,0.13,0.129,0.0,0.006,2017-06-12 20:00:00,0.551,"[0.96, 1.44, 4.14]"
304,5.587458830600904,33.42366273442504,19.61927122255776,2.5618930244044285e-05,35.37460362913581,3.2924902016726794,0.8376464369033307,1.463403793984748e-08,era5land,155,228994,0.2,0.182,0.2,0.012,0.019,0.0,0.181,2017-06-12 06:00:00,0.551,"[0.88, 1.31, 3.71]"
304,5.587458830600904,33.42366273442504,19.61927122255776,2.5618930244044285e-05,35.37460362913581,3.2924902016726794,0.8376464369033307,1.463403793984748e-08,imerg,155,228994,0.2,0.182,0.2,0.013,0.019,0.0,0.181,2017-06-12 15:00:00,0.551,"[0.88, 1.31, 3.71]"
305,9.968317098154623,36.00564436723287,16.749378388934762,6.850285826975879e-06,11.7135750748117,1.993196181751177,0.6816134902090639,1.0810393710971268e-09,era5land,155,228994,0.006,0.009,0.006,0.0,0.0,0.0,0.006,2017-06-12 00:00:00,0.551,"[1.36, 1.94, 5.36]"
305,9.968317098154623,36.00564436723287,16.749378388934762,6.850285826975879e-06,11.7135750748117,1.993196181751177,0.6816134902090639,1.0810393710971268e-09,imerg,155,228994,0.006,0.009,0.006,0.0,0.0,0.0,0.006,2017-06-12 09:00:00,0.551,"[1.36, 1.94, 5.36]"
306,0.5215628067044032,31.78280916108733,17.57318201724606,3.210805797137652e-07,12.060403221398492,1.8235457293626858,0.5721026862718188,1.2493661324777228e-08,era5land,155,228994,0.168,0.164,0.142,0.106,0.097,0.026,0.045,2017-06-12 18:00:00,0.551,"[0.85, 1.4, 4.11]"
306,0.5215628067044032,31.78280916108733,17.57318201724606,3.210805797137652e-07,12.060403221398492,1.8235457293626858,0.5721026862718188,1.2493661324777228e-08,imerg,155,228994,0.168,0.164,0.142,0.106,0.097,0.026,0.045,2017-06-12 15:00:00,0.551,"[0.89, 1.4, 4.11]"
307,1.495213071497945,37.597890327874694,18.82049770223383,1.7163315232193095e-07,185.71203146461022,2.8590775647111943,0.7147156290338408,7.143945518829596e-09,era5land,155,228994,0.2,0.2,0.2,0.017,0.019,0.0,0.181,2017-06-12 07:00:00,0.551,"[0.86, 1.28, 3.68]"
307,1.495213071497945,37.597890327874694,18.82049770223383,1.7163315232193095e-07,185.71203146461022,2.8590775647111943,0.7147156290338408,7.143945518829596e-09,imerg,155,228994,0.2,0.2,0.2,0.017,0.019,0.0,0.181,2017-06-12 10:00:00,0.551,"[0.86, 1.28, 3.78]"
308,5.097552529882226,37.46190319861615,19.056413415928944,8.878709296783907e-07,443.59359107063665,3.44572241307359,0.7462787380356785,1.6790829185206556e-08,era5land,155,228994,0.123,0.128,0.123,0.008,0.006,0.0,0.116,2017-06-12 00:00:00,0.551,"[0.96, 1.43, 4.07]"
308,5.097552529882226,37.46190319861615,19.056413415928944,8.878709296783907e-07,443.59359107063665,3.44572241307359,0.7462787380356785,1.6790829185206556e-08,imerg,155,228994,0.123,0.128,0.123,0.01,0.019,0.0,0.103,2017-06-12 00:00:00,0.551,"[0.96, 1.43, 4.07]"
309,8.40205019522969,27.86351332259108,17.342306647957383,5.706318166197859e-06,15.46869148598768,1.6734940592411123,0.7090546208748655,1.8071594530764493e-09,era5land,155,228994,0.039,0.031,0.039,0.001,0.0,0.0,0.039,2017-06-12 01:00:00,0.551,"[1.19, 1.69, 4.64]"
309,8.40205019522969,27.86351332259108,17.342306647957383,5.706318166197859e-06,15.46869148598768,1.6734940592411123,0.7090546208748655,1.8071594530764493e-09,imerg,155,228994,0.039,0.031,0.039,0.001,0.0,0.0,0.039,2017-06-12 07:30:00,0.551,"[1.19, 1.69, 4.64]"
310,1.1262566011447108,37.01111290242143,19.522786857195094,2.900201925163571e-06,37.64064195374906,3.432348223503002,0.7056707841055083,2.0130193137309566e-09,era5land,155,228994,0.271,0.243,0.271,0.024,0.032,0.0,0.239,2017-06-12 11:00:00,0.551,"[0.8, 1.21, 3.48]"
310,1.1262566011447108,37.01111290242143,19.522786857195094,2.900201925163571e-06,37.64064195374906,3.432348223503002,0.7056707841055083,2.0130193137309566e-09,imerg,155,228994,0.271,0.243,0.271,0.024,0.032,0.0,0.239,2017-06-12 13:00:00,0.551,"[0.8, 1.21, 3.48]"
311,8.211507760863764,34.71646392918283,20.80570439038339,4.13744735759748e-06,203.96938811225638,3.71089865992596,0.8557638837770456,8.501424130753012e-08,era5land,155,228994,0.09,0.097,0.09,0.006,0.006,0.0,0.084,2017-06-12 00:00:00,0.551,"[1.02, 1.51, 4.27]"
311,8.211507760863764,34.71646392918283,20.80570439038339,4.13744735759748e-06,203.96938811225638,3.71089865992596,0.8557638837770456,8.501424130753012e-08,imerg,155,228994,0.09,0.097,0.09,0.009,0.006,0.0,0.084,2017-06-12 00:00:00,0.551,"[1.02, 1.51, 4.27]"
312,6.5982867203623785,35.180964254245886,19.47286064658897,1.5837041350772373e-05,137.12212673321724,3.751584594613923,0.9637596412146066,8.489893584339204e-09,era5land,155,228994,0.142,0.145,0.142,0.005,0.006,0.0,0.135,2017-06-12 00:00:00,0.551,"[0.93, 1.38, 3.92]"
312,6.5982867203623785,35.180964254245886,19.47286064658897,1.5837041350772373e-05,137.12212673321724,3.751584594613923,0.9637596412146066,8.489893584339204e-09,imerg,155,228994,0.142,0.148,0.142,0.007,0.006,0.0,0.135,2017-06-12 01:00:00,0.551,"[0.93, 1.38, 3.92]"
313,7.459354021656189,30.77262008023422,18.098026840650206,1.5228255744714456e-07,14.26179585557997,3.437891675322607,0.6297328224363296,3.590464367069655e-08,era5land,155,228994,0.019,0.018,0.019,0.018,0.019,0.0,0.0,,0.551,"[1.33, 1.96, 5.56]"
313,7.459354021656189,30.77262008023422,18.098026840650206,1.5228255744714456e-07,14.26179585557997,3.437891675322607,0.6297328224363296,3.590464367069655e-08,imerg,155,228994,0.019,0.018,0.019,0.018,0.019,0.0,0.0,,0.551,"[1.33, 1.96, 5.55]"
314,1.532529398827743,31.705395791054755,16.68661337517711,6.807238431789481e-07,127.02902040356206,1.1861944627554069,0.5848059442439058,1.558159532334234e-08,era5land,155,228994,0.406,0.327,0.406,0.056,0.065,0.0,0.342,2017-06-12 00:00:00,0.551,"[0.73, 1.07, 3.03]"
314,1.532529398827743,31.705395791054755,16.68661337517711,6.807238431789481e-07,127.02902040356206,1.1861944627554069,0.5848059442439058,1.558159532334234e-08,imerg,155,228994,0.406,0.327,0.406,0.095,0.084,0.0,0.323,2017-06-12 00:00:00,0.551,"[0.73, 1.07, 3.03]"
315,4.1309938687736985,30.621786479543783,17.51734016807313,2.3958761631277303e-06,399.1936564797937,3.7611092533404804,0.5635878832146761,3.1979722326897164e-09,era5land,155,228994,0.471,0.37,0.471,0.083,0.084,0.0,0.387,2017-06-12 00:00:00,0.551,"[0.68, 1.01, 2.88]"
315,4.1309938687736985,30.621786479543783,17.51734016807313,2.3958761631277303e-06,399.1936564797937,3.7611092533404804,0.5635878832146761,3.1979722326897164e-09,imerg,155,228994,0.471,0.37,0.471,0.116,0.116,0.0,0.355,2017-06-12 00:00:00,0.551,"[0.68, 1.01, 2.88]"
316,4.378467237432135,35.29635488340107,19.397505490981693,1.6433744163147119e-06,291.5238038930427,3.1978573068771454,0.8665376258691104,2.4382780349448854e-09,era5land,155,228994,0.2,0.18,0.2,0.009,0.013,0.0,0.187,2017-06-12 00:00:00,0.551,"[0.89, 1.32, 3.75]"
316,4.378467237432135,35.29635488340107,19.397505490981693,1.6433744163147119e-06,291.5238038930427,3.1978573068771454,0.8665376258691104,2.4382780349448854e-09,imerg,155,228994,0.2,0.18,0.2,0.015,0.019,0.0,0.181,2017-06-12 00:00:00,0.551,"[0.89, 1.32, 3.75]"
317,5.8017832729573,32.75503811712071,20.715070594444963,2.6067497922632368e-05,496.9440524294374,1.3175302394930086,0.9286139577771779,1.0274062597768388e-09,era5land,155,228994,0.0,0.001,0.0,0.001,0.0,0.0,0.0,,0.551,"[1.76, 2.59, 7.34]"
317,5.8017832729573,32.75503811712071,20.715070594444963,2.6067497922632368e-05,496.9440524294374,1.3175302394930086,0.9286139577771779,1.0274062597768388e-09,imerg,155,228994,0.039,0.031,0.039,0.031,0.039,0.0,0.0,,0.551,"[1.22, 1.76, 4.92]"
318,11.2907907530734,28.79954474317429,20.261306934908532,1.4115206171620266e-05,114.63632626616307,1.774186303965314,0.5692621880601035,3.4937314429711967e-09,era5land,155,228994,0.0,0.0,0.0,0.0,0.0,0.0,0.0,,0.551,"[1.66, 2.4, 6.68]"
318,11.2907907530734,28.79954474317429,20.261306934908532,1.4115206171620266e-05,114.63632626616307,1.774186303965314,0.5692621880601035,3.4937314429711967e-09,imerg,155,228994,0.006,0.006,0.006,0.006,0.006,0.0,0.0,,0.551,"[1.52, 2.22, 6.26]"
319,2.102282411486662,34.61302969156732,17.66914273169194,1.3844179157747087e-06,14.060821381193126,1.4854648203313783,0.810531403755168,4.562210596751344e-08,era5land,155,228994,0.206,0.208,0.206,0.012,0.019,0.0,0.187,2017-06-12 07:00:00,0.551,"[0.85, 1.26, 3.56]"
319,2.102282411486662,34.61302969156732,17.66914273169194,1.3844179157747087e-06,14.060821381193126,1.4854648203313783,0.810531403755168,4.562210596751344e-08,imerg,155,228994,0.206,0.208,0.206,0.012,0.019,0.0,0.187,2017-06-12 10:00:00,0.551,"[0.85, 1.26, 3.56]"
320,0.06174719044708327,35.07290343063875,17.981185141331792,2.7806278120631998e-05,172.7820482862222,3.0683207833797796,0.8706475749152138,4.676160800118646e-08,era5land,155,228994,0.032,0.027,0.032,0.027,0.032,0.0,0.0,,0.551,"[1.32, 2.0, 5.8]"
320,0.06174719044708327,35.07290343063875,17.981185141331792,2.7806278120631998e-05,172.7820482862222,3.0683207833797796,0.8706475749152138,4.676160800118646e-08,imerg,155,228994,0.065,0.047,0.065,0.047,0.065,0.0,0.0,,0.551,"[1.21, 1.88, 5.5]"
321,6.394538992891863,32.67084461604307,17.79282704808953,8.682054022191664e-06,122.84734310086549,1.08916773094933,0.9672047634665355,2.8651806686092983e-08,era5land,155,228994,0.0,0.0,0.0,0.0,0.0,0.0,0.0,,0.551,"[2.09, 3.04, 8.52]"
321,6.394538992891863,32.67084461604307,17.79282704808953,8.682054022191664e-06,122.84734310086549,1.08916773094933,0.9672047634665355,2.8651806686092983e-08,imerg,155,228994,0.006,0.004,0.006,0.004,0.006,0.0,0.0,,0.551,"[1.52, 2.36, 6.89]"
322,0.833594297982571,33.79527877451634,15.888639028799028,4.809244102468358e-07,66.58325206814767,2.5785294338129368,0.8888713368021086,4.071430757194463e-08,era5land,155,228994,0.523,0.401,0.452,0.025,0.032,0.071,0.419,2017-06-12 16:00:00,0.551,"[0.66, 0.97, 2.9]"
322,0.833594297982571,33.79527877451634,15.888639028799028,4.809244102468358e-07,66.58325206814767,2.5785294338129368,0.8888713368021086,4.071430757194463e-08,imerg,155,228994,0.523,0.401,0.452,0.025,0.032,0.09,0.4,2017-06-12 17:30:00,0.551,"[0.66, 0.97, 2.96]"
323,11.447938360558807,36.06907506630941,17.41987927643851,6.716414267606387e-07,183.9831285529775,1.058241472909655,0.9621438265671054,1.4026979357663201e-09,era5land,155,228994,0.0,0.0,0.0,0.0,0.0,0.0,0.0,,0.551,"[2.21, 3.09, 8.42]"
323,11.447938360558807,36.06907506630941,17.41987927643851,6.716414267606387e-07,183.9831285529775,1.058241472909655,0.9621438265671054,1.4026979357663201e-09,imerg,155,228994,0.0,0.0,0.0,0.0,0.0,0.0,0.0,,0.551,"[2.21, 3.09, 8.42]"
324,4.007943379745499,35.53859060942243,16.259636380375913,3.272242930891984e-07,27.379051370030666,2.744949313099038,0.8292688227567018,8.851026411503683e-09,era5land,155,228994,0.032,0.024,0.019,0.008,0.006,0.013,0.013,2017-06-12 13:30:00,0.551,"[1.38, 2.12, 6.16]"
324,4.007943379745499,35.53859060942243,16.259636380375913,3.272242930891984e-07,27.379051370030666,2.744949313099038,0.8292688227567018,8.851026411503683e-09,imerg,155,228994,0.032,0.024,0.019,0.008,0.006,0.013,0.013,2017-06-12 13:30:00,0.551,"[1.38, 2.12, 6.15]"
325,1.2641856390380628,30.283766300498623,20.619808378487797,1.492334696060813e-06,166.28991424740548,3.950075548819467,0.9255462996194901,3.04676778397003e-08,era5land,155,228994,0.484,0.373,0.484,0.05,0.065,0.0,0.419,2017-06-12 03:00:00,0.551,"[0.67, 1.01, 2.91]"
325,1.2641856390380628,30.283766300498623,20.619808378487797,1.492334696060813e-06,166.28991424740548,3.950075548819467,0.9255462996194901,3.04676778397003e-08,imerg,155,228994,0.484,0.373,0.484,0.05,0.065,0.0,0.419,2017-06-12 04:00:00,0.551,"[0.67, 1.01, 2.91]"
326,2.284423302598579,35.09392110295641,17.316114453712228,8.192468061218579e-06,44.21315036465123,2.2895938915565823,0.8629439652071148,3.320882649237537e-08,era5land,155,228994,0.348,0.285,0.348,0.013,0.019,0.0,0.329,2017-06-12 02:00:00,0.551,"[0.76, 1.14, 3.24]"
326,2.284423302598579,35.09392110295641,17.316114453712228,8.192468061218579e-06,44.21315036465123,2.2895938915565823,0.8629439652071148,3.320882649237537e-08,imerg,155,228994,0.348,0.285,0.348,0.016,0.019,0.0,0.329,2017-06-12 08:00:00,0.551,"[0.76, 1.14, 3.24]"
327,7.408822426331456,33.70253150526006,21.12657605462056,6.430558843029341e-05,38.12371545364933,3.4176503988557645,0.8738006286468077,1.2276130591054067e-08,era5land,155,228994,0.006,0.008,0.058,0.008,0.006,0.0,0.11,2017-06-12 02:00:00,0.561,"[1.17, 1.57, 4.1]"
327,7.408822426331456,33.70253150526006,21.12657605462056,6.430558843029341e-05,38.12371545364933,3.4176503988557645,0.8738006286468077,1.2276130591054067e-08,imerg,155,228994,0.006,0.009,0.058,0.009,0.006,0.0,0.11,2017-06-12 09:00:00,0.56,"[1.17, 1.55, 4.1]"
328,3.825360373984704,35.32674592630163,17.889896921046702,3.987406837601426e-06,379.34599130163593,1.019258513343389,0.7438360766309018,2.296454373019796e-09,era5land,155,228994,0.0,0.002,0.0,0.002,0.0,0.0,0.0,,0.551,"[1.71, 2.53, 7.16]"
328,3.825360373984704,35.32674592630163,17.889896921046702,3.987406837601426e-06,379.34599130163593,1.019258513343389,0.7438360766309018,2.296454373019796e-09,imerg,155,228994,0.065,0.04,0.065,0.04,0.065,0.0,0.0,,0.551,"[1.17, 1.7, 4.73]"
329,7.789660058751098,35.85873035225746,20.15517358260526,3.819820333444157e-07,50.973705877920246,1.585365190154962,0.8920207798380826,7.846451184959318e-09,era5land,155,228994,0.013,0.009,0.013,0.0,0.0,0.0,0.013,2017-06-12 00:00:00,0.551,"[1.38, 1.99, 5.55]"
329,7.789660058751098,35.85873035225746,20.15517358260526,3.819820333444157e-07,50.973705877920246,1.585365190154962,0.8920207798380826,7.846451184959318e-09,imerg,155,228994,0.013,0.009,0.013,0.0,0.0,0.0,0.013,2017-06-12 00:00:00,0.551,"[1.38, 1.99, 5.55]"
330,9.65493131924535,29.728756886009,18.56595226313348,2.8654658402931293e-07,20.205897352875578,1.4787554367582276,0.5672648740207081,2.059190123241991e-08,era5land,155,228994,0.0,0.001,0.0,0.0,0.0,0.0,0.0,,0.551,"[1.48, 2.15, 6.16]"
330,9.65493131924535,29.728756886009,18.56595226313348,2.8654658402931293e-07,20.205897352875578,1.4787554367582276,0.5672648740207081,2.059190123241991e-08,imerg,155,228994,0.0,0.001,0.0,0.0,0.0,0.0,0.0,,0.551,"[1.48, 2.16, 6.19]"
331,8.981887863378825,37.050157567549334,19.120250146721183,1.709519688135678e-05,27.540509776821565,3.925333919558623,0.589753018114271,5.971273844081922e-08,era5land,155,228994,0.084,0.087,0.084,0.008,0.006,0.0,0.077,2017-06-12 04:30:00,0.551,"[1.05, 1.54, 4.35]"
331,8.981887863378825,37.050157567549334,19.120250146721183,1.709519688135678e-05,27.540509776821565,3.925333919558623,0.589753018114271,5.971273844081922e-08,imerg,155,228994,0.084,0.087,0.084,0.008,0.006,0.0,0.077,2017-06-12 14:00:00,0.551,"[1.05, 1.54, 4.35]"
332,7.59860279075061,35.27348326231003,19.954433221304004,1.0287591941186306e-05,164.85451133585659,1.3570748822262182,0.5355701312186253,1.8268655472929455e-09,era5land,155,228994,0.0,0.0,0.0,0.0,0.0,0.0,0.0,,0.551,"[1.8, 2.61, 7.34]"
332,7.59860279075061,35.27348326231003,19.954433221304004,1.0287591941186306e-05,164.85451133585659,1.3570748822262182,0.5355701312186253,1.8268655472929455e-09,imerg,155,228994,0.006,0.006,0.006,0.006,0.006,0.0,0.0,,0.551,"[1.43, 2.06, 5.95]"
333,5.633374631695703,35.76641731416097,18.342103142975397,1.3102089947160187e-06,10.521253483791059,3.0575853792933962,0.9772402486239106,7.519142229243454e-08,era5land,155,228994,0.019,0.012,0.006,0.004,0.006,0.013,0.0,2017-06-13 05:30:00,0.551,"[1.55, 2.37, 6.88]"
333,5.633374631695703,35.76641731416097,18.342103142975397,1.3102089947160187e-06,10.521253483791059,3.0575853792933962,0.9772402486239106,7.519142229243454e-08,imerg,155,228994,0.019,0.011,0.006,0.004,0.006,0.013,0.0,2017-06-13 07:30:00,0.551,"[1.56, 2.38, 6.9]"
334,9.285788725246556,35.67832637985788,16.08824823600325,5.6800349014756405e-05,96.18224482494156,2.3474257075897533,0.6959656057896907,5.4807243468650246e-09,era5land,155,228994,0.0,0.0,0.0,0.0,0.0,0.0,0.0,,0.551,"[1.8, 2.63, 7.4]"
334,9.285788725246556,35.67832637985788,16.08824823600325,5.6800349014756405e-05,96.18224482494156,2.3474257075897533,0.6959656057896907,5.4807243468650246e-09,imerg,155,228994,0.006,0.004,0.006,0.004,0.006,0.0,0.0,,0.551,"[1.68, 2.48, 7.05]"
335,4.685362725492855,36.034633263345285,19.511578264968314,2.49451329753376e-05,265.56164403685324,3.5156116606045527,0.6993400511975643,1.4420600098173307e-09,era5land,155,228994,0.019,0.015,0.019,0.015,0.019,0.0,0.0,,0.551,"[1.41, 2.12, 6.09]"
335,4.685362725492855,36.034633263345285,19.511578264968314,2.49451329753376e-05,265.56164403685324,3.5156116606045527,0.6993400511975643,1.4420600098173307e-09,imerg,155,228994,0.039,0.031,0.039,0.031,0.039,0.0,0.0,,0.551,"[1.3, 1.98, 5.75]"
336,0.12127024144627803,28.21217291741239,15.92576899091393,6.337734147455863e-07,207.2276274320383,1.7425546056566348,0.9394127043577893,8.93133098548592e-09,era5land,155,228994,0.755,0.655,0.755,0.087,0.084,0.0,0.671,2017-06-12 00:00:00,0.551,"[0.44, 0.66, 1.91]"
336,0.12127024144627803,28.21217291741239,15.92576899091393,6.337734147455863e-07,207.2276274320383,1.7425546056566348,0.9394127043577893,8.93133098548592e-09,imerg,155,228994,0.755,0.655,0.755,0.106,0.097,0.0,0.658,2017-06-12 00:00:00,0.551,"[0.44, 0.66, 1.91]"
337,5.362244566139707,34.44349496782296,16.121626623679127,2.3144941963078892e-05,19.50730829385447,2.5508237829613645,0.6921647610063559,1.2340896991992488e-08,era5land,155,228994,0.2,0.198,0.2,0.01,0.013,0.0,0.187,2017-06-12 04:00:00,0.551,"[0.87, 1.27, 3.56]"
337,5.362244566139707,34.44349496782296,16.121626623679127,2.3144941963078892e-05,19.50730829385447,2.5508237829613645,0.6921647610063559,1.2340896991992488e-08,imerg,155,228994,0.2,0.198,0.2,0.011,0.019,0.0,0.181,2017-06-12 13:00:00,0.551,"[0.87, 1.27, 3.56]"
338,2.528542118100282,32.88082503767318,17.50627544716066,9.06868540714315e-05,23.864398335685458,2.46084975775461,0.807355707308903,2.3913546776387606e-08,era5land,155,228994,0.032,0.025,0.032,0.025,0.032,0.0,0.0,,0.551,"[1.31, 1.97, 5.65]"
338,2.528542118100282,32.88082503767318,17.50627544716066,9.06868540714315e-05,23.864398335685458,2.46084975775461,0.807355707308903,2.3913546776387606e-08,imerg,155,228994,0.039,0.028,0.039,0.028,0.039,0.0,0.0,,0.551,"[1.29, 1.94, 5.59]"
339,11.66307704459705,36.88047130179525,16.629360788478078,2.695104462409302e-07,19.430776564360368,3.22548999531644,0.7644923097005212,1.1644029523578988e-08,era5land,155,228994,0.0,0.001,0.0,0.0,0.0,0.0,0.0,,0.551,"[1.84, 2.71, 7.69]"
339,11.66307704459705,36.88047130179525,16.629360788478078,2.695104462409302e-07,19.430776564360368,3.22548999531644,0.7644923097005212,1.1644029523578988e-08,imerg,155,228994,0.0,0.001,0.0,0.0,0.0,0.0,0.0,,0.551,"[1.84, 2.71, 7.68]"
340,10.97233979806457,36.863582695004304,16.2227970565656,2.830952367609823e-06,40.00070906138612,2.1077356750286134,0.606777731581335,4.071842871714935e-09,era5land,155,228994,0.006,0.005,0.006,0.0,0.0,0.0,0.006,2017-06-12 00:00:00,0.551,"[1.41, 2.0, 5.52]"
340,10.97233979806457,36.863582695004304,16.2227970565656,2.830952367609823e-06,40.00070906138612,2.1077356750286134,0.606777731581335,4.071842871714935e-09,imerg,155,228994,0.006,0.005,0.006,0.0,0.0,0.0,0.006,2017-06-12 02:00:00,0.551,"[1.41, 2.0, 5.52]"
341,10.752361020397416,28.33115243928964,18.218071863227355,3.330995553985108e-05,235.0329153024529,1.5129568892395548,0.7621243084640774,6.538059733947633e-08,era5land,155,228994,0.0,0.0,0.0,0.0,0.0,0.0,0.0,,0.551,"[1.92, 2.75, 7.65]"
341,10.752361020397416,28.33115243928964,18.218071863227355,3.330995553985108e-05,235.0329153024529,1.5129568892395548,0.7621243084640774,6.538059733947633e-08,imerg,155,228994,0.0,0.0,0.0,0.0,0.0,0.0,0.0,,0.551,"[1.48, 2.18, 6.27]"
342,4.213114426436822,28.40067345697913,19.372400475163925,3.016851202182125e-07,62.085203607921976,1.708776929043987,0.9578239633603943,1.0568530771862134e-08,era5land,155,228994,0.2,0.188,0.2,0.014,0.019,0.0,0.181,2017-06-12 07:00:00,0.551,"[0.88, 1.28, 3.6]"
342,4.213114426436822,28.40067345697913,19.372400475163925,3.016851202182125e-07,62.085203607921976,1.708776929043987,0.9578239633603943,1.0568530771862134e-08,imerg,155,228994,0.2,0.188,0.2,0.014,0.019,0.0,0.181,2017-06-12 08:00:00,0.551,"[0.88, 1.28, 3.6]"
343,1.8216676773088079,37.87653874003094,20.21984816157643,8.324514475518004e-07,313.8560448463067,2.584581789299012,0.515424862602097,2.2815093764753483e-08,era5land,155,228994,0.161,0.153,0.161,0.027,0.039,0.0,0.123,2017-06-12 00:00:00,0.551,"[0.92, 1.38, 3.96]"
343,1.8216676773088079,37.87653874003094,20.21984816157643,8.324514475518004e-07,313.8560448463067,2.584581789299012,0.515424862602097,2.2815093764753483e-08,imerg,155,228994,0.161,0.153,0.161,0.036,0.052,0.0,0.11,2017-06-12 00:00:00,0.551,"[0.92, 1.38, 3.96]"
344,2.8701720406294706,35.57614915264334,18.11004742328658,7.166217563704318e-06,111.18997994144115,2.571887556173251,0.8029878477047981,5.140717333028485e-09,era5land,155,228994,0.265,0.234,0.265,0.013,0.019,0.0,0.245,2017-06-12 00:00:00,0.551,"[0.82, 1.22, 3.47]"
344,2.8701720406294706,35.57614915264334,18.11004742328658,7.166217563704318e-06,111.18997994144115,2.571887556173251,0.8029878477047981,5.140717333028485e-09,imerg,155,228994,0.265,0.234,0.265,0.022,0.032,0.0,0.232,2017-06-12 00:00:00,0.551,"[0.82, 1.22, 3.47]"
345,2.8007824779701673,37.416916787952125,17.88172269539594,2.678235251905012e-06,38.70228744346504,2.9022371563530713,0.8831912499732049,4.814540102857645e-09,era5land,155,228994,0.232,0.218,0.232,0.007,0.006,0.0,0.226,2017-06-12 09:00:00,0.551,"[0.83, 1.25, 3.56]"
345,2.8007824779701673,37.416916787952125,17.88172269539594,2.678235251905012e-06,38.70228744346504,2.9022371563530713,0.8831912499732049,4.814540102857645e-09,imerg,155,228994,0.232,0.218,0.232,0.007,0.006,0.0,0.226,2017-06-12 13:00:00,0.551,"[0.83, 1.25, 3.56]"
346,1.0464205736040322,29.367749697633695,17.009721674088453,6.615701440359204e-07,23.28573261623506,3.7995451764436354,0.600529252618949,8.184446860429811e-08,era5land,155,228994,0.2,0.175,0.168,0.132,0.135,0.019,0.032,2017-06-13 02:30:00,0.551,"[0.88, 1.36, 3.96]"
346,1.0464205736040322,29.367749697633695,17.009721674088453,6.615701440359204e-07,23.28573261623506,3.7995451764436354,0.600529252618949,8.184446860429811e-08,imerg,155,228994,0.2,0.174,0.168,0.132,0.135,0.019,0.032,2017-06-13 01:30:00,0.551,"[0.88, 1.36, 3.96]"
347,4.6501121742827145,30.414287565624353,18.62515422131347,1.194330445525223e-05,280.96082887473386,2.8391267884879885,0.720194433333467,7.925761411048882e-09,era5land,155,228994,0.052,0.036,0.052,0.036,0.052,0.0,0.0,,0.551,"[1.23, 1.83, 5.22]"
347,4.6501121742827145,30.414287565624353,18.62515422131347,1.194330445525223e-05,280.96082887473386,2.8391267884879885,0.720194433333467,7.925761411048882e-09,imerg,155,228994,0.084,0.082,0.084,0.082,0.084,0.0,0.0,,0.551,"[1.07, 1.64, 4.77]"
348,8.87112167007597,29.895011754258974,15.903813387380252,2.657605383285625e-05,13.198272468552581,1.0693198658675114,0.733738143692932,3.907303789842062e-09,era5land,155,228994,0.0,0.0,0.0,0.0,0.0,0.0,0.0,,0.552,"[2.28, 3.24, 8.95]"
348,8.87112167007597,29.895011754258974,15.903813387380252,2.657605383285625e-05,13.198272468552581,1.0693198658675114,0.733738143692932,3.907303789842062e-09,imerg,155,228994,0.0,0.0,0.0,0.0,0.0,0.0,0.0,,0.552,"[2.22, 3.17, 8.79]"
349,4.978171160025252,31.054307763796963,16.1517177362876,1.8272954567031822e-07,31.083770350643473,3.165227067216543,0.88782401864101,6.042815632539894e-09,era5land,155,228994,0.032,0.021,0.026,0.016,0.019,0.006,0.006,2017-06-13 03:30:00,0.551,"[1.35, 2.03, 5.81]"
349,4.978171160025252,31.054307763796963,16.1517177362876,1.8272954567031822e-07,31.083770350643473,3.165227067216543,0.88782401864101,6.042815632539894e-09,imerg,155,228994,0.032,0.021,0.026,0.016,0.019,0.006,0.006,2017-06-13 02:30:00,0.551,"[1.35, 2.03, 5.81]"
350,4.294354087299905,35.8910563714512,18.50591205026804,2.485162393341244e-07,228.98319776404387,3.581407630012491,0.5507024891451364,3.844056792333925e-09,era5land,155,228994,0.2,0.196,0.2,0.028,0.039,0.0,0.161,2017-06-12 04:00:00,0.551,"[0.86, 1.28, 3.66]"
350,4.294354087299905,35.8910563714512,18.50591205026804,2.485162393341244e-07,228.98319776404387,3.581407630012491,0.5507024891451364,3.844056792333925e-09,imerg,155,228994,0.2,0.196,0.2,0.028,0.039,0.0,0.161,2017-06-12 05:00:00,0.551,"[0.86, 1.28, 3.66]"
351,9.428546029933553,37.13345122650541,20.185227759364253,1.5203771207211453e-06,15.649844387929619,1.784106078626063,0.7357256150370977,1.3202400052481954e-08,era5land,155,228994,0.006,0.005,0.006,0.0,0.0,0.0,0.006,2017-06-12 00:00:00,0.551,"[1.45, 2.09, 5.84]"
351,9.428546029933553,37.13345122650541,20.185227759364253,1.5203771207211453e-06,15.649844387929619,1.784106078626063,0.7357256150370977,1.3202400052481954e-08,imerg,155,228994,0.006,0.005,0.006,0.0,0.0,0.0,0.006,2017-06-12 00:00:00,0.551,"[1.45, 2.09, 5.84]"
352,2.8298989995536656,35.65024210285092,17.389743243668317,2.0176981597172693e-05,221.8216240227828,1.620830789945454,0.7683586145880263,3.2022430769557098e-09,era5land,155,228994,0.013,0.009,0.013,0.009,0.013,0.0,0.0,,0.551,"[1.5, 2.24, 6.4]"
352,2.8298989995536656,35.65024210285092,17.389743243668317,2.0176981597172693e-05,221.8216240227828,1.620830789945454,0.7683586145880263,3.2022430769557098e-09,imerg,155,228994,0.123,0.124,0.123,0.124,0.123,0.0,0.0,,0.551,"[0.96, 1.59, 4.84]"
353,5.6517652676346755,36.92754783540318,17.93798686687386,6.323744696250068e-05,137.58986649751571,3.8098265900016397,0.7000535655172844,1.1293582779777697e-09,era5land,155,228994,0.019,0.01,0.019,0.01,0.019,0.0,0.0,,0.551,"[1.47, 2.21, 6.32]"
353,5.6517652676346755,36.92754783540318,17.93798686687386,6.323744696250068e-05,137.58986649751571,3.8098265900016397,0.7000535655172844,1.1293582779777697e-09,imerg,155,228994,0.019,0.016,0.019,0.016,0.019,0.0,0.0,,0.551,"[1.41, 2.14, 6.15]"
354,4.480094485336014,30.15976587966966,18.633110352576786,6.594516870560955e-05,87.49759100786812,3.0378722473969253,0.6147944021021018,9.467899140315321e-08,era5land,155,228994,0.071,0.058,0.071,0.058,0.071,0.0,0.0,,0.551,"[1.13, 1.69, 4.82]"
354,4.480094485336014,30.15976587966966,18.633110352576786,6.594516870560955e-05,87.49759100786812,3.0378722473969253,0.6147944021021018,9.467899140315321e-08,imerg,155,228994,0.077,0.073,0.077,0.073,0.077,0.0,0.0,,0.551,"[1.09, 1.64, 4.7]"
355,4.072573419402373,33.733419393895,19.46110934388025,1.0500352818768708e-07,41.7978075800518,3.605709615628329,0.5930318993046866,5.3372308400371565e-08,era5land,155,228994,0.019,0.015,0.019,0.014,0.019,0.0,0.0,,0.551,"[1.39, 2.06, 5.85]"
355,4.072573419402373,33.733419393895,19.46110934388025,1.0500352818768708e-07,41.7978075800518,3.605709615628329,0.5930318993046866,5.3372308400371565e-08,imerg,155,228994,0.019,0.015,0.019,0.014,0.019,0.0,0.0,,0.551,"[1.39, 2.06, 5.85]"
356,5.227076886369382,31.874325138893166,18.03248518485491,2.3903004480074137e-07,30.235390513183436,1.6985241842990684,0.6476340063003839,2.580978788812567e-08,era5land,155,228994,0.077,0.065,0.071,0.007,0.006,0.013,0.058,2017-06-12 13:00:00,0.551,"[1.09, 1.7, 5.03]"
356,5.227076886369382,31.874325138893166,18.03248518485491,2.3903004480074137e-07,30.235390513183436,1.6985241842990684,0.6476340063003839,2.580978788812567e-08,imerg,155,228994,0.077,0.065,0.065,0.007,0.006,0.013,0.058,2017-06-12 15:00:00,0.551,"[1.09, 1.72, 5.08]"
357,1.797375523298016,38.18789393164599,19.542836746730092,5.848869614314646e-06,210.81905957670352,1.8112600464281894,0.9982596196730107,2.178302023179697e-09,era5land,155,228994,0.006,0.005,0.006,0.005,0.006,0.0,0.0,,0.551,"[1.71, 2.57, 7.41]"
357,1.797375523298016,38.18789393164599,19.542836746730092,5.848869614314646e-06,210.81905957670352,1.8112600464281894,0.9982596196730107,2.178302023179697e-09,imerg,155,228994,0.045,0.036,0.045,0.036,0.045,0.0,0.0,,0.551,"[1.34, 2.14, 6.36]"
358,10.233789613358761,31.936079493398076,17.16765074954684,2.180333304615746e-05,52.687902417191,3.5422122438010875,0.5486471617551053,5.671026149597184e-09,era5land,155,228994,0.135,0.131,0.135,0.015,0.019,0.0,0.116,2017-06-12 01:30:00,0.551,"[0.96, 1.39, 3.89]"
358,10.233789613358761,31.936079493398076,17.16765074954684,2.180333304615746e-05,52.687902417191,3.5422122438010875,0.5486471617551053,5.671026149597184e-09,imerg,155,228994,0.135,0.131,0.135,0.017,0.019,0.0,0.116,2017-06-12 05:00:00,0.551,"[0.96, 1.39, 3.89]"
359,0.44866006632856026,28.25374714150433,18.89736082777731,9.944937652251327e-05,47.64980109326962,2.157814790227561,0.6659663346035873,1.1437788253739832e-09,era5land,155,228994,0.161,0.151,0.161,0.151,0.161,0.0,0.0,,0.551,"[0.92, 1.4, 4.04]"
359,0.44866006632856026,28.25374714150433,18.89736082777731,9.944937652251327e-05,47.64980109326962,2.157814790227561,0.6659663346035873,1.1437788253739832e-09,imerg,155,228994,0.2,0.177,0.2,0.177,0.2,0.0,0.0,,0.551,"[0.88, 1.35, 3.91]"
360,9.377662531315943,34.892859052203555,18.606336129000894,7.4527737691019684e-06,269.6917684440933,2.405705205275627,0.8808669522967068,2.464033822414627e-08,era5land,155,228994,0.0,0.001,0.0,0.001,0.0,0.0,0.0,,0.551,"[1.84, 2.71, 7.67]"
360,9.377662531315943,34.892859052203555,18.606336129000894,7.4527737691019684e-06,269.6917684440933,2.405705205275627,0.8808669522967068,2.464033822414627e-08,imerg,155,228994,0.006,0.009,0.006,0.009,0.006,0.0,0.0,,0.551,"[1.59, 2.42, 6.97]"
361,10.034212534366025,31.47543504820523,17.53266264656209,1.6984443730571345e-06,84.21832091764149,2.7574912819501924,0.6984281565055199,1.509219528994263e-08,era5land,155,228994,0.077,0.072,0.077,0.004,0.006,0.0,0.071,2017-06-12 00:00:00,0.551,"[1.07, 1.54, 4.29]"
361,10.034212534366025,31.47543504820523,17.53266264656209,1.6984443730571345e-06,84.21832091764149,2.7574912819501924,0.6984281565055199,1.509219528994263e-08,imerg,155,228994,0.077,0.072,0.077,0.005,0.006,0.0,0.071,2017-06-12 00:00:00,0.551,"[1.07, 1.54, 4.29]"
362,3.0546114377527736,37.22134936925235,18.477471758328416,6.212054222166704e-05,417.52083456124234,3.6778895991464817,0.5425167892425158,2.269005219678834e-09,era5land,155,228994,0.039,0.031,0.039,0.031,0.039,0.0,0.0,,0.551,"[1.27, 1.91, 5.5]"
362,3.0546114377527736,37.22134936925235,18.477471758328416,6.212054222166704e-05,417.52083456124234,3.6778895991464817,0.5425167892425158,2.269005219678834e-09,imerg,155,228994,0.084,0.083,0.084,0.083,0.084,0.0,0.0,,0.551,"[1.07, 1.68, 4.93]"
363,7.383113346064503,36.42516356098391,18.9997859016239,2.5477382094055765e-07,23.107700649135396,3.2713210435974216,0.6105608423569072,1.3041531496543894e-08,era5land,155,228994,0.019,0.01,0.013,0.008,0.006,0.006,0.006,2017-06-13 05:00:00,0.551,"[1.48, 2.21, 6.32]"
363,7.383113346064503,36.42516356098391,18.9997859016239,2.5477382094055765e-07,23.107700649135396,3.2713210435974216,0.6105608423569072,1.3041531496543894e-08,imerg,155,228994,0.019,0.01,0.013,0.008,0.006,0.006,0.006,2017-06-13 03:00:00,0.551,"[1.48, 2.21, 6.32]"
364,10.608819416813992,27.83372948705813,16.054777838889553,6.179249698224504e-06,86.33220420298099,2.333664936548006,0.9350397815970488,4.774456273453904e-09,era5land,155,228994,0.065,0.049,0.065,0.0,0.0,0.0,0.065,2017-06-12 00:00:00,0.551,"[1.13, 1.59, 4.37]"
364,10.608819416813992,27.83372948705813,16.054777838889553,6.179249698224504e-06,86.33220420298099,2.333664936548006,0.9350397815970488,4.774456273453904e-09,imerg,155,228994,0.065,0.049,0.065,0.002,0.0,0.0,0.065,2017-06-12 00:00:00,0.551,"[1.13, 1.59, 4.37]"
365,8.307977777368388,30.004312854177435,16.84756587981005,1.2733428469214979e-06,20.457786031436022,1.426815127763208,0.5403874482769411,5.653713744234004e-08,era5land,155,228994,0.006,0.004,0.006,0.0,0.0,0.0,0.006,2017-06-12 00:00:00,0.551,"[1.39, 1.96, 5.38]"
365,8.307977777368388,30.004312854177435,16.84756587981005,1.2733428469214979e-06,20.457786031436022,1.426815127763208,0.5403874482769411,5.653713744234004e-08,imerg,155,228994,0.006,0.004,0.006,0.0,0.0,0.0,0.006,2017-06-12 00:00:00,0.551,"[1.39, 1.96, 5.38]"
366,9.503314806627737,29.14787565712949,20.775342238139537,4.078930621873723e-05,470.1744841855373,1.725976120616004,0.7965916009451466,5.5904893123628316e-08,era5land,155,228994,0.0,0.001,0.0,0.001,0.0,0.0,0.0,,0.551,"[1.67, 2.43, 6.82]"
366,9.503314806627737,29.14787565712949,20.775342238139537,4.078930621873723e-05,470.1744841855373,1.725976120616004,0.7965916009451466,5.5904893123628316e-08,imerg,155,228994,0.032,0.02,0.032,0.02,0.032,0.0,0.0,,0.551,"[1.26, 1.8, 5.0]"
367,5.761329723483038,29.939239268752992,20.728156081475763,5.17003199344006e-05,325.3997782764544,1.451301700322728,0.9490915581492873,1.7520873510415527e-08,era5land,155,228994,0.006,0.004,0.006,0.004,0.006,0.0,0.0,,0.551,"[1.6, 2.36, 6.67]"
367,5.761329723483038,29.939239268752992,20.728156081475763,5.17003199344006e-05,325.3997782764544,1.451301700322728,0.9490915581492873,1.7520873510415527e-08,imerg,155,228994,0.077,0.065,0.077,0.065,0.077,0.0,0.0,,0.551,"[1.09, 1.58, 4.7]"
368,0.9068205404116523,30.887172687855415,20.43671093461129,4.5724158519556054e-05,99.29011595268263,2.422870925483974,0.7635650182023046,1.2639125396448576e-08,era5land,155,228994,0.077,0.066,0.077,0.066,0.077,0.0,0.0,,0.551,"[1.11, 1.69, 4.87]"
368,0.9068205404116523,30.887172687855415,20.43671093461129,4.5724158519556054e-05,99.29011595268263,2.422870925483974,0.7635650182023046,1.2639125396448576e-08,imerg,155,228994,0.084,0.093,0.084,0.093,0.084,0.0,0.0,,0.551,"[1.04, 1.6, 4.65]"
369,4.252272102352274,36.98272244124789,21.153269929766527,3.533073670483194e-05,240.51888202063458,1.6283915837818457,0.9227923667113489,6.979101172331939e-09,era5land,155,228994,0.006,0.002,0.006,0.002,0.006,0.0,0.0,,0.551,"[1.76, 2.63, 7.53]"
369,4.252272102352274,36.98272244124789,21.153269929766527,3.533073670483194e-05,240.51888202063458,1.6283915837818457,0.9227923667113489,6.979101172331939e-09,imerg,155,228994,0.065,0.047,0.065,0.047,0.065,0.0,0.0,,0.551,"[1.26, 2.03, 6.06]"
370,4.9855098571404595,29.856582737711953,20.200870035295793,1.1021491743990335e-05,11.213249134188437,2.808404016402043,0.5421841679069834,1.7210584750834136e-08,era5land,155,228994,0.265,0.238,0.265,0.061,0.077,0.0,0.187,2017-06-12 14:00:00,0.551,"[0.82, 1.21, 3.42]"
370,4.9855098571404595,29.856582737711953,20.200870035295793,1.1021491743990335e-05,11.213249134188437,2.808404016402043,0.5421841679069834,1.7210584750834136e-08,imerg,155,228994,0.265,0.238,0.226,0.061,0.077,0.058,0.129,2017-06-12 18:00:00,0.551,"[0.82, 1.21, 3.42]"
371,7.018503216345363,34.84916174417777,20.272569746396783,4.498470812903178e-06,217.97719412924724,3.343816117887546,0.8047332042183708,3.845413893454343e-08,era5land,155,228994,0.116,0.112,0.116,0.007,0.006,0.0,0.11,2017-06-12 00:00:00,0.551,"[0.99, 1.46, 4.15]"
371,7.018503216345363,34.84916174417777,20.272569746396783,4.498470812903178e-06,217.97719412924724,3.343816117887546,0.8047332042183708,3.845413893454343e-08,imerg,155,228994,0.116,0.112,0.116,0.013,0.019,0.0,0.097,2017-06-12 00:00:00,0.551,"[0.99, 1.46, 4.15]"
372,5.069817111590232,32.19883937662369,18.83369767137115,2.4660099669362875e-06,10.714756989374276,2.0487480773319633,0.6435803493471762,5.110837096823355e-09,era5land,155,228994,0.142,0.145,0.142,0.016,0.019,0.0,0.123,2017-06-12 12:00:00,0.551,"[0.94, 1.37, 3.87]"
372,5.069817111590232,32.19883937662369,18.83369767137115,2.4660099669362875e-06,10.714756989374276,2.0487480773319633,0.6435803493471762,5.110837096823355e-09,imerg,155,228994,0.142,0.145,0.142,0.016,0.019,0.0,0.123,2017-06-12 16:00:00,0.551,"[0.94, 1.37, 3.87]"
373,0.43500812780708964,32.84124714804615,20.477523200912547,3.2980141722958713e-06,52.825940270762416,1.8639047421279817,0.9244718580652395,6.690216106020857e-09,era5land,155,228994,0.426,0.33,0.426,0.031,0.039,0.0,0.387,2017-06-12 00:00:00,0.551,"[0.71, 1.07, 3.1]"
373,0.43500812780708964,32.84124714804615,20.477523200912547,3.2980141722958713e-06,52.825940270762416,1.8639047421279817,0.9244718580652395,6.690216106020857e-09,imerg,155,228994,0.426,0.33,0.426,0.037,0.052,0.0,0.374,2017-06-12 00:00:00,0.551,"[0.71, 1.07, 3.1]"
374,0.6325181344486046,37.890173280647915,17.633431744794056,2.229970549812434e-05,49.760587248933895,2.557711362051775,0.8395372134614421,7.946468926897885e-09,era5land,155,228994,0.361,0.302,0.361,0.013,0.019,0.0,0.342,2017-06-12 01:00:00,0.551,"[0.76, 1.11, 3.2]"
374,0.6325181344486046,37.890173280647915,17.633431744794056,2.229970549812434e-05,49.760587248933895,2.557711362051775,0.8395372134614421,7.946468926897885e-09,imerg,155,228994,0.361,0.306,0.361,0.018,0.019,0.0,0.342,2017-06-12 04:00:00,0.551,"[0.74, 1.11, 3.2]"
375,11.03500561139246,33.226430319907664,17.73503396551529,4.3654434119244126e-06,193.8259482375605,1.758389542713378,0.7710795063832951,7.878601028491119e-08,era5land,155,228994,0.0,0.0,0.0,0.0,0.0,0.0,0.0,,0.551,"[2.04, 2.95, 8.26]"
375,11.03500561139246,33.226430319907664,17.73503396551529,4.3654434119244126e-06,193.8259482375605,1.758389542713378,0.7710795063832951,7.878601028491119e-08,imerg,155,228994,0.0,0.001,0.0,0.001,0.0,0.0,0.0,,0.551,"[1.72, 2.58, 7.37]"
376,2.75001620915138,29.349800768172475,19.01829632392856,2.4182906854295895e-06,33.843545021764285,1.3083563801202478,0.9377546284957753,1.6091913560670978e-09,era5land,155,228994,0.265,0.232,0.265,0.016,0.019,0.0,0.245,2017-06-12 00:00:00,0.551,"[0.83, 1.21, 3.41]"
376,2.75001620915138,29.349800768172475,19.01829632392856,2.4182906854295895e-06,33.843545021764285,1.3083563801202478,0.9377546284957753,1.6091913560670978e-09,imerg,155,228994,0.265,0.232,0.265,0.021,0.032,0.0,0.232,2017-06-12 04:00:00,0.551,"[0.83, 1.21, 3.41]"
377,2.932380973267951,37.615676772252264,18.866908056500048,6.86165926253033e-05,312.11831060830997,1.2500810491235672,0.7674916680244102,9.461102513130383e-09,era5land,155,228994,0.006,0.004,0.006,0.004,0.006,0.0,0.0,,0.551,"[1.65, 2.47, 7.05]"
377,2.932380973267951,37.615676772252264,18.866908056500048,6.86165926253033e-05,312.11831060830997,1.2500810491235672,0.7674916680244102,9.461102513130383e-09,imerg,155,228994,0.084,0.081,0.084,0.081,0.084,0.0,0.0,,0.551,"[1.06, 1.56, 4.41]"
378,9.847015937479433,34.321462382063075,21.077590359214405,7.293823703594254e-05,25.608230378525164,2.2231249789666596,0.7503329551802926,6.547403574952496e-09,era5land,155,228994,0.0,0.001,0.0,0.001,0.0,0.0,0.0,,0.551,"[1.74, 2.56, 7.24]"
378,9.847015937479433,34.321462382063075,21.077590359214405,7.293823703594254e-05,25.608230378525164,2.2231249789666596,0.7503329551802926,6.547403574952496e-09,imerg,155,228994,0.0,0.002,0.0,0.002,0.0,0.0,0.0,,0.551,"[1.72, 2.53, 7.18]"
379,3.3561600410717523,29.198957722207332,17.195710539841905,2.5648064174639787e-06,71.53471452124198,1.5332576089186696,0.7423829847338121,1.503937216455716e-09,era5land,155,228994,0.277,0.257,0.277,0.026,0.032,0.0,0.245,2017-06-12 00:00:00,0.551,"[0.81, 1.17, 3.28]"
379,3.3561600410717523,29.198957722207332,17.195710539841905,2.5648064174639787e-06,71.53471452124198,1.5332576089186696,0.7423829847338121,1.503937216455716e-09,imerg,155,228994,0.277,0.257,0.277,0.045,0.065,0.0,0.213,2017-06-12 00:00:00,0.551,"[0.81, 1.17, 3.28]"
380,7.6865531318579725,37.325344678931195,19.708606125289666,1.5672049783453932e-06,69.30488559007529,1.272038430574774,0.5817691210446629,1.7535450030026595e-09,era5land,155,228994,0.0,0.002,0.0,0.0,0.0,0.0,0.0,,0.551,"[1.55, 2.22, 6.16]"
380,7.6865531318579725,37.325344678931195,19.708606125289666,1.5672049783453932e-06,69.30488559007529,1.272038430574774,0.5817691210446629,1.7535450030026595e-09,imerg,155,228994,0.0,0.002,0.0,0.002,0.0,0.0,0.0,,0.551,"[1.55, 2.22, 6.16]"
381,8.659297272312115,36.445961024734515,17.37093417361501,4.058331459520934e-05,10.129712146810265,1.158645042946926,0.551650256264625,2.3201310734543537e-08,era5land,155,228994,0.0,0.0,0.0,0.0,0.0,0.0,0.0,,0.552,"[2.19, 3.15, 8.76]"
381,8.659297272312115,36.445961024734515,17.37093417361501,4.058331459520934e-05,10.129712146810265,1.158645042946926,0.551650256264625,2.3201310734543537e-08,imerg,155,228994,0.0,0.0,0.0,0.0,0.0,0.0,0.0,,0.552,"[2.15, 3.1, 8.64]"
382,2.4570323248579373,28.48936545802841,20.5484664761093,1.0852889702885391e-07,167.2803822228654,2.254201466345193,0.8772694275215076,9.025465637181245e-09,era5land,155,228994,0.348,0.293,0.271,0.049,0.065,0.084,0.2,2017-06-12 20:00:00,0.551,"[0.76, 1.13, 3.55]"
382,2.4570323248579373,28.48936545802841,20.5484664761093,1.0852889702885391e-07,167.2803822228654,2.254201466345193,0.8772694275215076,9.025465637181245e-09,imerg,155,228994,0.335,0.283,0.239,0.049,0.065,0.097,0.155,2017-06-12 20:30:00,0.551,"[0.76, 1.18, 3.67]"
383,3.841377002178015,38.14277239193747,17.145918416339317,5.635455615394078e-06,43.729848930935866,1.5249114817803298,0.8414581419651472,3.107679713746933e-08,era5land,155,228994,0.084,0.083,0.084,0.002,0.0,0.0,0.084,2017-06-12 00:00:00,0.551,"[1.05, 1.54, 4.33]"
383,3.841377002178015,38.14277239193747,17.145918416339317,5.635455615394078e-06,43.729848930935866,1.5249114817803298,0.8414581419651472,3.107679713746933e-08,imerg,155,228994,0.084,0.083,0.084,0.004,0.006,0.0,0.077,2017-06-12 00:00:00,0.551,"[1.05, 1.54, 4.33]"
384,1.2708735694275946,29.652493761426758,19.836095262051188,1.965166383157956e-06,222.49202200200725,1.125967277440052,0.9851940559397074,9.234286024627552e-08,era5land,155,228994,0.039,0.031,0.039,0.031,0.039,0.0,0.265,2017-06-12 00:00:00,0.551,"[1.27, 1.91, 5.49]"
384,1.2708735694275946,29.652493761426758,19.836095262051188,1.965166383157956e-06,222.49202200200725,1.125967277440052,0.9851940559397074,9.234286024627552e-08,imerg,155,228994,0.348,0.295,0.348,0.295,0.348,0.0,0.0,,0.551,"[0.76, 1.12, 3.47]"
385,2.5433706206571136,28.554320305838246,15.856091374827015,1.9721533866578918e-05,14.18125101855111,1.9699575710003068,0.588171764561428,2.5161260433654372e-08,era5land,155,228994,0.568,0.449,0.568,0.098,0.09,0.0,0.477,2017-06-12 03:00:00,0.551,"[0.62, 0.92, 2.58]"
385,2.5433706206571136,28.554320305838246,15.856091374827015,1.9721533866578918e-05,14.18125101855111,1.9699575710003068,0.588171764561428,2.5161260433654372e-08,imerg,155,228994,0.568,0.449,0.568,0.103,0.09,0.0,0.477,2017-06-12 10:00:00,0.551,"[0.62, 0.92, 2.58]"
386,3.3071006263609832,27.99482838962719,16.695053688500415,2.5927800423826565e-07,251.23373517730565,2.8910504257284693,0.9755379977027029,1.1400852793238166e-08,era5land,155,228994,0.542,0.419,0.542,0.037,0.052,0.0,0.49,2017-06-12 04:00:00,0.551,"[0.65, 0.95, 2.69]"
386,3.3071006263609832,27.99482838962719,16.695053688500415,2.5927800423826565e-07,251.23373517730565,2.8910504257284693,0.9755379977027029,1.1400852793238166e-08,imerg,155,228994,0.542,0.419,0.542,0.037,0.052,0.0,0.49,2017-06-12 06:00:00,0.551,"[0.65, 0.95, 2.69]"
387,10.40406209552975,36.0972282684101,19.192013347332846,5.979857763356605e-05,30.65325147433225,3.8239355596723135,0.926487525321068,3.405359083008603e-08,era5land,155,228994,0.084,0.074,0.084,0.002,0.0,0.0,0.084,2017-06-12 15:00:00,0.551,"[1.08, 1.58, 4.73]"
387,10.40406209552975,36.0972282684101,19.192013347332846,5.979857763356605e-05,30.65325147433225,3.8239355596723135,0.926487525321068,3.405359083008603e-08,imerg,155,228994,0.084,0.074,0.071,0.002,0.0,0.019,0.065,2017-06-12 17:00:00,0.551,"[1.08, 1.58, 4.88]"
388,11.411839113952592,33.92549218477931,19.65159803402168,1.3940902162336769e-05,54.8259070814935,2.4460930345966787,0.5051543315673629,4.753417183470261e-08,era5land,155,228994,0.026,0.019,0.026,0.002,0.0,0.0,0.026,2017-06-12 00:00:00,0.551,"[1.28, 1.84, 5.14]"
388,11.411839113952592,33.92549218477931,19.65159803402168,1.3940902162336769e-05,54.8259070814935,2.4460930345966787,0.5051543315673629,4.753417183470261e-08,imerg,155,228994,0.026,0.019,0.026,0.004,0.006,0.0,0.019,2017-06-12 00:00:00,0.551,"[1.28, 1.84, 5.14]"
389,11.085613309250293,33.46450480631809,20.57641252028524,5.2144022220465825e-05,249.58612729367206,1.407247840904345,0.5680201746647546,1.8310877545581017e-08,era5land,155,228994,0.0,0.0,0.0,0.0,0.0,0.0,0.0,,0.551,"[2.01, 2.89, 8.06]"
389,11.085613309250293,33.46450480631809,20.57641252028524,5.2144022220465825e-05,249.58612729367206,1.407247840904345,0.5680201746647546,1.8310877545581017e-08,imerg,155,228994,0.0,0.0,0.0,0.0,0.0,0.0,0.0,,0.551,"[1.66, 2.36, 6.52]"
390,0.943489958766506,30.67747342288031,19.348648408305795,1.3843361419710423e-07,78.30363757737969,1.0423044983263101,0.9211257486300921,1.3344854834933429e-09,era5land,155,228994,0.432,0.333,0.432,0.031,0.039,0.0,0.394,2017-06-12 00:00:00,0.551,"[0.72, 1.07, 3.05]"
390,0.943489958766506,30.67747342288031,19.348648408305795,1.3843361419710423e-07,78.30363757737969,1.0423044983263101,0.9211257486300921,1.3344854834933429e-09,imerg,155,228994,0.432,0.333,0.432,0.031,0.039,0.0,0.394,2017-06-12 00:00:00,0.551,"[0.72, 1.07, 3.05]"
391,9.640356563941035,28.512907173747227,17.398716266591045,4.428055210804814e-06,209.06811878092077,3.0525360738011944,0.6465041736953078,4.8898263035700465e-09,era5land,155,228994,0.161,0.151,0.161,0.017,0.019,0.0,0.142,2017-06-12 00:00:00,0.551,"[0.94, 1.34, 3.74]"
391,9.640356563941035,28.512907173747227,17.398716266591045,4.428055210804814e-06,209.06811878092077,3.0525360738011944,0.6465041736953078,4.8898263035700465e-09,imerg,155,228994,0.161,0.151,0.161,0.029,0.039,0.0,0.123,2017-06-12 00:00:00,0.551,"[0.94, 1.34, 3.74]"
392,10.85924820748598,29.43368625734766,20.30988916029129,3.2427010261832433e-06,263.6477875238629,2.2965279616065297,0.6046629758687939,1.1522361256918135e-09,era5land,155,228994,0.052,0.033,0.065,0.005,0.006,0.0,0.058,2017-06-12 00:00:00,0.55,"[1.17, 1.69, 4.68]"
392,10.85924820748598,29.43368625734766,20.30988916029129,3.2427010261832433e-06,263.6477875238629,2.2965279616065297,0.6046629758687939,1.1522361256918135e-09,imerg,155,228994,0.065,0.039,0.065,0.022,0.032,0.0,0.032,2017-06-12 00:00:00,0.551,"[1.17, 1.69, 4.68]"
393,6.322382769665494,31.399472027228757,17.59899062627794,1.4074708731714452e-07,17.274969211292007,3.1134051786354657,0.858861792762962,4.101166652940414e-08,era5land,155,228994,0.013,0.01,0.013,0.01,0.013,0.0,0.0,,0.551,"[1.46, 2.16, 6.15]"
393,6.322382769665494,31.399472027228757,17.59899062627794,1.4074708731714452e-07,17.274969211292007,3.1134051786354657,0.858861792762962,4.101166652940414e-08,imerg,155,228994,0.013,0.01,0.013,0.01,0.013,0.0,0.0,,0.551,"[1.46, 2.16, 6.15]"
394,1.7136457216216945,30.89965895594157,21.075556700008043,5.2556897106763605e-06,408.09926997325357,1.2919491007505193,0.9711636767610208,1.2237793495338664e-09,era5land,155,228994,0.032,0.024,0.032,0.024,0.032,0.0,0.0,,0.551,"[1.33, 2.0, 5.74]"
394,1.7136457216216945,30.89965895594157,21.075556700008043,5.2556897106763605e-06,408.09926997325357,1.2919491007505193,0.9711636767610208,1.2237793495338664e-09,imerg,155,228994,0.271,0.247,0.271,0.247,0.271,0.0,0.0,,0.551,"[0.8, 1.2, 3.41]"
395,4.17445376719977,34.77650495299671,17.7032900032988,3.296338095224115e-05,25.049571362405626,1.9239376513479851,0.6533809513109577,4.272510293234036e-09,era5land,155,228994,0.019,0.011,0.09,0.011,0.019,0.0,0.135,2017-06-12 01:00:00,0.551,"[1.27, 1.68, 3.85]"
395,4.17445376719977,34.77650495299671,17.7032900032988,3.296338095224115e-05,25.049571362405626,1.9239376513479851,0.6533809513109577,4.272510293234036e-09,imerg,155,228994,0.019,0.014,0.09,0.014,0.019,0.0,0.135,2017-06-12 03:00:00,0.551,"[1.26, 1.66, 3.85]"
396,11.76035949176463,35.73316187258231,17.467611936755237,9.651289759101112e-06,160.79412506550568,3.7322621144287313,0.9517843366866898,2.7700734428649664e-08,era5land,155,228994,0.077,0.066,0.077,0.001,0.0,0.0,0.077,2017-06-12 00:00:00,0.551,"[1.09, 1.58, 4.43]"
396,11.76035949176463,35.73316187258231,17.467611936755237,9.651289759101112e-06,160.79412506550568,3.7322621144287313,0.9517843366866898,2.7700734428649664e-08,imerg,155,228994,0.077,0.066,0.077,0.002,0.0,0.0,0.077,2017-06-12 00:30:00,0.551,"[1.09, 1.58, 4.43]"
397,3.4055635137038287,30.963514019940554,15.76832854559743,2.707632743199237e-05,226.81018220494312,2.682047314166573,0.6866621062856473,4.436691868100038e-08,era5land,155,228994,0.065,0.048,0.065,0.048,0.065,0.0,0.0,,0.551,"[1.17, 1.75, 5.0]"
397,3.4055635137038287,30.963514019940554,15.76832854559743,2.707632743199237e-05,226.81018220494312,2.682047314166573,0.6866621062856473,4.436691868100038e-08,imerg,155,228994,0.116,0.112,0.116,0.112,0.116,0.0,0.0,,0.551,"[0.99, 1.53, 4.48]"
398,6.015924679621566,31.89566102204224,16.78657293935559,8.396953450840667e-05,145.34677922849136,3.1860698164975076,0.8820414224260924,6.92806879362156e-08,era5land,155,228994,0.019,0.011,0.019,0.011,0.019,0.0,0.0,,0.551,"[1.45, 2.16, 6.15]"
398,6.015924679621566,31.89566102204224,16.78657293935559,8.396953450840667e-05,145.34677922849136,3.1860698164975076,0.8820414224260924,6.92806879362156e-08,imerg,155,228994,0.026,0.02,0.026,0.02,0.026,0.0,0.0,,0.551,"[1.37, 2.06, 5.92]"
399,3.083816585239924,29.099814034866,19.00432223086717,9.257000318645373e-06,16.73377244477126,1.966317495039612,0.8521932027661472,2.2551594954155584e-09,era5land,155,228994,0.361,0.303,0.361,0.033,0.045,0.0,0.316,2017-06-12 05:00:00,0.551,"[0.75, 1.11, 3.13]"
399,3.083816585239924,29.099814034866,19.00432223086717,9.257000318645373e-06,16.73377244477126,1.966317495039612,0.8521932027661472,2.2551594954155584e-09,imerg,155,228994,0.361,0.303,0.361,0.035,0.045,0.0,0.316,2017-06-12 15:00:00,0.551,"[0.75, 1.11, 3.13]"
