i,c,phi,uws,Ks,D0_Ks,zmax,dwt_f,rizero,product,fail_cells,hill_cells,share_fail_cells_fs_lt1_final,share_hill_cells_fs_lt1_final,share_fail_cells_fs_lt1_by_02_30,share_hill_fs_lt1_prestorm,share_fail_fs_lt1_prestorm,share_fail_triggered_in_window,share_fail_triggered_before_window,median_first_fs_lt1,auc_final_fs,fs_final_fail_cells_pct,r26_event,r26_fail_cells,r26_hill_cells,r26_share_fail_cells_fs_lt1_final,r26_share_hill_cells_fs_lt1_final,r26_share_fail_cells_fs_lt1_by_02_30,r26_share_hill_fs_lt1_prestorm,r26_share_fail_fs_lt1_prestorm,r26_share_fail_triggered_in_window,r26_share_fail_triggered_before_window,r26_median_first_fs_lt1,r26_auc_final_fs,r26_fs_final_fail_cells_pct
1,9.58101834562374,28.903000444170495,20.53065131707094,1.997375313563523e-07,99.85752121175187,3.6479973815465554,0.7592478395707905,3.316822324552535e-09,era5land,155,228994,0.065,0.057,0.065,0.021,0.032,0.0,0.032,2017-06-12 15:00:00,0.551,"[1.16, 1.77, 5.11]",2026,155,228994,0.168,0.164,0.097,0.021,0.032,0.077,0.058,2026-07-08 06:00:00,0.551,"[0.91, 1.33, 3.75]"
1,9.58101834562374,28.903000444170495,20.53065131707094,1.997375313563523e-07,99.85752121175187,3.6479973815465554,0.7592478395707905,3.316822324552535e-09,imerg,155,228994,0.065,0.054,0.065,0.021,0.032,0.0,0.032,2017-06-12 15:00:00,0.551,"[1.16, 1.77, 5.13]",2026,155,228994,0.168,0.164,0.084,0.021,0.032,0.084,0.052,2026-07-08 18:00:00,0.551,"[0.91, 1.33, 3.75]"
2,11.579744631461256,34.16026278142723,20.01137560325203,5.51475116332442e-06,79.88827495035852,1.4684376405842372,0.8968119483022509,7.310686028378844e-09,era5land,155,228994,0.0,0.0,0.0,0.0,0.0,0.0,0.0,,0.558,"[1.85, 2.4, 6.62]",2026,155,228994,0.0,0.0,0.0,0.0,0.0,0.0,0.0,,0.551,"[1.69, 2.4, 6.62]"
2,11.579744631461256,34.16026278142723,20.01137560325203,5.51475116332442e-06,79.88827495035852,1.4684376405842372,0.8968119483022509,7.310686028378844e-09,imerg,155,228994,0.0,0.0,0.0,0.0,0.0,0.0,0.0,,0.555,"[1.8, 2.4, 6.62]",2026,155,228994,0.0,0.0,0.0,0.0,0.0,0.0,0.0,,0.551,"[1.69, 2.4, 6.62]"
3,9.600631262144804,31.211113008735303,17.19920711103264,1.088072294072785e-06,77.93716880386117,1.8714430311237695,0.6583710381094823,6.268233070143358e-09,era5land,155,228994,0.019,0.015,0.019,0.0,0.0,0.0,0.019,2017-06-12 00:00:00,0.551,"[1.28, 1.82, 5.01]",2026,155,228994,0.006,0.003,0.019,0.0,0.0,0.0,0.019,2026-07-03 18:00:00,0.551,"[1.78, 2.49, 6.8]"
3,9.600631262144804,31.211113008735303,17.19920711103264,1.088072294072785e-06,77.93716880386117,1.8714430311237695,0.6583710381094823,6.268233070143358e-09,imerg,155,228994,0.019,0.015,0.019,0.001,0.0,0.0,0.019,2017-06-12 00:00:00,0.551,"[1.28, 1.82, 5.01]",2026,155,228994,0.006,0.003,0.019,0.0,0.0,0.0,0.019,2026-07-03 06:00:00,0.551,"[1.78, 2.49, 7.69]"
4,3.7483152806758313,31.194977816284304,17.17640353370762,8.138283290378724e-07,176.11630585401923,3.0061354652388363,0.8751252142144632,1.1681085397661675e-09,era5land,155,228994,0.452,0.347,0.452,0.023,0.032,0.0,0.419,2017-06-12 00:00:00,0.551,"[0.71, 1.05, 2.97]",2026,155,228994,0.2,0.183,0.452,0.023,0.032,0.0,0.419,2026-07-05 00:00:00,0.551,"[0.89, 1.29, 3.62]"
4,3.7483152806758313,31.194977816284304,17.17640353370762,8.138283290378724e-07,176.11630585401923,3.0061354652388363,0.8751252142144632,1.1681085397661675e-09,imerg,155,228994,0.452,0.347,0.452,0.024,0.032,0.0,0.419,2017-06-12 00:00:00,0.551,"[0.71, 1.05, 2.97]",2026,155,228994,0.2,0.183,0.452,0.023,0.032,0.0,0.419,2026-07-05 00:00:00,0.551,"[0.89, 1.29, 3.62]"
5,8.067869115274043,37.20071465665129,18.938574945184328,4.339878244230273e-05,430.4868463417987,2.777747738056551,0.8528575243135763,9.844755549844782e-08,era5land,155,228994,0.0,0.002,0.0,0.002,0.0,0.0,0.0,,0.551,"[1.79, 2.66, 7.58]",2026,155,228994,0.0,0.002,0.0,0.002,0.0,0.0,0.0,,0.551,"[1.8, 2.67, 7.6]"
5,8.067869115274043,37.20071465665129,18.938574945184328,4.339878244230273e-05,430.4868463417987,2.777747738056551,0.8528575243135763,9.844755549844782e-08,imerg,155,228994,0.032,0.021,0.032,0.021,0.032,0.0,0.0,,0.551,"[1.44, 2.24, 6.57]",2026,155,228994,0.0,0.002,0.0,0.002,0.0,0.0,0.0,,0.551,"[1.8, 2.67, 7.6]"
6,7.277354529979075,34.490299168678,17.550174703233772,5.566542980363701e-07,15.197054963363112,1.1914877152651933,0.5969796760034813,1.6849621695854842e-09,era5land,155,228994,0.0,0.002,0.0,0.0,0.0,0.0,0.0,,0.551,"[1.49, 2.12, 5.83]",2026,155,228994,0.0,0.0,0.0,0.0,0.0,0.0,0.0,,0.552,"[2.26, 2.9, 5.83]"
6,7.277354529979075,34.490299168678,17.550174703233772,5.566542980363701e-07,15.197054963363112,1.1914877152651933,0.5969796760034813,1.6849621695854842e-09,imerg,155,228994,0.0,0.002,0.0,0.0,0.0,0.0,0.0,,0.551,"[1.49, 2.12, 5.83]",2026,155,228994,0.0,0.0,0.0,0.0,0.0,0.0,0.0,,0.552,"[2.26, 2.9, 7.17]"
7,2.389450340814758,33.61216472353577,18.459956466024103,2.9129715716576464e-07,56.74080768709199,2.175701401424467,0.7897917832408649,7.439465097587479e-09,era5land,155,228994,0.265,0.232,0.168,0.021,0.032,0.09,0.135,2017-06-13 00:00:00,0.551,"[0.8, 1.3, 4.1]",2026,155,228994,0.271,0.251,0.271,0.021,0.032,0.0,0.239,2026-07-06 00:00:00,0.551,"[0.8, 1.19, 3.38]"
7,2.389450340814758,33.61216472353577,18.459956466024103,2.9129715716576464e-07,56.74080768709199,2.175701401424467,0.7897917832408649,7.439465097587479e-09,imerg,155,228994,0.252,0.223,0.168,0.021,0.032,0.058,0.129,2017-06-13 00:00:00,0.551,"[0.8, 1.32, 4.15]",2026,155,228994,0.271,0.251,0.271,0.021,0.032,0.0,0.239,2026-07-06 18:00:00,0.551,"[0.8, 1.19, 3.38]"
8,5.140357952754281,31.594205811312097,17.81643439600569,1.7512970988292444e-07,93.81166009011278,3.042605118961059,0.9695674981128436,4.726127630070275e-09,era5land,155,228994,0.065,0.053,0.065,0.011,0.019,0.0,0.045,2017-06-12 20:00:00,0.551,"[1.2, 1.88, 5.55]",2026,155,228994,0.265,0.239,0.116,0.011,0.019,0.168,0.077,2026-07-08 09:00:00,0.551,"[0.82, 1.2, 3.39]"
8,5.140357952754281,31.594205811312097,17.81643439600569,1.7512970988292444e-07,93.81166009011278,3.042605118961059,0.9695674981128436,4.726127630070275e-09,imerg,155,228994,0.065,0.049,0.052,0.011,0.019,0.019,0.026,2017-06-12 22:00:00,0.551,"[1.21, 1.9, 5.59]",2026,155,228994,0.265,0.239,0.084,0.011,0.019,0.181,0.065,2026-07-09 03:00:00,0.551,"[0.82, 1.2, 3.39]"
11,6.360391441955632,30.557615272029107,15.728148974727985,1.1051028696698687e-07,12.82859384961391,3.6898840255311063,0.5750009819571935,6.136282618384913e-08,era5land,155,228994,0.019,0.013,0.019,0.013,0.019,0.0,0.0,,0.551,"[1.37, 2.0, 5.62]",2026,155,228994,0.019,0.015,0.019,0.013,0.019,0.0,0.0,,0.551,"[1.35, 1.98, 5.59]"
11,6.360391441955632,30.557615272029107,15.728148974727985,1.1051028696698687e-07,12.82859384961391,3.6898840255311063,0.5750009819571935,6.136282618384913e-08,imerg,155,228994,0.019,0.013,0.019,0.013,0.019,0.0,0.0,,0.551,"[1.37, 2.0, 5.62]",2026,155,228994,0.019,0.015,0.019,0.013,0.019,0.0,0.0,,0.551,"[1.36, 1.99, 5.6]"
12,1.970824344912897,37.66690875517568,16.20155143362982,7.61834696236808e-07,55.28291656744653,1.772150280509312,0.9920702265828534,6.40334550076427e-08,era5land,155,228994,0.2,0.183,0.2,0.004,0.006,0.0,0.194,2017-06-12 00:00:00,0.551,"[0.89, 1.3, 3.68]",2026,155,228994,0.084,0.08,0.2,0.004,0.006,0.0,0.194,2026-07-05 00:00:00,0.551,"[1.06, 1.53, 4.29]"
12,1.970824344912897,37.66690875517568,16.20155143362982,7.61834696236808e-07,55.28291656744653,1.772150280509312,0.9920702265828534,6.40334550076427e-08,imerg,155,228994,0.2,0.183,0.2,0.004,0.006,0.0,0.194,2017-06-12 01:00:00,0.551,"[0.89, 1.3, 3.68]",2026,155,228994,0.084,0.08,0.2,0.004,0.006,0.0,0.194,2026-07-05 00:00:00,0.551,"[1.06, 1.53, 4.29]"
13,8.374315028377405,32.148268637693505,18.04931163638549,1.3567589993016552e-05,60.83452299671463,3.860743182376431,0.7485577697318967,2.182280202533482e-08,era5land,155,228994,0.2,0.187,0.2,0.014,0.019,0.0,0.181,2017-06-12 03:00:00,0.551,"[0.88, 1.29, 3.64]",2026,155,228994,0.2,0.187,0.2,0.014,0.019,0.0,0.181,2026-07-05 06:00:00,0.551,"[0.88, 1.29, 3.64]"
13,8.374315028377405,32.148268637693505,18.04931163638549,1.3567589993016552e-05,60.83452299671463,3.860743182376431,0.7485577697318967,2.182280202533482e-08,imerg,155,228994,0.2,0.187,0.2,0.015,0.019,0.0,0.181,2017-06-12 11:30:00,0.551,"[0.88, 1.29, 3.64]",2026,155,228994,0.2,0.187,0.2,0.014,0.019,0.0,0.181,2026-07-05 00:00:00,0.551,"[0.88, 1.29, 3.84]"
14,10.13687297584056,31.61268841698014,20.59327035706094,2.669518015689278e-07,174.11108629986418,3.5549271746138116,0.986994330011708,1.3826072358421131e-09,era5land,155,228994,0.09,0.1,0.077,0.005,0.006,0.013,0.071,2017-06-12 14:00:00,0.551,"[1.03, 1.7, 5.14]",2026,155,228994,0.097,0.107,0.097,0.005,0.006,0.0,0.09,2026-07-05 18:00:00,0.551,"[1.0, 1.46, 4.12]"
14,10.13687297584056,31.61268841698014,20.59327035706094,2.669518015689278e-07,174.11108629986418,3.5549271746138116,0.986994330011708,1.3826072358421131e-09,imerg,155,228994,0.084,0.094,0.077,0.005,0.006,0.013,0.065,2017-06-12 14:30:00,0.551,"[1.05, 1.72, 5.2]",2026,155,228994,0.097,0.107,0.097,0.005,0.006,0.0,0.09,2026-07-06 03:00:00,0.551,"[1.0, 1.46, 4.12]"
15,10.933428843199016,30.36724446788804,16.429917773612388,7.638465134670222e-05,33.611982472168116,3.137682943100985,0.8985559244115104,5.021945484699933e-08,era5land,155,228994,0.0,0.002,0.0,0.002,0.0,0.0,0.084,2017-06-12 03:00:00,0.551,"[1.64, 2.41, 6.79]",2026,155,228994,0.006,0.003,0.006,0.002,0.0,0.0,0.006,2026-07-03 00:00:00,0.551,"[1.57, 2.33, 6.61]"
15,10.933428843199016,30.36724446788804,16.429917773612388,7.638465134670222e-05,33.611982472168116,3.137682943100985,0.8985559244115104,5.021945484699933e-08,imerg,155,228994,0.006,0.003,0.006,0.003,0.006,0.0,0.084,2017-06-12 10:00:00,0.551,"[1.63, 2.39, 6.74]",2026,155,228994,0.0,0.002,0.0,0.002,0.0,0.0,0.0,,0.551,"[1.58, 2.29, 6.49]"
16,5.987277088718385,28.78182351675726,16.779261731092863,8.769378098420604e-07,18.814524057668013,3.664605963651464,0.7455221106346106,3.6797352271427944e-08,era5land,155,228994,0.077,0.07,0.071,0.041,0.065,0.006,0.006,2017-06-13 02:00:00,0.551,"[1.1, 1.68, 4.84]",2026,155,228994,0.406,0.323,0.123,0.041,0.065,0.29,0.052,2026-07-10 00:00:00,0.551,"[0.74, 1.08, 3.02]"
16,5.987277088718385,28.78182351675726,16.779261731092863,8.769378098420604e-07,18.814524057668013,3.664605963651464,0.7455221106346106,3.6797352271427944e-08,imerg,155,228994,0.077,0.068,0.071,0.041,0.065,0.006,0.006,2017-06-13 03:00:00,0.551,"[1.11, 1.68, 4.85]",2026,155,228994,0.348,0.295,0.084,0.041,0.065,0.219,0.019,2026-07-10 15:00:00,0.551,"[0.74, 1.15, 3.54]"
17,5.7165306292348355,30.704414408890067,18.766768951100197,3.810697781672869e-06,80.3741224699549,1.752780079511611,0.8332175654973715,3.7931745717171646e-08,era5land,155,228994,0.09,0.1,0.09,0.006,0.006,0.0,0.084,2017-06-12 00:00:00,0.551,"[1.02, 1.47, 4.11]",2026,155,228994,0.09,0.1,0.09,0.006,0.006,0.0,0.084,2026-07-03 18:00:00,0.551,"[1.02, 1.47, 4.11]"
17,5.7165306292348355,30.704414408890067,18.766768951100197,3.810697781672869e-06,80.3741224699549,1.752780079511611,0.8332175654973715,3.7931745717171646e-08,imerg,155,228994,0.09,0.1,0.09,0.012,0.019,0.0,0.071,2017-06-12 00:00:00,0.551,"[1.02, 1.47, 4.11]",2026,155,228994,0.09,0.1,0.09,0.006,0.006,0.0,0.084,2026-07-03 06:00:00,0.551,"[1.02, 1.47, 4.11]"
18,8.617193119412399,37.696391278946855,16.33363748458812,1.256665980486441e-05,54.27623393321652,2.4901507234016833,0.5553579560017419,2.1172517216494636e-09,era5land,155,228994,0.065,0.045,0.065,0.002,0.0,0.0,0.065,2017-06-12 00:00:00,0.551,"[1.16, 1.67, 4.65]",2026,155,228994,0.065,0.045,0.065,0.002,0.0,0.0,0.065,2026-07-04 18:00:00,0.551,"[1.16, 1.67, 4.65]"
18,8.617193119412399,37.696391278946855,16.33363748458812,1.256665980486441e-05,54.27623393321652,2.4901507234016833,0.5553579560017419,2.1172517216494636e-09,imerg,155,228994,0.065,0.045,0.065,0.004,0.006,0.0,0.058,2017-06-12 00:00:00,0.551,"[1.16, 1.67, 4.65]",2026,155,228994,0.065,0.045,0.065,0.002,0.0,0.0,0.065,2026-07-04 09:00:00,0.551,"[1.16, 1.67, 4.65]"
19,6.036696126448452,33.05134312441561,17.708673509557414,9.96524818055252e-06,113.90943608185007,1.0121553628094426,0.6342708648882049,7.627862578759628e-08,era5land,155,228994,0.0,0.0,0.0,0.0,0.0,0.0,0.0,,0.551,"[1.88, 2.72, 7.61]",2026,155,228994,0.0,0.0,0.0,0.0,0.0,0.0,0.0,,0.551,"[1.9, 2.74, 7.64]"
19,6.036696126448452,33.05134312441561,17.708673509557414,9.96524818055252e-06,113.90943608185007,1.0121553628094426,0.6342708648882049,7.627862578759628e-08,imerg,155,228994,0.006,0.003,0.006,0.003,0.006,0.0,0.0,,0.551,"[1.44, 2.04, 5.8]",2026,155,228994,0.0,0.0,0.0,0.0,0.0,0.0,0.0,,0.551,"[1.9, 2.74, 7.64]"
20,2.5900223897818075,33.59539428391361,20.596745584110675,1.344891422411989e-06,199.70913917298793,2.7177146728378068,0.6367696129004886,4.471371833650933e-08,era5land,155,228994,0.213,0.21,0.213,0.037,0.052,0.0,0.161,2017-06-12 00:00:00,0.551,"[0.85, 1.26, 3.6]",2026,155,228994,0.2,0.188,0.213,0.037,0.052,0.0,0.161,2026-07-03 18:00:00,0.551,"[0.87, 1.33, 3.78]"
20,2.5900223897818075,33.59539428391361,20.596745584110675,1.344891422411989e-06,199.70913917298793,2.7177146728378068,0.6367696129004886,4.471371833650933e-08,imerg,155,228994,0.213,0.21,0.213,0.044,0.065,0.0,0.148,2017-06-12 00:00:00,0.551,"[0.85, 1.26, 3.6]",2026,155,228994,0.2,0.188,0.213,0.037,0.052,0.0,0.161,2026-07-03 06:00:00,0.551,"[0.87, 1.33, 3.78]"
21,0.756986414990399,35.38459194277045,20.928201647119455,1.3798707650017634e-06,31.851867647804596,1.8504673088639727,0.8459732250228069,2.640369369780929e-09,era5land,155,228994,0.265,0.232,0.265,0.02,0.026,0.0,0.239,2017-06-12 03:00:00,0.551,"[0.81, 1.23, 3.53]",2026,155,228994,0.2,0.195,0.265,0.02,0.026,0.0,0.239,2026-07-05 00:00:00,0.551,"[0.86, 1.29, 3.71]"
21,0.756986414990399,35.38459194277045,20.928201647119455,1.3798707650017634e-06,31.851867647804596,1.8504673088639727,0.8459732250228069,2.640369369780929e-09,imerg,155,228994,0.265,0.232,0.265,0.02,0.026,0.0,0.239,2017-06-12 04:00:00,0.551,"[0.81, 1.23, 3.53]",2026,155,228994,0.2,0.195,0.265,0.02,0.026,0.0,0.239,2026-07-05 00:00:00,0.551,"[0.86, 1.29, 3.8]"
22,9.484264726638669,33.754376046006875,19.60209203921028,1.4326089973028127e-05,159.31532559077104,2.1192854090891418,0.8004570131016863,1.736267939257034e-09,era5land,155,228994,0.0,0.001,0.0,0.001,0.0,0.0,0.0,,0.551,"[1.78, 2.62, 7.38]",2026,155,228994,0.0,0.001,0.0,0.001,0.0,0.0,0.0,,0.551,"[1.78, 2.56, 7.06]"
22,9.484264726638669,33.754376046006875,19.60209203921028,1.4326089973028127e-05,159.31532559077104,2.1192854090891418,0.8004570131016863,1.736267939257034e-09,imerg,155,228994,0.006,0.006,0.006,0.006,0.006,0.0,0.0,,0.551,"[1.61, 2.4, 6.87]",2026,155,228994,0.0,0.001,0.0,0.001,0.0,0.0,0.0,,0.551,"[1.79, 2.62, 7.39]"
23,1.7018453210898086,36.37973045388446,20.864546079358405,3.5293178893953376e-06,11.64605955807012,1.5317612478405938,0.9132970933830632,1.0054876278307863e-09,era5land,155,228994,0.168,0.154,0.168,0.008,0.006,0.0,0.161,2017-06-12 06:00:00,0.551,"[0.92, 1.38, 3.95]",2026,155,228994,0.084,0.083,0.168,0.008,0.006,0.0,0.161,2026-07-05 06:00:00,0.551,"[1.06, 1.56, 4.43]"
23,1.7018453210898086,36.37973045388446,20.864546079358405,3.5293178893953376e-06,11.64605955807012,1.5317612478405938,0.9132970933830632,1.0054876278307863e-09,imerg,155,228994,0.168,0.154,0.168,0.008,0.006,0.0,0.161,2017-06-12 11:00:00,0.551,"[0.92, 1.38, 3.95]",2026,155,228994,0.084,0.083,0.168,0.008,0.006,0.0,0.161,2026-07-05 12:00:00,0.551,"[1.06, 1.56, 4.43]"
24,6.646276252315948,37.16945385484406,19.10425349622161,9.02983024876175e-06,78.78190283058647,2.872769864070249,0.5545259978115106,4.38236452396277e-08,era5land,155,228994,0.084,0.084,0.084,0.009,0.006,0.0,0.077,2017-06-12 00:00:00,0.551,"[1.05, 1.55, 4.38]",2026,155,228994,0.084,0.084,0.084,0.009,0.006,0.0,0.077,2026-07-04 06:00:00,0.551,"[1.05, 1.55, 4.38]"
24,6.646276252315948,37.16945385484406,19.10425349622161,9.02983024876175e-06,78.78190283058647,2.872769864070249,0.5545259978115106,4.38236452396277e-08,imerg,155,228994,0.084,0.084,0.084,0.012,0.019,0.0,0.065,2017-06-12 00:00:00,0.551,"[1.05, 1.55, 4.38]",2026,155,228994,0.084,0.084,0.084,0.009,0.006,0.0,0.077,2026-07-03 06:00:00,0.551,"[1.05, 1.55, 4.38]"
25,7.630491474873879,29.842498664021992,20.247909786812464,5.207340941677686e-07,148.86328591279454,3.78214572235082,0.67284210711371,1.1149571147955827e-09,era5land,155,228994,0.219,0.212,0.219,0.036,0.045,0.0,0.174,2017-06-12 08:00:00,0.551,"[0.85, 1.25, 3.53]",2026,155,228994,0.09,0.099,0.219,0.036,0.045,0.0,0.174,2026-07-05 12:00:00,0.552,"[1.02, 1.25, 3.53]"
25,7.630491474873879,29.842498664021992,20.247909786812464,5.207340941677686e-07,148.86328591279454,3.78214572235082,0.67284210711371,1.1149571147955827e-09,imerg,155,228994,0.219,0.212,0.219,0.036,0.045,0.0,0.174,2017-06-12 10:00:00,0.551,"[0.85, 1.25, 3.53]",2026,155,228994,0.084,0.071,0.219,0.036,0.045,0.0,0.174,2026-07-05 12:00:00,0.55,"[1.02, 1.39, 3.53]"
26,5.192020088159838,33.63866778468515,20.17051175572303,8.043698821097643e-07,112.23197360495446,3.3712117461528597,0.6315940740597654,5.001004328368601e-09,era5land,155,228994,0.2,0.18,0.2,0.026,0.032,0.0,0.168,2017-06-12 02:00:00,0.551,"[0.89, 1.32, 3.74]",2026,155,228994,0.077,0.072,0.2,0.026,0.032,0.0,0.168,2026-07-05 06:00:00,0.551,"[1.08, 1.57, 4.43]"
26,5.192020088159838,33.63866778468515,20.17051175572303,8.043698821097643e-07,112.23197360495446,3.3712117461528597,0.6315940740597654,5.001004328368601e-09,imerg,155,228994,0.2,0.18,0.2,0.026,0.032,0.0,0.168,2017-06-12 04:30:00,0.551,"[0.89, 1.32, 3.74]",2026,155,228994,0.077,0.072,0.2,0.026,0.032,0.0,0.168,2026-07-05 03:00:00,0.551,"[1.08, 1.57, 4.43]"
27,1.857126222308014,34.0623663475416,20.15188147452126,1.121384181943393e-05,198.2358139715961,1.9428967843229503,0.9650712483887453,5.795046043579559e-09,era5land,155,228994,0.019,0.013,0.019,0.013,0.019,0.0,0.0,,0.551,"[1.45, 2.19, 6.31]",2026,155,228994,0.019,0.012,0.019,0.012,0.019,0.0,0.0,,0.551,"[1.46, 2.19, 6.21]"
28,3.977158397943782,35.548265829557366,19.30143708550616,3.7740505499900203e-07,258.1882652153389,2.0904738583330915,0.773331934684824,1.7620893980003645e-08,era5land,155,228994,0.103,0.109,0.103,0.008,0.006,0.0,0.097,2017-06-12 00:00:00,0.551,"[1.0, 1.47, 4.16]",2026,155,228994,0.065,0.044,0.103,0.007,0.006,0.0,0.097,2026-07-03 00:00:00,0.551,"[1.16, 1.69, 4.75]"
28,3.977158397943782,35.548265829557366,19.30143708550616,3.7740505499900203e-07,258.1882652153389,2.0904738583330915,0.773331934684824,1.7620893980003645e-08,imerg,155,228994,0.103,0.109,0.103,0.008,0.006,0.0,0.097,2017-06-12 00:00:00,0.551,"[1.0, 1.47, 4.16]",2026,155,228994,0.065,0.044,0.103,0.007,0.006,0.0,0.097,2026-07-03 06:00:00,0.551,"[1.16, 1.8, 5.05]"
29,9.038617513652063,29.708570236620123,20.394510064053726,1.3011025309953964e-07,63.65191813022637,3.996759828483076,0.7300473272376288,9.409019418433085e-08,era5land,155,228994,0.019,0.012,0.019,0.012,0.019,0.0,0.0,,0.551,"[1.4, 2.06, 5.85]",2026,155,228994,0.019,0.012,0.019,0.012,0.019,0.0,0.0,,0.551,"[1.38, 1.96, 5.41]"
29,9.038617513652063,29.708570236620123,20.394510064053726,1.3011025309953964e-07,63.65191813022637,3.996759828483076,0.7300473272376288,9.409019418433085e-08,imerg,155,228994,0.019,0.012,0.019,0.012,0.019,0.0,0.0,,0.551,"[1.4, 2.06, 5.85]",2026,155,228994,0.019,0.012,0.019,0.012,0.019,0.0,0.0,,0.551,"[1.38, 1.96, 5.41]"
30,3.9074678710625177,34.53312906860015,15.770754475961365,7.958894059158336e-05,106.728243810763,1.2932788045911097,0.8577087727152813,4.332685116268672e-09,era5land,155,228994,0.0,0.002,0.0,0.002,0.0,0.0,0.0,,0.551,"[1.74, 2.56, 7.26]",2026,155,228994,0.0,0.001,0.0,0.001,0.0,0.0,0.0,,0.551,"[1.75, 2.57, 7.29]"
30,3.9074678710625177,34.53312906860015,15.770754475961365,7.958894059158336e-05,106.728243810763,1.2932788045911097,0.8577087727152813,4.332685116268672e-09,imerg,155,228994,0.052,0.037,0.052,0.037,0.052,0.0,0.0,,0.551,"[1.3, 2.04, 5.99]",2026,155,228994,0.0,0.001,0.0,0.001,0.0,0.0,0.0,,0.551,"[1.75, 2.57, 7.29]"
31,0.281193254087009,37.54908304417611,16.553093704736074,1.1351073416610992e-05,48.429616787278775,1.0603842676607993,0.7651660432219909,3.7176551788866693e-09,era5land,155,228994,0.032,0.021,0.032,0.021,0.032,0.0,0.0,,0.551,"[1.37, 2.08, 6.0]",2026,155,228994,0.032,0.02,0.032,0.02,0.032,0.0,0.0,,0.551,"[1.35, 1.93, 5.25]"
32,3.677633296669645,35.885564869211485,20.074250153879092,7.5730442728620735e-06,21.967942092657644,2.324445341420204,0.6387684884041943,1.0389706094796536e-08,era5land,155,228994,0.142,0.139,0.142,0.015,0.019,0.0,0.123,2017-06-12 03:00:00,0.551,"[0.95, 1.41, 4.0]",2026,155,228994,0.084,0.094,0.142,0.015,0.019,0.0,0.123,2026-07-05 00:00:00,0.551,"[1.03, 1.58, 4.47]"
32,3.677633296669645,35.885564869211485,20.074250153879092,7.5730442728620735e-06,21.967942092657644,2.324445341420204,0.6387684884041943,1.0389706094796536e-08,imerg,155,228994,0.142,0.139,0.142,0.016,0.019,0.0,0.123,2017-06-12 11:00:00,0.551,"[0.95, 1.41, 4.0]",2026,155,228994,0.084,0.094,0.142,0.015,0.019,0.0,0.123,2026-07-05 00:00:00,0.551,"[1.04, 1.58, 4.47]"
33,5.878630913570924,28.109722089763416,18.709297782326473,6.483940565499257e-06,15.37679667038635,1.154050247451133,0.6124019000076205,1.1144830266529737e-08,era5land,155,228994,0.039,0.031,0.039,0.003,0.006,0.0,0.032,2017-06-12 00:00:00,0.551,"[1.2, 1.71, 4.71]",2026,155,228994,0.039,0.031,0.039,0.003,0.006,0.0,0.032,2026-07-04 18:00:00,0.551,"[1.2, 1.71, 4.71]"
33,5.878630913570924,28.109722089763416,18.709297782326473,6.483940565499257e-06,15.37679667038635,1.154050247451133,0.6124019000076205,1.1144830266529737e-08,imerg,155,228994,0.039,0.031,0.039,0.004,0.006,0.0,0.032,2017-06-12 00:00:00,0.551,"[1.2, 1.71, 4.71]",2026,155,228994,0.039,0.031,0.039,0.003,0.006,0.0,0.032,2026-07-03 06:00:00,0.551,"[1.2, 1.71, 4.71]"
34,8.144646058533032,30.937788449199235,19.445457321322767,1.2934526610675589e-05,11.913772389994364,2.7861795867957184,0.9065621558841837,7.353127393356484e-09,era5land,155,228994,0.116,0.121,0.084,0.006,0.006,0.039,0.071,2017-06-12 13:00:00,0.551,"[0.98, 1.42, 4.38]",2026,155,228994,0.026,0.02,0.065,0.006,0.006,0.0,0.077,2026-07-05 15:00:00,0.551,"[1.36, 1.93, 5.34]"
34,8.144646058533032,30.937788449199235,19.445457321322767,1.2934526610675589e-05,11.913772389994364,2.7861795867957184,0.9065621558841837,7.353127393356484e-09,imerg,155,228994,0.116,0.118,0.065,0.006,0.006,0.045,0.058,2017-06-13 01:00:00,0.551,"[0.98, 1.6, 4.59]",2026,155,228994,0.019,0.01,0.065,0.006,0.006,0.019,0.058,2026-07-07 18:00:00,0.551,"[1.36, 2.19, 6.02]"
35,7.034702293946886,34.382108099945334,18.378516843808303,5.390856778928893e-05,22.78819767157951,1.5704828826546366,0.872148350161934,4.259837615826735e-09,era5land,155,228994,0.0,0.0,0.0,0.0,0.0,0.0,0.0,,0.551,"[1.9, 2.78, 7.85]",2026,155,228994,0.0,0.0,0.0,0.0,0.0,0.0,0.0,,0.551,"[1.9, 2.76, 7.74]"
35,7.034702293946886,34.382108099945334,18.378516843808303,5.390856778928893e-05,22.78819767157951,1.5704828826546366,0.872148350161934,4.259837615826735e-09,imerg,155,228994,0.0,0.001,0.0,0.001,0.0,0.0,0.0,,0.551,"[1.85, 2.72, 7.7]",2026,155,228994,0.0,0.0,0.0,0.0,0.0,0.0,0.0,,0.551,"[1.9, 2.78, 7.85]"
37,1.195014143893941,31.271000511302628,15.97650240494909,1.805524938079385e-06,50.312393406033195,2.436371920371943,0.9962886765450883,1.797353038086458e-09,era5land,155,228994,0.639,0.519,0.639,0.028,0.039,0.0,0.6,2017-06-12 05:00:00,0.551,"[0.55, 0.83, 2.36]",2026,155,228994,0.548,0.436,0.639,0.028,0.039,0.0,0.6,2026-07-05 06:00:00,0.551,"[0.63, 0.93, 2.64]"
37,1.195014143893941,31.271000511302628,15.97650240494909,1.805524938079385e-06,50.312393406033195,2.436371920371943,0.9962886765450883,1.797353038086458e-09,imerg,155,228994,0.639,0.519,0.639,0.028,0.039,0.0,0.6,2017-06-12 08:00:00,0.551,"[0.55, 0.83, 2.36]",2026,155,228994,0.548,0.436,0.639,0.028,0.039,0.0,0.6,2026-07-05 06:00:00,0.551,"[0.63, 0.93, 2.64]"
38,8.745178644732622,32.962827524718634,16.084861811773923,4.277922056298689e-05,32.03151606484883,2.667428667396834,0.702524256783762,8.232101030198895e-09,era5land,155,228994,0.019,0.035,0.077,0.004,0.006,0.0,0.084,2017-06-12 01:00:00,0.551,"[1.11, 1.47, 4.08]",2026,155,228994,0.006,0.009,0.006,0.004,0.006,0.0,0.006,2026-07-03 18:00:00,0.556,"[1.43, 1.62, 4.08]"
38,8.745178644732622,32.962827524718634,16.084861811773923,4.277922056298689e-05,32.03151606484883,2.667428667396834,0.702524256783762,8.232101030198895e-09,imerg,155,228994,0.019,0.036,0.077,0.005,0.006,0.0,0.084,2017-06-12 04:00:00,0.551,"[1.09, 1.47, 4.08]",2026,155,228994,0.019,0.013,0.019,0.004,0.006,0.0,0.013,2026-07-03 15:00:00,0.56,"[1.19, 1.55, 4.62]"
39,8.24629879623099,30.974730270629884,17.21996089790091,2.2377361270230522e-07,12.338718800700908,2.3059814047670097,0.9508204084595386,2.4134458706379893e-09,era5land,155,228994,0.006,0.003,0.006,0.002,0.0,0.006,0.0,2017-06-13 02:00:00,0.551,"[1.68, 2.47, 7.01]",2026,155,228994,0.039,0.03,0.006,0.002,0.0,0.013,0.006,2026-07-11 15:00:00,0.551,"[1.34, 2.09, 6.1]"
39,8.24629879623099,30.974730270629884,17.21996089790091,2.2377361270230522e-07,12.338718800700908,2.3059814047670097,0.9508204084595386,2.4134458706379893e-09,imerg,155,228994,0.006,0.003,0.006,0.002,0.0,0.0,0.006,2017-06-13 00:00:00,0.551,"[1.68, 2.47, 7.0]",2026,155,228994,0.019,0.018,0.006,0.002,0.0,0.013,0.006,2026-07-10 18:00:00,0.551,"[1.43, 2.18, 6.31]"
40,6.135261529753412,32.810894499624155,18.78152425147175,1.145425879419509e-07,308.8606388265557,2.6528797308481535,0.9953478031615396,3.1309794690261364e-08,era5land,155,228994,0.065,0.043,0.065,0.005,0.006,0.0,0.058,2017-06-12 00:00:00,0.551,"[1.16, 1.68, 4.67]",2026,155,228994,0.006,0.005,0.065,0.005,0.006,0.0,0.058,2026-07-04 18:00:00,0.549,"[1.3, 1.68, 4.67]"
40,6.135261529753412,32.810894499624155,18.78152425147175,1.145425879419509e-07,308.8606388265557,2.6528797308481535,0.9953478031615396,3.1309794690261364e-08,imerg,155,228994,0.065,0.043,0.065,0.005,0.006,0.0,0.058,2017-06-12 00:00:00,0.551,"[1.16, 1.68, 4.67]",2026,155,228994,0.006,0.005,0.065,0.005,0.006,0.0,0.058,2026-07-05 00:00:00,0.551,"[1.36, 1.68, 4.67]"
41,6.465604955667309,37.96367075984583,19.793149858370377,1.681956188721058e-07,90.61996429325788,3.91313314404218,0.5468756446761032,2.870484465781074e-09,era5land,155,228994,0.039,0.028,0.032,0.012,0.019,0.006,0.013,2017-06-12 19:00:00,0.551,"[1.33, 2.03, 5.89]",2026,155,228994,0.09,0.099,0.065,0.012,0.019,0.026,0.045,2026-07-07 06:00:00,0.551,"[1.02, 1.51, 4.31]"
41,6.465604955667309,37.96367075984583,19.793149858370377,1.681956188721058e-07,90.61996429325788,3.91313314404218,0.5468756446761032,2.870484465781074e-09,imerg,155,228994,0.039,0.027,0.032,0.012,0.019,0.0,0.013,2017-06-12 18:00:00,0.551,"[1.33, 2.03, 5.89]",2026,155,228994,0.09,0.099,0.065,0.012,0.019,0.026,0.045,2026-07-07 18:00:00,0.551,"[1.02, 1.51, 4.32]"
42,9.531466434864354,28.817829161254647,19.61626527866991,5.759592980476022e-05,49.244315917792456,3.692889688613147,0.9033428872603584,4.142301994958246e-08,era5land,155,228994,0.077,0.053,0.161,0.014,0.019,0.0,0.181,2017-06-12 04:00:00,0.566,"[1.04, 1.39, 3.63]",2026,155,228994,0.032,0.021,0.032,0.014,0.019,0.0,0.013,2026-07-03 18:00:00,0.55,"[1.33, 1.88, 4.87]"
42,9.531466434864354,28.817829161254647,19.61626527866991,5.759592980476022e-05,49.244315917792456,3.692889688613147,0.9033428872603584,4.142301994958246e-08,imerg,155,228994,0.077,0.055,0.161,0.016,0.019,0.0,0.181,2017-06-12 12:30:00,0.565,"[1.04, 1.37, 3.63]",2026,155,228994,0.032,0.025,0.032,0.014,0.019,0.0,0.013,2026-07-03 06:00:00,0.546,"[1.3, 1.76, 4.81]"
44,7.7775350253796685,29.244971380700314,20.853258258396924,1.3258912622909115e-06,23.483444952388503,1.6360170462105486,0.6280486049220577,2.805359664316167e-09,era5land,155,228994,0.065,0.039,0.065,0.005,0.006,0.0,0.058,2017-06-12 00:00:00,0.551,"[1.17, 1.69, 4.69]",2026,155,228994,0.0,0.001,0.065,0.005,0.006,0.0,0.058,2026-07-05 00:00:00,0.551,"[1.7, 2.46, 6.74]"
44,7.7775350253796685,29.244971380700314,20.853258258396924,1.3258912622909115e-06,23.483444952388503,1.6360170462105486,0.6280486049220577,2.805359664316167e-09,imerg,155,228994,0.065,0.039,0.065,0.005,0.006,0.0,0.058,2017-06-12 00:00:00,0.551,"[1.17, 1.69, 4.69]",2026,155,228994,0.0,0.001,0.065,0.005,0.006,0.0,0.058,2026-07-04 06:00:00,0.551,"[1.7, 2.46, 6.74]"
45,7.219436789950328,36.51429649669333,19.92480928882024,1.2589503053319325e-06,49.181382589957195,3.941126039120476,0.9082378698813764,5.298883063831421e-09,era5land,155,228994,0.084,0.088,0.065,0.004,0.006,0.019,0.058,2017-06-12 20:00:00,0.551,"[1.07, 1.8, 5.5]",2026,155,228994,0.116,0.112,0.116,0.004,0.006,0.0,0.11,2026-07-06 00:00:00,0.551,"[0.99, 1.47, 4.18]"
45,7.219436789950328,36.51429649669333,19.92480928882024,1.2589503053319325e-06,49.181382589957195,3.941126039120476,0.9082378698813764,5.298883063831421e-09,imerg,155,228994,0.084,0.078,0.065,0.004,0.006,0.019,0.058,2017-06-12 22:00:00,0.551,"[1.11, 1.84, 5.6]",2026,155,228994,0.116,0.112,0.116,0.004,0.006,0.0,0.11,2026-07-06 18:00:00,0.551,"[0.99, 1.47, 4.18]"
46,11.354278912427684,30.299995652714703,20.49165609679675,7.901891386618585e-07,97.90316176737248,3.085936528923697,0.954540774324916,6.342108971615378e-08,era5land,155,228994,0.065,0.055,0.065,0.004,0.006,0.0,0.058,2017-06-12 00:00:00,0.551,"[1.12, 1.62, 4.52]",2026,155,228994,0.006,0.003,0.065,0.004,0.006,0.0,0.058,2026-07-05 06:00:00,0.551,"[1.57, 2.23, 6.13]"
46,11.354278912427684,30.299995652714703,20.49165609679675,7.901891386618585e-07,97.90316176737248,3.085936528923697,0.954540774324916,6.342108971615378e-08,imerg,155,228994,0.065,0.055,0.065,0.004,0.006,0.0,0.058,2017-06-12 03:00:00,0.551,"[1.12, 1.62, 4.52]",2026,155,228994,0.006,0.003,0.065,0.004,0.006,0.0,0.058,2026-07-05 00:00:00,0.551,"[1.58, 2.23, 6.13]"
48,6.616735039038311,35.79899647400255,16.760908843975113,5.734106890501149e-07,32.86475257636471,3.8382021591269657,0.7577440573272359,4.8267848154977016e-08,era5land,155,228994,0.032,0.023,0.019,0.007,0.006,0.013,0.013,2017-06-12 18:30:00,0.551,"[1.38, 2.12, 6.15]",2026,155,228994,0.142,0.137,0.071,0.007,0.006,0.077,0.058,2026-07-08 06:00:00,0.551,"[0.95, 1.39, 3.9]"
48,6.616735039038311,35.79899647400255,16.760908843975113,5.734106890501149e-07,32.86475257636471,3.8382021591269657,0.7577440573272359,4.8267848154977016e-08,imerg,155,228994,0.032,0.022,0.019,0.007,0.006,0.013,0.013,2017-06-12 15:30:00,0.551,"[1.39, 2.12, 6.15]",2026,155,228994,0.142,0.137,0.065,0.007,0.006,0.097,0.039,2026-07-09 00:00:00,0.551,"[0.95, 1.39, 4.24]"
49,10.913059017293069,31.176802869270777,15.703629040319456,1.1819370241296849e-06,39.37884415096515,3.137447535241577,0.9122750615587132,3.067139958448856e-09,era5land,155,228994,0.09,0.099,0.077,0.001,0.0,0.013,0.077,2017-06-12 18:00:00,0.551,"[1.02, 1.62, 4.96]",2026,155,228994,0.006,0.023,0.09,0.001,0.0,0.0,0.09,2026-07-05 18:00:00,0.55,"[1.11, 1.45, 4.02]"
49,10.913059017293069,31.176802869270777,15.703629040319456,1.1819370241296849e-06,39.37884415096515,3.137447535241577,0.9122750615587132,3.067139958448856e-09,imerg,155,228994,0.09,0.099,0.065,0.001,0.0,0.026,0.065,2017-06-12 20:00:00,0.551,"[1.02, 1.67, 5.09]",2026,155,228994,0.0,0.001,0.09,0.001,0.0,0.0,0.09,2026-07-06 15:00:00,0.554,"[1.16, 1.45, 4.02]"
50,6.9791423668577846,35.98722410072804,17.784230802265263,2.3411170387857832e-06,146.69916949826592,2.524496265641422,0.8131268260196766,4.385985282037219e-09,era5land,155,228994,0.084,0.084,0.084,0.003,0.006,0.0,0.077,2017-06-12 00:00:00,0.551,"[1.05, 1.53, 4.3]",2026,155,228994,0.084,0.084,0.084,0.002,0.006,0.0,0.077,2026-07-03 18:00:00,0.551,"[1.05, 1.53, 4.3]"
50,6.9791423668577846,35.98722410072804,17.784230802265263,2.3411170387857832e-06,146.69916949826592,2.524496265641422,0.8131268260196766,4.385985282037219e-09,imerg,155,228994,0.084,0.084,0.084,0.005,0.006,0.0,0.077,2017-06-12 00:00:00,0.551,"[1.05, 1.53, 4.3]",2026,155,228994,0.084,0.084,0.084,0.002,0.006,0.0,0.077,2026-07-03 06:00:00,0.551,"[1.05, 1.53, 4.3]"
51,10.163767871472825,31.142615374490653,18.057580421890034,5.853118103492326e-07,94.4456072215198,2.6605434057635433,0.9345801806821846,5.1755552179388575e-08,era5land,155,228994,0.065,0.041,0.065,0.001,0.0,0.0,0.065,2017-06-12 01:00:00,0.551,"[1.16, 1.66, 4.61]",2026,155,228994,0.0,0.001,0.065,0.001,0.0,0.0,0.065,2026-07-05 03:00:00,0.551,"[1.69, 2.38, 6.51]"
51,10.163767871472825,31.142615374490653,18.057580421890034,5.853118103492326e-07,94.4456072215198,2.6605434057635433,0.9345801806821846,5.1755552179388575e-08,imerg,155,228994,0.065,0.041,0.065,0.001,0.0,0.0,0.065,2017-06-12 02:00:00,0.551,"[1.16, 1.66, 4.61]",2026,155,228994,0.0,0.001,0.065,0.001,0.0,0.0,0.065,2026-07-05 00:00:00,0.551,"[1.69, 2.38, 6.51]"
52,6.723969005629181,35.361961272617854,16.28347927504481,1.8923218226904732e-05,11.276144953694033,2.70566658266763,0.8612255690894641,1.0910643818886831e-09,era5land,155,228994,0.142,0.137,0.084,0.003,0.006,0.065,0.071,2017-06-12 23:00:00,0.551,"[0.95, 1.41, 4.36]",2026,155,228994,0.039,0.03,0.071,0.003,0.006,0.006,0.071,2026-07-05 18:00:00,0.551,"[1.21, 1.9, 5.25]"
52,6.723969005629181,35.361961272617854,16.28347927504481,1.8923218226904732e-05,11.276144953694033,2.70566658266763,0.8612255690894641,1.0910643818886831e-09,imerg,155,228994,0.142,0.137,0.065,0.003,0.006,0.077,0.058,2017-06-13 04:00:00,0.551,"[0.95, 1.53, 4.78]",2026,155,228994,0.039,0.03,0.077,0.003,0.006,0.026,0.058,2026-07-07 18:00:00,0.551,"[1.34, 1.9, 5.43]"
53,10.654583549374596,32.40814242197065,15.967378257828951,1.003073845611957e-06,14.576200862337007,2.135354140236883,0.6132943903901393,1.9508331181779376e-08,era5land,155,228994,0.019,0.012,0.019,0.0,0.0,0.0,0.019,2017-06-12 17:00:00,0.551,"[1.3, 1.98, 5.8]",2026,155,228994,0.019,0.01,0.019,0.0,0.0,0.0,0.019,2026-07-05 18:00:00,0.551,"[1.3, 1.84, 5.05]"
53,10.654583549374596,32.40814242197065,15.967378257828951,1.003073845611957e-06,14.576200862337007,2.135354140236883,0.6132943903901393,1.9508331181779376e-08,imerg,155,228994,0.019,0.012,0.019,0.0,0.0,0.0,0.019,2017-06-12 19:00:00,0.551,"[1.3, 2.02, 5.87]",2026,155,228994,0.013,0.009,0.019,0.0,0.0,0.0,0.019,2026-07-06 12:00:00,0.551,"[1.3, 1.84, 5.05]"
54,9.679592936336986,29.16218217724094,20.5092096750821,5.3650499099839714e-05,101.03986114526722,2.592330067835628,0.9410815463059824,1.069726772202211e-09,era5land,155,228994,0.006,0.005,0.006,0.005,0.006,0.0,0.0,,0.551,"[1.55, 2.28, 6.45]",2026,155,228994,0.006,0.005,0.006,0.005,0.006,0.0,0.0,,0.551,"[1.55, 2.28, 6.45]"
54,9.679592936336986,29.16218217724094,20.5092096750821,5.3650499099839714e-05,101.03986114526722,2.592330067835628,0.9410815463059824,1.069726772202211e-09,imerg,155,228994,0.006,0.009,0.006,0.009,0.006,0.0,0.0,,0.551,"[1.49, 2.21, 6.27]",2026,155,228994,0.006,0.005,0.006,0.005,0.006,0.0,0.0,,0.551,"[1.55, 2.28, 6.45]"
55,7.4719189837779965,29.26191630821795,18.660979355034577,1.2257933311695638e-05,152.5628623944488,1.5018713957687235,0.794939994984398,3.967500705247373e-09,era5land,155,228994,0.0,0.001,0.0,0.001,0.0,0.0,0.0,,0.551,"[1.67, 2.43, 6.82]",2026,155,228994,0.0,0.001,0.0,0.001,0.0,0.0,0.0,,0.551,"[1.68, 2.44, 6.83]"
55,7.4719189837779965,29.26191630821795,18.660979355034577,1.2257933311695638e-05,152.5628623944488,1.5018713957687235,0.794939994984398,3.967500705247373e-09,imerg,155,228994,0.032,0.022,0.032,0.022,0.032,0.0,0.0,,0.551,"[1.36, 2.06, 5.93]",2026,155,228994,0.0,0.001,0.0,0.001,0.0,0.0,0.0,,0.551,"[1.68, 2.44, 6.83]"
56,4.729600223778623,32.17871367260291,19.939522740348597,6.5952772950509995e-06,439.2005022050638,3.470195059297259,0.5867156476645813,1.366162249514245e-09,era5land,155,228994,0.065,0.047,0.148,0.047,0.065,0.0,0.2,2017-06-12 00:00:00,0.551,"[1.18, 1.77, 3.46]",2026,155,228994,0.265,0.235,0.265,0.046,0.065,0.0,0.2,2026-07-03 18:00:00,0.551,"[0.82, 1.21, 3.46]"
57,5.168461955147328,32.98482560112839,19.429982846831823,3.1165265341636083e-06,130.58567902470247,1.8292798654772813,0.9098721761077372,8.358961116655639e-09,era5land,155,228994,0.09,0.1,0.09,0.004,0.006,0.0,0.084,2017-06-12 00:00:00,0.551,"[1.02, 1.48, 4.17]",2026,155,228994,0.09,0.1,0.09,0.004,0.006,0.0,0.084,2026-07-03 18:00:00,0.551,"[1.02, 1.48, 4.17]"
57,5.168461955147328,32.98482560112839,19.429982846831823,3.1165265341636083e-06,130.58567902470247,1.8292798654772813,0.9098721761077372,8.358961116655639e-09,imerg,155,228994,0.09,0.1,0.09,0.014,0.019,0.0,0.071,2017-06-12 00:00:00,0.551,"[1.02, 1.48, 4.17]",2026,155,228994,0.09,0.1,0.09,0.004,0.006,0.0,0.084,2026-07-03 06:00:00,0.551,"[1.02, 1.48, 4.17]"
59,6.241691345703235,31.33960400884989,16.598695670354136,3.062115459313134e-06,59.8505179033274,2.9979537524237037,0.7178685345318084,2.517001622884467e-09,era5land,155,228994,0.271,0.243,0.271,0.018,0.019,0.0,0.252,2017-06-12 01:00:00,0.551,"[0.82, 1.19, 3.34]",2026,155,228994,0.084,0.093,0.271,0.018,0.019,0.0,0.252,2026-07-05 00:00:00,0.551,"[1.03, 1.62, 4.47]"
59,6.241691345703235,31.33960400884989,16.598695670354136,3.062115459313134e-06,59.8505179033274,2.9979537524237037,0.7178685345318084,2.517001622884467e-09,imerg,155,228994,0.271,0.243,0.271,0.019,0.026,0.0,0.245,2017-06-12 04:00:00,0.551,"[0.82, 1.19, 3.34]",2026,155,228994,0.084,0.075,0.271,0.018,0.019,0.0,0.252,2026-07-05 00:00:00,0.551,"[1.13, 1.62, 4.47]"
60,5.268020820536469,37.653560366761155,15.907706077228148,9.1088045378381e-06,447.74216600002194,3.3915796861880576,0.6894231148169048,5.713734774679809e-09,era5land,155,228994,0.006,0.009,0.006,0.009,0.006,0.0,0.129,2017-06-12 00:00:00,0.551,"[1.5, 2.24, 6.4]",2026,155,228994,0.065,0.042,0.065,0.009,0.006,0.0,0.058,2026-07-03 00:00:00,0.551,"[1.23, 1.91, 5.61]"
60,5.268020820536469,37.653560366761155,15.907706077228148,9.1088045378381e-06,447.74216600002194,3.3915796861880576,0.6894231148169048,5.713734774679809e-09,imerg,155,228994,0.065,0.046,0.065,0.046,0.065,0.0,0.129,2017-06-12 00:00:00,0.551,"[1.23, 1.92, 5.64]",2026,155,228994,0.026,0.031,0.026,0.009,0.006,0.0,0.019,2026-07-03 06:00:00,0.57,"[1.06, 1.33, 3.53]"
61,4.825457102385313,34.569922191891685,18.2544269517664,2.016553978534653e-06,19.18159579829133,2.6312331408681944,0.5536253467862966,6.328201866105489e-09,era5land,155,228994,0.187,0.172,0.187,0.023,0.032,0.0,0.155,2017-06-12 14:00:00,0.551,"[0.9, 1.32, 3.75]",2026,155,228994,0.065,0.047,0.187,0.023,0.032,0.0,0.155,2026-07-05 12:00:00,0.551,"[1.07, 1.45, 3.75]"
61,4.825457102385313,34.569922191891685,18.2544269517664,2.016553978534653e-06,19.18159579829133,2.6312331408681944,0.5536253467862966,6.328201866105489e-09,imerg,155,228994,0.187,0.172,0.187,0.023,0.032,0.0,0.155,2017-06-12 17:00:00,0.551,"[0.9, 1.32, 3.75]",2026,155,228994,0.065,0.047,0.187,0.023,0.032,0.0,0.155,2026-07-06 12:00:00,0.551,"[1.07, 1.47, 3.75]"
62,6.903925150129591,28.88603816889556,16.589372068393672,1.872745226384594e-05,328.7225837895741,1.789971843575164,0.9782278396624736,4.587548117203557e-08,era5land,155,228994,0.0,0.002,0.0,0.002,0.0,0.0,0.0,,0.551,"[1.67, 2.45, 6.89]",2026,155,228994,0.0,0.001,0.0,0.001,0.0,0.0,0.0,,0.551,"[1.68, 2.46, 6.92]"
63,4.543311086249727,33.27281920183492,20.137757284901404,3.741765780199113e-06,53.671298128639584,3.873067986626028,0.7783789602103893,5.8931752495381775e-09,era5land,155,228994,0.258,0.225,0.258,0.023,0.032,0.0,0.226,2017-06-12 08:00:00,0.551,"[0.83, 1.23, 3.52]",2026,155,228994,0.123,0.123,0.258,0.023,0.032,0.0,0.226,2026-07-05 12:00:00,0.551,"[0.97, 1.43, 4.04]"
63,4.543311086249727,33.27281920183492,20.137757284901404,3.741765780199113e-06,53.671298128639584,3.873067986626028,0.7783789602103893,5.8931752495381775e-09,imerg,155,228994,0.258,0.225,0.258,0.023,0.032,0.0,0.226,2017-06-12 14:00:00,0.551,"[0.83, 1.23, 3.52]",2026,155,228994,0.123,0.123,0.258,0.023,0.032,0.0,0.226,2026-07-06 06:00:00,0.551,"[0.97, 1.45, 4.3]"
64,0.2033279468901666,33.36537508739647,18.439269243261432,4.788004771531803e-05,119.08898042940866,1.091043601383462,0.8199096238943013,3.014770659395014e-09,era5land,155,228994,0.065,0.042,0.065,0.042,0.065,0.0,0.0,,0.551,"[1.22, 1.85, 5.34]",2026,155,228994,0.065,0.04,0.065,0.04,0.065,0.0,0.0,,0.551,"[1.23, 1.86, 5.38]"
65,10.784728258802296,28.45667569036519,16.237123277123963,3.384909238887577e-05,320.21375287561835,1.687104504158219,0.6180546733269299,2.0390044585033603e-09,era5land,155,228994,0.0,0.0,0.0,0.0,0.0,0.0,0.0,,0.551,"[1.82, 2.6, 7.2]",2026,155,228994,0.0,0.0,0.0,0.0,0.0,0.0,0.0,,0.551,"[1.83, 2.61, 7.24]"
65,10.784728258802296,28.45667569036519,16.237123277123963,3.384909238887577e-05,320.21375287561835,1.687104504158219,0.6180546733269299,2.0390044585033603e-09,imerg,155,228994,0.0,0.002,0.0,0.002,0.0,0.0,0.0,,0.551,"[1.42, 1.99, 5.49]",2026,155,228994,0.0,0.0,0.0,0.0,0.0,0.0,0.0,,0.551,"[1.83, 2.61, 7.24]"
66,4.113217837200048,32.11195573727301,20.374364066705724,2.246606178600426e-06,483.8169842100188,3.8654574465616265,0.9875926868223708,2.0022299856396713e-08,era5land,155,228994,0.271,0.254,0.271,0.017,0.019,0.0,0.252,2017-06-12 00:00:00,0.551,"[0.79, 1.18, 3.38]",2026,155,228994,0.271,0.254,0.271,0.017,0.019,0.0,0.252,2026-07-03 18:00:00,0.551,"[0.79, 1.18, 3.38]"
66,4.113217837200048,32.11195573727301,20.374364066705724,2.246606178600426e-06,483.8169842100188,3.8654574465616265,0.9875926868223708,2.0022299856396713e-08,imerg,155,228994,0.271,0.254,0.271,0.03,0.039,0.0,0.232,2017-06-12 00:00:00,0.551,"[0.79, 1.18, 3.38]",2026,155,228994,0.271,0.254,0.271,0.017,0.019,0.0,0.252,2026-07-03 06:00:00,0.551,"[0.79, 1.18, 3.38]"
67,3.4990073093712386,29.63593792880803,19.31561808002249,2.736785478069647e-07,11.461522536727996,1.1653276396001184,0.7882506093716011,1.047249238589546e-09,era5land,155,228994,0.077,0.069,0.065,0.011,0.019,0.013,0.045,2017-06-12 17:00:00,0.551,"[1.12, 1.75, 5.12]",2026,155,228994,0.135,0.133,0.135,0.011,0.019,0.0,0.116,2026-07-06 15:00:00,0.551,"[0.96, 1.39, 3.9]"
67,3.4990073093712386,29.63593792880803,19.31561808002249,2.736785478069647e-07,11.461522536727996,1.1653276396001184,0.7882506093716011,1.047249238589546e-09,imerg,155,228994,0.077,0.067,0.065,0.011,0.019,0.013,0.045,2017-06-12 18:00:00,0.551,"[1.13, 1.76, 5.14]",2026,155,228994,0.135,0.133,0.116,0.011,0.019,0.045,0.071,2026-07-07 06:00:00,0.551,"[0.96, 1.39, 3.9]"
68,9.183819957101347,37.39390647332283,20.88740542509516,7.147703955298816e-07,109.98438488039078,2.209962451713937,0.8359255083696655,3.1026331567791027e-09,era5land,155,228994,0.019,0.016,0.019,0.0,0.0,0.0,0.019,2017-06-12 00:00:00,0.551,"[1.32, 1.92, 5.4]",2026,155,228994,0.0,0.001,0.019,0.0,0.0,0.0,0.019,2026-07-04 00:00:00,0.551,"[1.82, 2.6, 7.19]"
68,9.183819957101347,37.39390647332283,20.88740542509516,7.147703955298816e-07,109.98438488039078,2.209962451713937,0.8359255083696655,3.1026331567791027e-09,imerg,155,228994,0.019,0.016,0.019,0.0,0.0,0.0,0.019,2017-06-12 00:00:00,0.551,"[1.32, 1.92, 5.4]",2026,155,228994,0.0,0.001,0.019,0.0,0.0,0.0,0.019,2026-07-04 00:00:00,0.551,"[1.82, 2.6, 7.19]"
69,5.820460647414382,36.14225356424386,16.42079991201528,5.138793935694427e-06,13.100378248941045,1.0491764492467297,0.7600666132318118,3.6347031497822506e-08,era5land,155,228994,0.006,0.003,0.006,0.0,0.0,0.0,0.006,2017-06-12 00:00:00,0.551,"[1.45, 2.06, 5.68]",2026,155,228994,0.006,0.003,0.006,0.0,0.0,0.0,0.006,2026-07-03 18:00:00,0.551,"[1.45, 2.06, 5.68]"
69,5.820460647414382,36.14225356424386,16.42079991201528,5.138793935694427e-06,13.100378248941045,1.0491764492467297,0.7600666132318118,3.6347031497822506e-08,imerg,155,228994,0.006,0.003,0.006,0.0,0.0,0.0,0.006,2017-06-12 00:00:00,0.551,"[1.45, 2.06, 5.68]",2026,155,228994,0.006,0.003,0.006,0.0,0.0,0.0,0.006,2026-07-03 06:00:00,0.551,"[1.45, 2.06, 5.68]"
70,6.214441271412388,33.31124032774469,17.49795692538288,1.9803590800765555e-05,40.97159929500187,2.560943745908527,0.7152877586090776,1.9733935046228963e-08,era5land,155,228994,0.161,0.151,0.161,0.009,0.013,0.0,0.148,2017-06-12 02:00:00,0.551,"[0.93, 1.36, 3.82]",2026,155,228994,0.161,0.151,0.161,0.009,0.013,0.0,0.148,2026-07-05 00:00:00,0.551,"[0.93, 1.36, 3.82]"
70,6.214441271412388,33.31124032774469,17.49795692538288,1.9803590800765555e-05,40.97159929500187,2.560943745908527,0.7152877586090776,1.9733935046228963e-08,imerg,155,228994,0.161,0.151,0.161,0.012,0.019,0.0,0.142,2017-06-12 06:30:00,0.551,"[0.93, 1.36, 3.82]",2026,155,228994,0.161,0.151,0.161,0.009,0.013,0.0,0.148,2026-07-05 00:00:00,0.551,"[0.93, 1.36, 3.82]"
73,7.091140876384163,33.25711429909707,16.820123197425488,2.290169576586613e-07,71.09456847088316,3.706769871002499,0.7719018971957958,1.4056444829095446e-08,era5land,155,228994,0.039,0.031,0.032,0.011,0.019,0.006,0.013,2017-06-12 18:00:00,0.551,"[1.3, 1.99, 5.77]",2026,155,228994,0.2,0.177,0.077,0.011,0.019,0.129,0.052,2026-07-09 06:00:00,0.551,"[0.9, 1.31, 3.66]"
73,7.091140876384163,33.25711429909707,16.820123197425488,2.290169576586613e-07,71.09456847088316,3.706769871002499,0.7719018971957958,1.4056444829095446e-08,imerg,155,228994,0.039,0.03,0.032,0.011,0.019,0.006,0.013,2017-06-12 18:00:00,0.551,"[1.31, 2.0, 5.78]",2026,155,228994,0.2,0.177,0.065,0.011,0.019,0.135,0.045,2026-07-10 00:00:00,0.551,"[0.9, 1.31, 4.01]"
74,10.430080394920353,28.274587633238983,18.433828541884317,1.5555261546836628e-07,225.73980082949112,2.312870179716697,0.7019492558227806,5.4765727623107775e-08,era5land,155,228994,0.006,0.005,0.006,0.002,0.0,0.0,0.006,2017-06-12 00:00:00,0.551,"[1.38, 1.94, 5.34]",2026,155,228994,0.0,0.001,0.006,0.002,0.0,0.0,0.006,2026-07-03 00:00:00,0.551,"[1.7, 2.48, 6.8]"
74,10.430080394920353,28.274587633238983,18.433828541884317,1.5555261546836628e-07,225.73980082949112,2.312870179716697,0.7019492558227806,5.4765727623107775e-08,imerg,155,228994,0.006,0.005,0.006,0.002,0.0,0.0,0.006,2017-06-12 00:00:00,0.551,"[1.38, 1.94, 5.34]",2026,155,228994,0.0,0.001,0.006,0.002,0.0,0.0,0.006,2026-07-03 06:00:00,0.551,"[1.7, 2.48, 6.8]"
75,3.5964214418798757,38.05063637818617,16.733133703527898,1.6756576359203634e-06,107.774331814176,2.071568772505565,0.8470016083316136,8.025612092834526e-08,era5land,155,228994,0.123,0.126,0.123,0.003,0.006,0.0,0.116,2017-06-12 00:00:00,0.551,"[0.97, 1.42, 4.01]",2026,155,228994,0.123,0.126,0.123,0.003,0.006,0.0,0.116,2026-07-03 18:00:00,0.551,"[0.97, 1.46, 4.24]"
75,3.5964214418798757,38.05063637818617,16.733133703527898,1.6756576359203634e-06,107.774331814176,2.071568772505565,0.8470016083316136,8.025612092834526e-08,imerg,155,228994,0.123,0.126,0.123,0.006,0.006,0.0,0.116,2017-06-12 00:00:00,0.551,"[0.97, 1.42, 4.01]",2026,155,228994,0.123,0.126,0.123,0.003,0.006,0.0,0.116,2026-07-03 06:00:00,0.551,"[0.97, 1.51, 4.41]"
76,4.537914467385005,37.424269849854966,18.295411059930075,2.160257203294651e-07,57.47521411956928,3.9238124881747702,0.9801728260240774,1.9241122015179786e-08,era5land,155,228994,0.006,0.009,0.006,0.004,0.006,0.0,0.0,,0.551,"[1.61, 2.46, 7.13]",2026,155,228994,0.123,0.125,0.019,0.004,0.006,0.058,0.013,2026-07-10 21:00:00,0.551,"[0.97, 1.67, 5.23]"
76,4.537914467385005,37.424269849854966,18.295411059930075,2.160257203294651e-07,57.47521411956928,3.9238124881747702,0.9801728260240774,1.9241122015179786e-08,imerg,155,228994,0.006,0.009,0.006,0.004,0.006,0.0,0.0,,0.551,"[1.62, 2.46, 7.13]",2026,155,228994,0.077,0.066,0.019,0.004,0.006,0.045,0.013,2026-07-10 12:00:00,0.551,"[1.16, 1.91, 5.79]"
78,8.131854997448217,31.310226124213813,17.867090891101274,3.081586494332016e-07,13.84637453504586,2.956880493078605,0.6301842187339735,1.0897195133824796e-08,era5land,155,228994,0.019,0.016,0.019,0.014,0.019,0.0,0.0,,0.551,"[1.36, 2.01, 5.7]",2026,155,228994,0.084,0.085,0.032,0.014,0.019,0.032,0.013,2026-07-10 06:00:00,0.551,"[1.06, 1.67, 4.9]"
78,8.131854997448217,31.310226124213813,17.867090891101274,3.081586494332016e-07,13.84637453504586,2.956880493078605,0.6301842187339735,1.0897195133824796e-08,imerg,155,228994,0.019,0.016,0.019,0.014,0.019,0.0,0.0,,0.551,"[1.36, 2.01, 5.69]",2026,155,228994,0.077,0.061,0.032,0.014,0.019,0.039,0.006,2026-07-11 00:00:00,0.551,"[1.14, 1.75, 5.09]"
79,0.8580850561492633,35.48073573650369,16.997245641940204,1.4406812198089166e-07,371.6577546423269,3.974223096888682,0.7425348911669803,1.983931203126148e-09,era5land,155,228994,0.503,0.382,0.445,0.034,0.045,0.039,0.4,2017-06-12 11:00:00,0.551,"[0.65, 1.0, 3.02]",2026,155,228994,0.51,0.39,0.51,0.034,0.045,0.0,0.465,2026-07-05 15:00:00,0.551,"[0.65, 0.99, 2.84]"
79,0.8580850561492633,35.48073573650369,16.997245641940204,1.4406812198089166e-07,371.6577546423269,3.974223096888682,0.7425348911669803,1.983931203126148e-09,imerg,155,228994,0.471,0.369,0.445,0.034,0.045,0.065,0.361,2017-06-12 13:00:00,0.551,"[0.65, 1.02, 3.06]",2026,155,228994,0.51,0.39,0.51,0.034,0.045,0.0,0.465,2026-07-06 06:00:00,0.551,"[0.65, 0.99, 2.84]"
80,0.0072487994723814,36.46856990520092,17.680470436620023,1.412734663422301e-06,58.797446987207934,2.5116720543550715,0.9415923073060092,9.719563020402388e-09,era5land,155,228994,0.471,0.366,0.471,0.015,0.019,0.0,0.452,2017-06-12 02:00:00,0.551,"[0.67, 1.02, 2.95]",2026,155,228994,0.471,0.366,0.471,0.015,0.019,0.0,0.452,2026-07-05 00:00:00,0.551,"[0.67, 1.02, 2.95]"
80,0.0072487994723814,36.46856990520092,17.680470436620023,1.412734663422301e-06,58.797446987207934,2.5116720543550715,0.9415923073060092,9.719563020402388e-09,imerg,155,228994,0.471,0.366,0.471,0.015,0.019,0.0,0.452,2017-06-12 04:00:00,0.551,"[0.67, 1.02, 2.95]",2026,155,228994,0.471,0.366,0.471,0.015,0.019,0.0,0.452,2026-07-05 06:00:00,0.551,"[0.67, 1.02, 2.95]"
81,6.298389494775711,32.29083667516676,16.946188744530698,4.019877212131442e-07,29.2276813296138,1.949535820156596,0.9826867967845144,2.2089804277257192e-08,era5land,155,228994,0.065,0.051,0.039,0.002,0.0,0.026,0.039,2017-06-12 21:30:00,0.551,"[1.23, 1.97, 5.88]",2026,155,228994,0.084,0.075,0.084,0.002,0.0,0.0,0.084,2026-07-06 06:00:00,0.551,"[1.07, 1.53, 4.26]"
81,6.298389494775711,32.29083667516676,16.946188744530698,4.019877212131442e-07,29.2276813296138,1.949535820156596,0.9826867967845144,2.2089804277257192e-08,imerg,155,228994,0.065,0.049,0.039,0.002,0.0,0.026,0.039,2017-06-12 22:30:00,0.551,"[1.24, 1.98, 5.9]",2026,155,228994,0.084,0.075,0.084,0.002,0.0,0.0,0.084,2026-07-06 18:00:00,0.551,"[1.07, 1.53, 4.26]"
82,6.452691103023544,30.604089707985185,19.325103032278257,2.9146704907625534e-06,182.2776208440393,3.886581534250573,0.8114577598421171,2.067511819777564e-09,era5land,155,228994,0.271,0.25,0.271,0.026,0.032,0.0,0.239,2017-06-12 00:00:00,0.551,"[0.8, 1.19, 3.36]",2026,155,228994,0.2,0.178,0.271,0.026,0.032,0.0,0.239,2026-07-05 00:00:00,0.551,"[0.86, 1.31, 3.69]"
82,6.452691103023544,30.604089707985185,19.325103032278257,2.9146704907625534e-06,182.2776208440393,3.886581534250573,0.8114577598421171,2.067511819777564e-09,imerg,155,228994,0.271,0.25,0.271,0.028,0.039,0.0,0.232,2017-06-12 07:00:00,0.551,"[0.8, 1.19, 3.36]",2026,155,228994,0.2,0.176,0.271,0.026,0.032,0.0,0.239,2026-07-05 00:00:00,0.551,"[0.86, 1.31, 3.88]"
83,10.73054450415917,34.5379722183107,20.29588560662527,1.226587457287439e-07,72.43300516422164,2.335136870225674,0.7115531311851144,7.386017917627244e-08,era5land,155,228994,0.0,0.0,0.0,0.0,0.0,0.0,0.0,,0.551,"[1.79, 2.54, 7.2]",2026,155,228994,0.0,0.0,0.0,0.0,0.0,0.0,0.0,,0.551,"[1.79, 2.54, 6.99]"
83,10.73054450415917,34.5379722183107,20.29588560662527,1.226587457287439e-07,72.43300516422164,2.335136870225674,0.7115531311851144,7.386017917627244e-08,imerg,155,228994,0.0,0.0,0.0,0.0,0.0,0.0,0.0,,0.551,"[1.79, 2.54, 7.25]",2026,155,228994,0.0,0.0,0.0,0.0,0.0,0.0,0.0,,0.551,"[1.79, 2.54, 6.99]"
84,7.913389408582948,32.706556028080456,19.399231408447257,8.091652594761178e-05,169.11819368526076,3.725225312885016,0.6639757791071018,1.3831486024576852e-08,era5land,155,228994,0.019,0.018,0.019,0.018,0.019,0.0,0.0,,0.551,"[1.35, 2.01, 5.71]",2026,155,228994,0.019,0.018,0.019,0.018,0.019,0.0,0.0,,0.551,"[1.35, 2.01, 5.72]"
84,7.913389408582948,32.706556028080456,19.399231408447257,8.091652594761178e-05,169.11819368526076,3.725225312885016,0.6639757791071018,1.3831486024576852e-08,imerg,155,228994,0.039,0.028,0.039,0.028,0.039,0.0,0.0,,0.551,"[1.29, 1.93, 5.54]",2026,155,228994,0.019,0.018,0.019,0.018,0.019,0.0,0.0,,0.551,"[1.35, 2.01, 5.72]"
85,1.927900054226725,33.35073908725542,15.995114571509928,1.2337734972157616e-06,20.77886936921461,1.329929933149432,0.5382599488740478,2.0736798072661988e-08,era5land,155,228994,0.361,0.299,0.361,0.044,0.065,0.0,0.297,2017-06-12 00:00:00,0.551,"[0.76, 1.11, 3.14]",2026,155,228994,0.116,0.117,0.361,0.044,0.065,0.0,0.297,2026-07-05 00:00:00,0.551,"[0.99, 1.42, 3.95]"
85,1.927900054226725,33.35073908725542,15.995114571509928,1.2337734972157616e-06,20.77886936921461,1.329929933149432,0.5382599488740478,2.0736798072661988e-08,imerg,155,228994,0.361,0.299,0.361,0.044,0.065,0.0,0.297,2017-06-12 00:00:00,0.551,"[0.76, 1.11, 3.14]",2026,155,228994,0.116,0.117,0.361,0.044,0.065,0.0,0.297,2026-07-04 06:00:00,0.551,"[0.99, 1.42, 3.95]"
87,9.38956273310314,31.73243493643762,20.983367252400654,2.598220155162645e-06,26.064152570199926,2.2207877661895226,0.7691158428710707,1.4580015437748015e-08,era5land,155,228994,0.065,0.04,0.065,0.003,0.006,0.0,0.058,2017-06-12 03:00:00,0.551,"[1.18, 1.7, 4.75]",2026,155,228994,0.0,0.002,0.065,0.003,0.006,0.0,0.058,2026-07-05 00:00:00,0.551,"[1.68, 2.38, 6.56]"
87,9.38956273310314,31.73243493643762,20.983367252400654,2.598220155162645e-06,26.064152570199926,2.2207877661895226,0.7691158428710707,1.4580015437748015e-08,imerg,155,228994,0.065,0.04,0.065,0.003,0.006,0.0,0.058,2017-06-12 06:00:00,0.551,"[1.18, 1.7, 4.75]",2026,155,228994,0.0,0.002,0.065,0.003,0.006,0.0,0.058,2026-07-05 00:00:00,0.551,"[1.68, 2.38, 6.86]"
88,8.347717945669965,28.062674584648324,17.623595911165758,3.594174071228669e-07,25.387557970807062,2.8367524111718803,0.7807557674043097,1.8988441856700756e-08,era5land,155,228994,0.039,0.029,0.032,0.013,0.019,0.006,0.013,2017-06-12 17:00:00,0.551,"[1.28, 1.92, 5.47]",2026,155,228994,0.161,0.151,0.065,0.013,0.019,0.097,0.045,2026-07-09 15:00:00,0.551,"[0.94, 1.35, 3.74]"
88,8.347717945669965,28.062674584648324,17.623595911165758,3.594174071228669e-07,25.387557970807062,2.8367524111718803,0.7807557674043097,1.8988441856700756e-08,imerg,155,228994,0.039,0.029,0.032,0.013,0.019,0.006,0.013,2017-06-12 15:00:00,0.551,"[1.28, 1.92, 5.47]",2026,155,228994,0.161,0.151,0.065,0.013,0.019,0.09,0.045,2026-07-10 09:00:00,0.551,"[0.94, 1.4, 4.2]"
89,11.417361048584164,37.82226600635332,21.03373140457976,2.315848221525294e-06,118.10489438208202,3.5753441654044,0.6410412157687122,2.503308392936907e-09,era5land,155,228994,0.045,0.034,0.045,0.003,0.006,0.0,0.039,2017-06-12 00:00:00,0.551,"[1.22, 1.79, 5.05]",2026,155,228994,0.013,0.009,0.045,0.003,0.006,0.0,0.039,2026-07-04 18:00:00,0.551,"[1.47, 2.3, 6.41]"
89,11.417361048584164,37.82226600635332,21.03373140457976,2.315848221525294e-06,118.10489438208202,3.5753441654044,0.6410412157687122,2.503308392936907e-09,imerg,155,228994,0.045,0.034,0.045,0.003,0.006,0.0,0.039,2017-06-12 00:00:00,0.551,"[1.22, 1.79, 5.05]",2026,155,228994,0.006,0.008,0.045,0.003,0.006,0.0,0.039,2026-07-04 00:00:00,0.551,"[1.47, 2.3, 6.41]"
90,7.894100278412755,31.5655821620909,16.21179903342724,1.057576813501573e-06,69.80746866263594,2.537108996385018,0.6241946870139932,1.917776968172779e-09,era5land,155,228994,0.123,0.125,0.123,0.008,0.006,0.0,0.116,2017-06-12 00:00:00,0.551,"[0.97, 1.4, 3.89]",2026,155,228994,0.0,0.002,0.123,0.008,0.006,0.0,0.116,2026-07-04 21:00:00,0.551,"[1.46, 2.05, 5.61]"
90,7.894100278412755,31.5655821620909,16.21179903342724,1.057576813501573e-06,69.80746866263594,2.537108996385018,0.6241946870139932,1.917776968172779e-09,imerg,155,228994,0.123,0.125,0.123,0.009,0.006,0.0,0.116,2017-06-12 00:00:00,0.551,"[0.97, 1.4, 3.89]",2026,155,228994,0.0,0.002,0.123,0.008,0.006,0.0,0.116,2026-07-04 03:00:00,0.551,"[1.46, 2.05, 5.61]"
91,8.48263594798739,36.33478561512936,16.957123994401456,3.146307089103497e-07,29.498046707934012,2.4641027825457895,0.6750042937390421,8.17182283170953e-09,era5land,155,228994,0.019,0.014,0.013,0.001,0.0,0.013,0.006,2017-06-13 02:00:00,0.551,"[1.5, 2.28, 6.59]",2026,155,228994,0.065,0.043,0.065,0.001,0.0,0.0,0.065,2026-07-07 03:00:00,0.551,"[1.16, 1.68, 4.68]"
91,8.48263594798739,36.33478561512936,16.957123994401456,3.146307089103497e-07,29.498046707934012,2.4641027825457895,0.6750042937390421,8.17182283170953e-09,imerg,155,228994,0.019,0.014,0.013,0.001,0.0,0.013,0.006,2017-06-13 02:00:00,0.551,"[1.5, 2.28, 6.59]",2026,155,228994,0.065,0.043,0.039,0.001,0.0,0.032,0.032,2026-07-07 21:00:00,0.551,"[1.16, 1.68, 4.68]"
92,8.463714918286673,37.567972060844,20.322085651701983,1.0672228627924532e-05,84.41402347701857,3.1250658377094456,0.9564508781393016,6.823724370717102e-08,era5land,155,228994,0.065,0.052,0.065,0.001,0.0,0.0,0.065,2017-06-12 00:30:00,0.551,"[1.14, 1.68, 4.75]",2026,155,228994,0.065,0.052,0.065,0.001,0.0,0.0,0.065,2026-07-05 00:00:00,0.551,"[1.14, 1.68, 4.75]"
92,8.463714918286673,37.567972060844,20.322085651701983,1.0672228627924532e-05,84.41402347701857,3.1250658377094456,0.9564508781393016,6.823724370717102e-08,imerg,155,228994,0.065,0.052,0.065,0.002,0.0,0.0,0.065,2017-06-12 02:30:00,0.551,"[1.14, 1.68, 4.75]",2026,155,228994,0.065,0.052,0.065,0.001,0.0,0.0,0.065,2026-07-05 00:00:00,0.551,"[1.14, 1.68, 4.75]"
93,10.300517104351698,33.87779901705645,16.465093152165856,3.938166228466038e-05,14.953043864964322,1.9222381362490284,0.952690203000022,1.2132454594048697e-08,era5land,155,228994,0.0,0.0,0.0,0.0,0.0,0.0,0.006,2017-06-12 01:00:00,0.55,"[1.37, 1.94, 5.34]",2026,155,228994,0.0,0.0,0.0,0.0,0.0,0.0,0.0,,0.55,"[1.43, 1.94, 5.34]"
93,10.300517104351698,33.87779901705645,16.465093152165856,3.938166228466038e-05,14.953043864964322,1.9222381362490284,0.952690203000022,1.2132454594048697e-08,imerg,155,228994,0.0,0.0,0.0,0.0,0.0,0.0,0.006,2017-06-12 04:00:00,0.55,"[1.37, 1.94, 5.34]",2026,155,228994,0.0,0.0,0.0,0.0,0.0,0.0,0.0,,0.55,"[1.55, 2.35, 6.54]"
94,9.348953004064558,37.48745335525724,17.35748083499292,1.128516643308679e-06,349.66572707668524,2.0020845763164337,0.7396452074915765,4.3029569004521753e-08,era5land,155,228994,0.006,0.007,0.006,0.0,0.0,0.0,0.006,2017-06-12 00:00:00,0.551,"[1.39, 1.99, 5.53]",2026,155,228994,0.006,0.007,0.006,0.0,0.0,0.0,0.006,2026-07-03 00:00:00,0.551,"[1.39, 1.99, 5.53]"
94,9.348953004064558,37.48745335525724,17.35748083499292,1.128516643308679e-06,349.66572707668524,2.0020845763164337,0.7396452074915765,4.3029569004521753e-08,imerg,155,228994,0.006,0.007,0.006,0.007,0.006,0.0,0.0,,0.551,"[1.39, 1.99, 5.53]",2026,155,228994,0.006,0.007,0.006,0.0,0.0,0.0,0.006,2026-07-03 06:00:00,0.551,"[1.39, 1.99, 5.53]"
95,10.106691221779148,33.70189366734639,20.64352468110954,5.081273777398984e-05,294.166715587839,2.917823739266553,0.8570624693176492,2.4689036755271043e-09,era5land,155,228994,0.006,0.003,0.006,0.003,0.006,0.0,0.0,,0.551,"[1.67, 2.47, 7.02]",2026,155,228994,0.006,0.003,0.006,0.003,0.006,0.0,0.0,,0.551,"[1.68, 2.48, 7.03]"
95,10.106691221779148,33.70189366734639,20.64352468110954,5.081273777398984e-05,294.166715587839,2.917823739266553,0.8570624693176492,2.4689036755271043e-09,imerg,155,228994,0.019,0.012,0.019,0.012,0.019,0.0,0.0,,0.551,"[1.5, 2.26, 6.51]",2026,155,228994,0.006,0.003,0.006,0.003,0.006,0.0,0.0,,0.551,"[1.68, 2.48, 7.03]"
96,9.928902872915415,32.00897388008864,20.057611190642405,2.778978585070057e-07,362.6895540540823,3.2193849807592825,0.8084484229433629,7.2346762976635805e-09,era5land,155,228994,0.084,0.084,0.084,0.006,0.006,0.0,0.077,2017-06-12 00:00:00,0.551,"[1.05, 1.53, 4.29]",2026,155,228994,0.006,0.004,0.084,0.006,0.006,0.0,0.077,2026-07-04 00:00:00,0.551,"[1.44, 2.05, 5.67]"
96,9.928902872915415,32.00897388008864,20.057611190642405,2.778978585070057e-07,362.6895540540823,3.2193849807592825,0.8084484229433629,7.2346762976635805e-09,imerg,155,228994,0.084,0.084,0.084,0.006,0.006,0.0,0.077,2017-06-12 00:00:00,0.551,"[1.05, 1.53, 4.29]",2026,155,228994,0.006,0.004,0.084,0.006,0.006,0.0,0.077,2026-07-04 06:00:00,0.551,"[1.44, 2.05, 5.67]"
97,4.876232950175694,32.34890507007276,17.08802012351935,9.7872770256999e-07,117.29206124193698,1.8785301832949608,0.5950122618116656,3.441694801243637e-09,era5land,155,228994,0.168,0.154,0.168,0.015,0.019,0.0,0.148,2017-06-12 00:00:00,0.551,"[0.93, 1.35, 3.77]",2026,155,228994,0.084,0.095,0.168,0.015,0.019,0.0,0.148,2026-07-03 18:00:00,0.551,"[1.09, 1.57, 4.68]"
97,4.876232950175694,32.34890507007276,17.08802012351935,9.7872770256999e-07,117.29206124193698,1.8785301832949608,0.5950122618116656,3.441694801243637e-09,imerg,155,228994,0.168,0.154,0.168,0.019,0.026,0.0,0.142,2017-06-12 00:00:00,0.551,"[0.93, 1.35, 3.77]",2026,155,228994,0.084,0.078,0.168,0.015,0.019,0.0,0.148,2026-07-03 06:00:00,0.551,"[1.09, 1.57, 4.68]"
98,5.843253827879698,36.06518510384285,18.94569121751416,4.727483215410739e-05,45.57698340758917,1.105089974756973,0.9946899193855998,1.5381481532890282e-09,era5land,155,228994,0.0,0.0,0.0,0.0,0.0,0.0,0.0,,0.552,"[2.16, 3.17, 8.94]",2026,155,228994,0.0,0.0,0.0,0.0,0.0,0.0,0.0,,0.552,"[2.17, 3.17, 8.96]"
98,5.843253827879698,36.06518510384285,18.94569121751416,4.727483215410739e-05,45.57698340758917,1.105089974756973,0.9946899193855998,1.5381481532890282e-09,imerg,155,228994,0.0,0.002,0.0,0.002,0.0,0.0,0.0,,0.551,"[1.94, 2.9, 8.3]",2026,155,228994,0.0,0.0,0.0,0.0,0.0,0.0,0.0,,0.552,"[2.17, 3.17, 8.96]"
100,0.3081688578019409,33.075881516852384,16.38481353680863,1.470888116426685e-07,31.34479997716405,1.0816115111868032,0.8400169822912059,2.946813660317691e-09,era5land,155,228994,0.594,0.466,0.529,0.038,0.065,0.052,0.458,2017-06-12 12:00:00,0.551,"[0.59, 0.89, 2.71]",2026,155,228994,0.594,0.468,0.594,0.038,0.065,0.0,0.529,2026-07-05 18:00:00,0.551,"[0.59, 0.89, 2.55]"
100,0.3081688578019409,33.075881516852384,16.38481353680863,1.470888116426685e-07,31.34479997716405,1.0816115111868032,0.8400169822912059,2.946813660317691e-09,imerg,155,228994,0.568,0.448,0.516,0.038,0.065,0.058,0.426,2017-06-12 15:00:00,0.551,"[0.59, 0.9, 2.78]",2026,155,228994,0.594,0.468,0.594,0.038,0.065,0.0,0.529,2026-07-06 06:00:00,0.551,"[0.59, 0.89, 2.55]"
101,11.37405824930286,28.02317164380044,18.000819090115034,1.843461259795337e-07,17.05523899967959,2.612248913489433,0.5124653290890697,2.675448485296737e-09,era5land,155,228994,0.019,0.01,0.013,0.008,0.006,0.006,0.006,2017-06-13 01:00:00,0.551,"[1.39, 2.01, 5.64]",2026,155,228994,0.071,0.058,0.019,0.008,0.006,0.026,0.013,2026-07-11 03:00:00,0.551,"[1.14, 1.73, 4.98]"
101,11.37405824930286,28.02317164380044,18.000819090115034,1.843461259795337e-07,17.05523899967959,2.612248913489433,0.5124653290890697,2.675448485296737e-09,imerg,155,228994,0.019,0.01,0.013,0.008,0.006,0.006,0.006,2017-06-12 22:30:00,0.551,"[1.39, 2.01, 5.64]",2026,155,228994,0.065,0.042,0.019,0.008,0.006,0.019,0.013,2026-07-11 12:00:00,0.551,"[1.2, 1.8, 5.13]"
102,2.6092158081669186,32.3830248094949,18.59158272225183,5.38907919393577e-06,73.69715626651232,3.308385039584534,0.7222485625773007,1.6105019039294626e-08,era5land,155,228994,0.432,0.333,0.432,0.044,0.065,0.0,0.368,2017-06-12 02:00:00,0.551,"[0.71, 1.07, 3.05]",2026,155,228994,0.348,0.29,0.432,0.044,0.065,0.0,0.368,2026-07-05 00:00:00,0.551,"[0.74, 1.13, 3.21]"
102,2.6092158081669186,32.3830248094949,18.59158272225183,5.38907919393577e-06,73.69715626651232,3.308385039584534,0.7222485625773007,1.6105019039294626e-08,imerg,155,228994,0.432,0.333,0.432,0.046,0.065,0.0,0.368,2017-06-12 09:00:00,0.551,"[0.71, 1.07, 3.05]",2026,155,228994,0.348,0.29,0.432,0.044,0.065,0.0,0.368,2026-07-05 00:00:00,0.551,"[0.74, 1.13, 3.31]"
103,6.418674588012393,36.70376856279644,19.903971035688834,3.091603555745681e-05,243.39777915491197,3.4837529010589914,0.6325510422001247,1.2803966188429295e-09,era5land,155,228994,0.019,0.011,0.019,0.011,0.019,0.0,0.0,,0.551,"[1.46, 2.18, 6.24]",2026,155,228994,0.019,0.011,0.019,0.011,0.019,0.0,0.0,,0.551,"[1.46, 2.19, 6.24]"
103,6.418674588012393,36.70376856279644,19.903971035688834,3.091603555745681e-05,243.39777915491197,3.4837529010589914,0.6325510422001247,1.2803966188429295e-09,imerg,155,228994,0.032,0.023,0.032,0.023,0.032,0.0,0.0,,0.551,"[1.35, 2.05, 5.92]",2026,155,228994,0.019,0.011,0.019,0.011,0.019,0.0,0.0,,0.551,"[1.46, 2.19, 6.25]"
104,7.5410363654160735,28.239808200382345,20.12123435195245,3.712978015629222e-07,21.837894459997276,3.4063709019369095,0.8317488998524414,3.075476083848937e-08,era5land,155,228994,0.045,0.033,0.039,0.026,0.032,0.006,0.006,2017-06-12 18:30:00,0.551,"[1.25, 1.87, 5.34]",2026,155,228994,0.168,0.154,0.065,0.026,0.032,0.026,0.032,2026-07-12 06:00:00,0.551,"[0.9, 1.45, 4.35]"
104,7.5410363654160735,28.239808200382345,20.12123435195245,3.712978015629222e-07,21.837894459997276,3.4063709019369095,0.8317488998524414,3.075476083848937e-08,imerg,155,228994,0.045,0.033,0.039,0.026,0.032,0.006,0.006,2017-06-12 16:30:00,0.551,"[1.25, 1.87, 5.33]",2026,155,228994,0.097,0.105,0.065,0.026,0.032,0.019,0.032,2026-07-08 18:00:00,0.551,"[1.01, 1.58, 4.63]"
105,2.68683222564496,33.48489625929312,19.08757621734847,5.6722908482785e-07,155.18885451569113,2.9658035097382007,0.8987967356413563,6.000848180485364e-09,era5land,155,228994,0.31,0.27,0.31,0.018,0.019,0.0,0.29,2017-06-12 02:00:00,0.551,"[0.78, 1.16, 3.32]",2026,155,228994,0.2,0.174,0.31,0.018,0.019,0.0,0.29,2026-07-05 06:00:00,0.551,"[0.9, 1.32, 3.74]"
105,2.68683222564496,33.48489625929312,19.08757621734847,5.6722908482785e-07,155.18885451569113,2.9658035097382007,0.8987967356413563,6.000848180485364e-09,imerg,155,228994,0.31,0.27,0.31,0.018,0.019,0.0,0.29,2017-06-12 04:00:00,0.551,"[0.78, 1.16, 3.32]",2026,155,228994,0.2,0.174,0.31,0.018,0.019,0.0,0.29,2026-07-05 00:00:00,0.551,"[0.9, 1.32, 3.95]"
106,8.93331433757363,34.0363582911798,16.550126051508485,1.2419685139289753e-07,42.94718466419125,1.430114179140849,0.8201467183583808,7.739183196261992e-09,era5land,155,228994,0.0,0.0,0.0,0.0,0.0,0.0,0.0,,0.551,"[1.63, 2.51, 7.3]",2026,155,228994,0.0,0.0,0.0,0.0,0.0,0.0,0.0,,0.551,"[1.57, 2.21, 6.06]"
106,8.93331433757363,34.0363582911798,16.550126051508485,1.2419685139289753e-07,42.94718466419125,1.430114179140849,0.8201467183583808,7.739183196261992e-09,imerg,155,228994,0.0,0.0,0.0,0.0,0.0,0.0,0.0,,0.551,"[1.67, 2.56, 7.41]",2026,155,228994,0.0,0.0,0.0,0.0,0.0,0.0,0.0,,0.551,"[1.57, 2.21, 6.06]"
107,1.8673976275302493,32.738708007283364,18.418773449419746,2.9747771972300576e-06,46.990586824227314,2.0857653081506573,0.8228822963859026,3.536268028713862e-09,era5land,155,228994,0.394,0.317,0.394,0.027,0.039,0.0,0.355,2017-06-12 00:00:00,0.551,"[0.73, 1.09, 3.11]",2026,155,228994,0.31,0.269,0.394,0.027,0.039,0.0,0.355,2026-07-05 00:00:00,0.551,"[0.78, 1.16, 3.4]"
107,1.8673976275302493,32.738708007283364,18.418773449419746,2.9747771972300576e-06,46.990586824227314,2.0857653081506573,0.8228822963859026,3.536268028713862e-09,imerg,155,228994,0.394,0.317,0.394,0.029,0.039,0.0,0.355,2017-06-12 03:00:00,0.551,"[0.73, 1.09, 3.11]",2026,155,228994,0.303,0.267,0.394,0.027,0.039,0.0,0.355,2026-07-05 00:00:00,0.551,"[0.78, 1.2, 3.4]"
108,3.300313322548557,34.762439475515684,17.097259280971265,2.1997617114594785e-07,24.19680932696285,2.6764358949549982,0.8795462521007327,9.042557853329093e-08,era5land,155,228994,0.019,0.013,0.019,0.008,0.006,0.0,0.013,2017-06-12 14:00:00,0.551,"[1.48, 2.23, 6.43]",2026,155,228994,0.045,0.035,0.032,0.008,0.006,0.013,0.026,2026-07-07 15:00:00,0.551,"[1.19, 1.71, 4.76]"
108,3.300313322548557,34.762439475515684,17.097259280971265,2.1997617114594785e-07,24.19680932696285,2.6764358949549982,0.8795462521007327,9.042557853329093e-08,imerg,155,228994,0.019,0.013,0.019,0.008,0.006,0.0,0.013,2017-06-12 09:30:00,0.551,"[1.48, 2.23, 6.43]",2026,155,228994,0.045,0.035,0.026,0.008,0.006,0.026,0.013,2026-07-08 03:00:00,0.551,"[1.19, 1.74, 5.23]"
109,8.577281945223005,28.59439636408448,18.981075647658372,9.102428379017508e-07,339.89700376903494,2.6232015511732305,0.945072328107585,1.6533127756727698e-08,era5land,155,228994,0.116,0.122,0.116,0.007,0.006,0.0,0.11,2017-06-12 00:00:00,0.551,"[0.98, 1.41, 3.93]",2026,155,228994,0.116,0.122,0.116,0.007,0.006,0.0,0.11,2026-07-03 18:00:00,0.551,"[0.98, 1.41, 4.32]"
109,8.577281945223005,28.59439636408448,18.981075647658372,9.102428379017508e-07,339.89700376903494,2.6232015511732305,0.945072328107585,1.6533127756727698e-08,imerg,155,228994,0.116,0.122,0.116,0.011,0.019,0.0,0.097,2017-06-12 00:00:00,0.551,"[0.98, 1.41, 3.93]",2026,155,228994,0.116,0.122,0.116,0.007,0.006,0.0,0.11,2026-07-03 06:00:00,0.551,"[0.98, 1.41, 4.32]"
110,2.2044813053095527,30.01771754798683,16.528695507416547,1.3467196994305208e-05,12.533397321610265,2.1403749332612874,0.8930224135953913,8.66569654705032e-09,era5land,155,228994,0.542,0.433,0.542,0.033,0.045,0.0,0.497,2017-06-12 14:00:00,0.551,"[0.63, 0.93, 2.65]",2026,155,228994,0.432,0.335,0.542,0.033,0.045,0.0,0.497,2026-07-05 18:00:00,0.551,"[0.7, 1.07, 3.02]"
110,2.2044813053095527,30.01771754798683,16.528695507416547,1.3467196994305208e-05,12.533397321610265,2.1403749332612874,0.8930224135953913,8.66569654705032e-09,imerg,155,228994,0.542,0.433,0.445,0.034,0.045,0.168,0.329,2017-06-12 23:00:00,0.551,"[0.63, 0.93, 2.65]",2026,155,228994,0.406,0.325,0.542,0.033,0.045,0.032,0.465,2026-07-07 06:00:00,0.551,"[0.7, 1.07, 3.17]"
111,3.443167250331613,36.1662256257237,20.881803205006307,1.193335282813362e-07,36.16023135446297,1.4393213325749403,0.6036215442926023,8.72495947805725e-08,era5land,155,228994,0.006,0.002,0.006,0.002,0.006,0.0,0.0,,0.551,"[1.7, 2.43, 6.73]",2026,155,228994,0.006,0.002,0.006,0.002,0.006,0.0,0.0,,0.551,"[1.7, 2.43, 6.73]"
111,3.443167250331613,36.1662256257237,20.881803205006307,1.193335282813362e-07,36.16023135446297,1.4393213325749403,0.6036215442926023,8.72495947805725e-08,imerg,155,228994,0.006,0.002,0.006,0.002,0.006,0.0,0.0,,0.551,"[1.7, 2.43, 6.73]",2026,155,228994,0.006,0.002,0.006,0.002,0.006,0.0,0.0,,0.551,"[1.7, 2.43, 6.73]"
112,11.239208580623274,33.20772835824167,15.792000976048916,1.27195998994272e-07,202.03715681140912,1.6077829831406238,0.5939752993176045,4.3267377473406195e-08,era5land,155,228994,0.0,0.0,0.0,0.0,0.0,0.0,0.0,,0.551,"[1.96, 2.73, 7.43]",2026,155,228994,0.0,0.0,0.0,0.0,0.0,0.0,0.0,,0.552,"[2.43, 3.51, 9.77]"
112,11.239208580623274,33.20772835824167,15.792000976048916,1.27195998994272e-07,202.03715681140912,1.6077829831406238,0.5939752993176045,4.3267377473406195e-08,imerg,155,228994,0.0,0.0,0.0,0.0,0.0,0.0,0.0,,0.551,"[1.96, 2.73, 7.43]",2026,155,228994,0.0,0.0,0.0,0.0,0.0,0.0,0.0,,0.552,"[2.43, 3.51, 9.77]"
113,3.1592602764922724,30.23655884341577,17.23475551026616,1.2610748811568215e-05,125.7873008174545,2.126819972469739,0.9337429605873764,1.6437101611181954e-09,era5land,155,228994,0.032,0.02,0.032,0.02,0.032,0.0,0.348,2017-06-12 00:00:00,0.551,"[1.35, 2.01, 5.75]",2026,155,228994,0.065,0.043,0.065,0.019,0.026,0.0,0.039,2026-07-03 00:00:00,0.551,"[1.21, 1.85, 5.35]"
113,3.1592602764922724,30.23655884341577,17.23475551026616,1.2610748811568215e-05,125.7873008174545,2.126819972469739,0.9337429605873764,1.6437101611181954e-09,imerg,155,228994,0.065,0.045,0.065,0.045,0.065,0.0,0.348,2017-06-12 00:00:00,0.551,"[1.21, 1.85, 5.37]",2026,155,228994,0.026,0.019,0.026,0.019,0.026,0.0,0.0,,0.563,"[1.09, 1.41, 4.32]"
114,1.5366193942608828,29.9187049364967,19.557685781353825,7.174387161635756e-07,171.4781313162811,1.219103614750447,0.9794981259861044,2.831540550675112e-09,era5land,155,228994,0.361,0.307,0.361,0.026,0.032,0.0,0.329,2017-06-12 00:00:00,0.551,"[0.74, 1.1, 3.14]",2026,155,228994,0.361,0.307,0.361,0.025,0.032,0.0,0.329,2026-07-03 00:00:00,0.551,"[0.74, 1.1, 3.14]"
115,4.8548930952729705,29.030322681396097,18.393718111263023,1.7783347690074625e-07,132.54576652898643,1.8943698903449615,0.6198729122482587,1.2152695253735675e-09,era5land,155,228994,0.2,0.192,0.2,0.03,0.039,0.0,0.161,2017-06-12 00:00:00,0.551,"[0.88, 1.27, 3.57]",2026,155,228994,0.032,0.024,0.2,0.03,0.039,0.0,0.161,2026-07-05 00:00:00,0.55,"[1.23, 1.75, 4.41]"
115,4.8548930952729705,29.030322681396097,18.393718111263023,1.7783347690074625e-07,132.54576652898643,1.8943698903449615,0.6198729122482587,1.2152695253735675e-09,imerg,155,228994,0.2,0.192,0.2,0.03,0.039,0.0,0.161,2017-06-12 00:00:00,0.551,"[0.88, 1.27, 3.57]",2026,155,228994,0.032,0.024,0.2,0.03,0.039,0.0,0.161,2026-07-05 00:00:00,0.551,"[1.23, 1.75, 4.41]"
116,7.138916714175398,30.122698704646517,21.01455821917564,7.497898331556728e-07,18.3668961927954,1.2417332907034235,0.8863826566814115,1.2972596257296203e-09,era5land,155,228994,0.019,0.013,0.019,0.0,0.0,0.0,0.019,2017-06-12 00:00:00,0.551,"[1.31, 1.88, 5.21]",2026,155,228994,0.0,0.0,0.019,0.0,0.0,0.0,0.019,2026-07-05 00:00:00,0.551,"[1.86, 2.71, 7.61]"
116,7.138916714175398,30.122698704646517,21.01455821917564,7.497898331556728e-07,18.3668961927954,1.2417332907034235,0.8863826566814115,1.2972596257296203e-09,imerg,155,228994,0.019,0.013,0.019,0.0,0.0,0.0,0.019,2017-06-12 00:00:00,0.551,"[1.31, 1.88, 5.21]",2026,155,228994,0.0,0.0,0.019,0.0,0.0,0.0,0.019,2026-07-05 00:00:00,0.551,"[1.86, 2.71, 7.61]"
117,10.680188856560882,32.56179356415156,19.693598563932195,9.226440672724212e-07,60.32160980342423,1.2081579983343378,0.910927097783983,4.180526653493014e-09,era5land,155,228994,0.0,0.0,0.0,0.0,0.0,0.0,0.0,,0.551,"[1.78, 2.51, 6.9]",2026,155,228994,0.0,0.0,0.0,0.0,0.0,0.0,0.0,,0.552,"[1.78, 2.89, 8.62]"
117,10.680188856560882,32.56179356415156,19.693598563932195,9.226440672724212e-07,60.32160980342423,1.2081579983343378,0.910927097783983,4.180526653493014e-09,imerg,155,228994,0.0,0.0,0.0,0.0,0.0,0.0,0.0,,0.551,"[1.78, 2.51, 6.9]",2026,155,228994,0.0,0.0,0.0,0.0,0.0,0.0,0.0,,0.552,"[1.9, 3.16, 8.62]"
118,5.445645389506106,29.409478111016806,19.64093921347444,2.1275647910041094e-06,20.279089383030552,2.2729805246589563,0.6015534568295766,2.5421681986190976e-08,era5land,155,228994,0.2,0.185,0.2,0.035,0.045,0.0,0.155,2017-06-12 07:30:00,0.551,"[0.88, 1.29, 3.63]",2026,155,228994,0.045,0.034,0.2,0.035,0.045,0.0,0.155,2026-07-05 06:00:00,0.551,"[1.19, 1.7, 4.73]"
118,5.445645389506106,29.409478111016806,19.64093921347444,2.1275647910041094e-06,20.279089383030552,2.2729805246589563,0.6015534568295766,2.5421681986190976e-08,imerg,155,228994,0.2,0.185,0.2,0.035,0.045,0.0,0.155,2017-06-12 11:00:00,0.551,"[0.88, 1.29, 3.63]",2026,155,228994,0.039,0.032,0.2,0.035,0.045,0.0,0.155,2026-07-05 09:00:00,0.551,"[1.34, 1.91, 4.73]"
119,10.46102278845847,34.664683124589374,19.484873099249608,1.6338843466179098e-06,11.007635657587718,1.844971135334863,0.6217971528732659,3.12829671814636e-09,era5land,155,228994,0.006,0.005,0.006,0.0,0.0,0.0,0.006,2017-06-12 00:00:00,0.551,"[1.43, 2.04, 5.67]",2026,155,228994,0.0,0.0,0.006,0.0,0.0,0.0,0.006,2026-07-05 00:00:00,0.561,"[1.77, 2.04, 5.67]"
119,10.46102278845847,34.664683124589374,19.484873099249608,1.6338843466179098e-06,11.007635657587718,1.844971135334863,0.6217971528732659,3.12829671814636e-09,imerg,155,228994,0.006,0.005,0.006,0.0,0.0,0.0,0.006,2017-06-12 03:00:00,0.551,"[1.43, 2.04, 5.67]",2026,155,228994,0.0,0.0,0.006,0.0,0.0,0.0,0.006,2026-07-05 00:00:00,0.545,"[1.85, 2.29, 5.67]"
120,6.897423825824823,34.656911380777714,18.556797258096672,2.8847874301370312e-05,25.24225684475141,1.6471202894564356,0.7813099620426551,2.6964140605857383e-09,era5land,155,228994,0.0,0.001,0.0,0.001,0.0,0.0,0.032,2017-06-12 00:00:00,0.551,"[1.8, 2.64, 7.45]",2026,155,228994,0.0,0.001,0.0,0.001,0.0,0.0,0.0,,0.551,"[1.68, 2.42, 6.93]"
120,6.897423825824823,34.656911380777714,18.556797258096672,2.8847874301370312e-05,25.24225684475141,1.6471202894564356,0.7813099620426551,2.6964140605857383e-09,imerg,155,228994,0.0,0.002,0.0,0.002,0.0,0.0,0.032,2017-06-12 00:00:00,0.551,"[1.75, 2.58, 7.32]",2026,155,228994,0.0,0.001,0.0,0.001,0.0,0.0,0.0,,0.55,"[1.62, 2.31, 6.58]"
121,5.679650455608864,29.44871847136856,17.950641022207783,8.458889101157229e-07,26.63350961025483,1.5583241359973643,0.9631046717842938,2.2306990510639364e-08,era5land,155,228994,0.084,0.084,0.084,0.003,0.006,0.0,0.077,2017-06-12 00:30:00,0.551,"[1.05, 1.5, 4.17]",2026,155,228994,0.0,0.002,0.084,0.003,0.006,0.0,0.077,2026-07-05 06:00:00,0.551,"[1.56, 2.19, 6.0]"
121,5.679650455608864,29.44871847136856,17.950641022207783,8.458889101157229e-07,26.63350961025483,1.5583241359973643,0.9631046717842938,2.2306990510639364e-08,imerg,155,228994,0.084,0.084,0.084,0.003,0.006,0.0,0.077,2017-06-12 03:30:00,0.551,"[1.05, 1.5, 4.17]",2026,155,228994,0.0,0.002,0.084,0.003,0.006,0.0,0.077,2026-07-05 00:00:00,0.551,"[1.56, 2.42, 6.83]"
124,4.798332939556697,36.40193222516162,19.981542099254085,2.179817118273998e-06,278.20326239516174,3.656349400021435,0.5162566493348697,9.55459475124227e-08,era5land,155,228994,0.129,0.129,0.129,0.023,0.032,0.0,0.097,2017-06-12 00:00:00,0.551,"[0.96, 1.43, 4.07]",2026,155,228994,0.129,0.129,0.129,0.023,0.032,0.0,0.097,2026-07-03 18:00:00,0.551,"[0.96, 1.43, 4.13]"
124,4.798332939556697,36.40193222516162,19.981542099254085,2.179817118273998e-06,278.20326239516174,3.656349400021435,0.5162566493348697,9.55459475124227e-08,imerg,155,228994,0.129,0.129,0.129,0.031,0.039,0.0,0.09,2017-06-12 00:00:00,0.551,"[0.96, 1.43, 4.07]",2026,155,228994,0.129,0.129,0.129,0.023,0.032,0.0,0.097,2026-07-03 06:00:00,0.551,"[0.96, 1.43, 4.21]"
125,0.3875014565471965,36.24845341756678,19.174623312138568,5.099176296079104e-07,57.81635609004558,1.1181777970894444,0.7515000414776392,3.383867836687441e-09,era5land,155,228994,0.303,0.267,0.303,0.024,0.032,0.0,0.271,2017-06-12 00:00:00,0.551,"[0.77, 1.17, 3.37]",2026,155,228994,0.265,0.241,0.303,0.023,0.032,0.0,0.271,2026-07-03 18:00:00,0.551,"[0.8, 1.21, 3.47]"
125,0.3875014565471965,36.24845341756678,19.174623312138568,5.099176296079104e-07,57.81635609004558,1.1181777970894444,0.7515000414776392,3.383867836687441e-09,imerg,155,228994,0.303,0.267,0.303,0.025,0.032,0.0,0.271,2017-06-12 00:00:00,0.551,"[0.77, 1.17, 3.37]",2026,155,228994,0.265,0.241,0.303,0.023,0.032,0.0,0.271,2026-07-03 21:00:00,0.551,"[0.8, 1.21, 3.53]"
126,6.498082205861298,28.156253538971637,16.002656353511117,1.023211675514071e-07,17.527551480177518,2.0186447826310037,0.5916048292036848,7.069336253985015e-08,era5land,155,228994,0.006,0.004,0.006,0.004,0.006,0.0,0.0,,0.551,"[1.53, 2.21, 6.17]",2026,155,228994,0.006,0.004,0.006,0.004,0.006,0.0,0.0,,0.551,"[1.49, 2.09, 5.69]"
126,6.498082205861298,28.156253538971637,16.002656353511117,1.023211675514071e-07,17.527551480177518,2.0186447826310037,0.5916048292036848,7.069336253985015e-08,imerg,155,228994,0.006,0.004,0.006,0.004,0.006,0.0,0.0,,0.551,"[1.53, 2.21, 6.18]",2026,155,228994,0.006,0.004,0.006,0.004,0.006,0.0,0.0,,0.551,"[1.49, 2.09, 5.69]"
127,9.7843618968975,33.669315646241316,20.030930447784332,2.5279700852071434e-07,332.66919754886584,2.277525975976425,0.7851757927802896,5.392526467696745e-09,era5land,155,228994,0.032,0.026,0.032,0.001,0.0,0.0,0.032,2017-06-12 00:00:00,0.551,"[1.24, 1.79, 5.01]",2026,155,228994,0.0,0.002,0.032,0.001,0.0,0.0,0.032,2026-07-03 00:00:00,0.551,"[1.78, 2.52, 6.94]"
127,9.7843618968975,33.669315646241316,20.030930447784332,2.5279700852071434e-07,332.66919754886584,2.277525975976425,0.7851757927802896,5.392526467696745e-09,imerg,155,228994,0.032,0.026,0.032,0.001,0.0,0.0,0.032,2017-06-12 00:00:00,0.551,"[1.24, 1.79, 5.01]",2026,155,228994,0.0,0.001,0.032,0.001,0.0,0.0,0.032,2026-07-03 12:00:00,0.551,"[1.78, 2.52, 6.94]"
128,9.119491126426473,30.344706113830636,16.989391012836737,1.9026769177795618e-07,306.6150581332983,1.3632633695190557,0.8370841499290129,3.550522913217991e-09,era5land,155,228994,0.0,0.0,0.0,0.0,0.0,0.0,0.0,,0.551,"[1.51, 2.12, 5.79]",2026,155,228994,0.0,0.0,0.0,0.0,0.0,0.0,0.0,,0.551,"[1.93, 2.69, 8.15]"
128,9.119491126426473,30.344706113830636,16.989391012836737,1.9026769177795618e-07,306.6150581332983,1.3632633695190557,0.8370841499290129,3.550522913217991e-09,imerg,155,228994,0.0,0.0,0.0,0.0,0.0,0.0,0.0,,0.551,"[1.51, 2.12, 5.79]",2026,155,228994,0.0,0.0,0.0,0.0,0.0,0.0,0.0,,0.551,"[1.93, 3.01, 8.15]"
129,8.899163557748116,37.71811512474704,18.844945213888785,1.5881402512397195e-06,178.39642081419527,2.7503224152339203,0.8540573093645061,2.443125924674051e-08,era5land,155,228994,0.058,0.037,0.058,0.001,0.0,0.0,0.058,2017-06-12 00:00:00,0.551,"[1.2, 1.74, 4.89]",2026,155,228994,0.058,0.037,0.058,0.001,0.0,0.0,0.058,2026-07-03 18:00:00,0.551,"[1.24, 1.97, 5.56]"
129,8.899163557748116,37.71811512474704,18.844945213888785,1.5881402512397195e-06,178.39642081419527,2.7503224152339203,0.8540573093645061,2.443125924674051e-08,imerg,155,228994,0.058,0.037,0.058,0.002,0.0,0.0,0.058,2017-06-12 00:00:00,0.551,"[1.2, 1.74, 4.89]",2026,155,228994,0.058,0.037,0.058,0.001,0.0,0.0,0.058,2026-07-03 06:00:00,0.551,"[1.29, 1.99, 5.56]"
130,10.643291537423234,34.83439222949002,19.718498046442285,7.518923685329166e-05,41.59666769604991,3.5983452027211107,0.7234358933812745,1.5869613404333562e-09,era5land,155,228994,0.006,0.005,0.006,0.005,0.006,0.0,0.071,2017-06-12 02:00:00,0.544,"[1.59, 2.35, 4.45]",2026,155,228994,0.006,0.005,0.006,0.005,0.006,0.0,0.0,,0.551,"[1.53, 2.28, 6.5]"
130,10.643291537423234,34.83439222949002,19.718498046442285,7.518923685329166e-05,41.59666769604991,3.5983452027211107,0.7234358933812745,1.5869613404333562e-09,imerg,155,228994,0.006,0.005,0.006,0.005,0.006,0.0,0.071,2017-06-12 09:00:00,0.544,"[1.57, 2.33, 4.45]",2026,155,228994,0.006,0.008,0.006,0.005,0.006,0.0,0.0,,0.551,"[1.5, 2.23, 6.4]"
131,8.419382583052759,36.96943519327717,19.990354007093305,6.085849916601601e-06,35.13925574162726,1.5658046509304486,0.9605979294105564,2.4142689204594303e-08,era5land,155,228994,0.006,0.005,0.006,0.0,0.0,0.0,0.006,2017-06-12 00:00:00,0.551,"[1.45, 2.09, 5.84]",2026,155,228994,0.006,0.005,0.006,0.0,0.0,0.0,0.006,2026-07-03 18:00:00,0.551,"[1.45, 2.09, 5.84]"
131,8.419382583052759,36.96943519327717,19.990354007093305,6.085849916601601e-06,35.13925574162726,1.5658046509304486,0.9605979294105564,2.4142689204594303e-08,imerg,155,228994,0.006,0.005,0.006,0.0,0.0,0.0,0.006,2017-06-12 00:00:00,0.551,"[1.45, 2.09, 5.84]",2026,155,228994,0.006,0.005,0.006,0.0,0.0,0.0,0.006,2026-07-03 06:00:00,0.551,"[1.45, 2.09, 5.84]"
132,6.936410362027604,31.773157350181275,17.063519206909536,1.4357159757464457e-07,91.7087780684122,3.194562469426901,0.5042560045777571,8.531219908788554e-08,era5land,155,228994,0.006,0.006,0.006,0.006,0.006,0.0,0.0,,0.551,"[1.38, 1.96, 5.6]",2026,155,228994,0.006,0.006,0.006,0.006,0.006,0.0,0.0,,0.551,"[1.38, 1.96, 5.38]"
132,6.936410362027604,31.773157350181275,17.063519206909536,1.4357159757464457e-07,91.7087780684122,3.194562469426901,0.5042560045777571,8.531219908788554e-08,imerg,155,228994,0.006,0.006,0.006,0.006,0.006,0.0,0.0,,0.551,"[1.38, 1.97, 5.62]",2026,155,228994,0.006,0.006,0.006,0.006,0.006,0.0,0.0,,0.551,"[1.38, 1.96, 5.38]"
133,7.3430140658758205,31.43255642706162,18.32143051858528,5.47520692991717e-06,360.53320662026954,3.610560392562913,0.7379868758809367,1.4737669691314822e-09,era5land,155,228994,0.213,0.211,0.213,0.02,0.026,0.0,0.187,2017-06-12 00:00:00,0.551,"[0.85, 1.25, 3.52]",2026,155,228994,0.213,0.211,0.213,0.019,0.026,0.0,0.187,2026-07-03 18:00:00,0.551,"[0.85, 1.25, 3.52]"
133,7.3430140658758205,31.43255642706162,18.32143051858528,5.47520692991717e-06,360.53320662026954,3.610560392562913,0.7379868758809367,1.4737669691314822e-09,imerg,155,228994,0.213,0.211,0.213,0.04,0.065,0.0,0.148,2017-06-12 00:00:00,0.551,"[0.85, 1.25, 3.52]",2026,155,228994,0.213,0.211,0.213,0.019,0.026,0.0,0.187,2026-07-03 06:00:00,0.551,"[0.85, 1.25, 3.52]"
134,8.51045491039607,34.255066402678956,18.71883540596368,3.724787119693979e-05,236.83895013009712,2.0997592461671957,0.621219292560061,3.015462208762942e-08,era5land,155,228994,0.006,0.002,0.006,0.002,0.006,0.0,0.0,,0.551,"[1.64, 2.4, 6.78]",2026,155,228994,0.0,0.002,0.0,0.002,0.0,0.0,0.0,,0.551,"[1.65, 2.41, 6.79]"
134,8.51045491039607,34.255066402678956,18.71883540596368,3.724787119693979e-05,236.83895013009712,2.0997592461671957,0.621219292560061,3.015462208762942e-08,imerg,155,228994,0.032,0.027,0.032,0.027,0.032,0.0,0.0,,0.551,"[1.33, 2.04, 5.89]",2026,155,228994,0.0,0.002,0.0,0.002,0.0,0.0,0.0,,0.551,"[1.65, 2.41, 6.79]"
136,8.187614919485618,30.465658701295936,17.407558704327812,2.446578054717965e-07,58.66268572684308,1.3827899224528652,0.8646439231065255,7.244525127767514e-08,era5land,155,228994,0.0,0.0,0.0,0.0,0.0,0.0,0.0,,0.551,"[1.62, 2.28, 6.22]",2026,155,228994,0.0,0.0,0.0,0.0,0.0,0.0,0.0,,0.551,"[2.04, 2.96, 8.28]"
136,8.187614919485618,30.465658701295936,17.407558704327812,2.446578054717965e-07,58.66268572684308,1.3827899224528652,0.8646439231065255,7.244525127767514e-08,imerg,155,228994,0.0,0.0,0.0,0.0,0.0,0.0,0.0,,0.551,"[1.62, 2.28, 6.22]",2026,155,228994,0.0,0.0,0.0,0.0,0.0,0.0,0.0,,0.551,"[2.04, 2.96, 8.28]"
137,8.606017404055086,36.669892710482976,15.74872482188349,2.2728555787153727e-05,44.38808879737381,3.120602847933005,0.5499076663385583,7.713932835033666e-08,era5land,155,228994,0.09,0.103,0.09,0.006,0.006,0.0,0.084,2017-06-12 00:00:00,0.551,"[1.01, 1.46, 4.08]",2026,155,228994,0.09,0.103,0.09,0.006,0.006,0.0,0.084,2026-07-05 00:00:00,0.551,"[1.01, 1.46, 4.08]"
137,8.606017404055086,36.669892710482976,15.74872482188349,2.2728555787153727e-05,44.38808879737381,3.120602847933005,0.5499076663385583,7.713932835033666e-08,imerg,155,228994,0.09,0.103,0.09,0.007,0.006,0.0,0.084,2017-06-12 02:00:00,0.551,"[1.01, 1.46, 4.08]",2026,155,228994,0.09,0.103,0.09,0.006,0.006,0.0,0.084,2026-07-05 00:00:00,0.551,"[1.01, 1.46, 4.08]"
138,0.9532613600731054,36.76197503715967,19.03391287156046,4.728195963522962e-07,147.27867991947238,2.9832378602495506,0.6707139777935086,3.901613133371408e-08,era5land,155,228994,0.206,0.203,0.206,0.025,0.032,0.0,0.174,2017-06-12 00:00:00,0.551,"[0.85, 1.28, 3.65]",2026,155,228994,0.187,0.172,0.206,0.025,0.032,0.0,0.174,2026-07-05 00:00:00,0.551,"[0.89, 1.33, 3.8]"
138,0.9532613600731054,36.76197503715967,19.03391287156046,4.728195963522962e-07,147.27867991947238,2.9832378602495506,0.6707139777935086,3.901613133371408e-08,imerg,155,228994,0.206,0.203,0.206,0.025,0.032,0.0,0.174,2017-06-12 00:00:00,0.551,"[0.85, 1.28, 3.65]",2026,155,228994,0.187,0.172,0.206,0.025,0.032,0.0,0.174,2026-07-05 00:00:00,0.551,"[0.89, 1.33, 3.8]"
139,10.483301146034483,27.957037537244236,18.646606476939976,3.293409448112363e-07,387.7802332542139,2.008718723870014,0.7362738032028809,1.3030501259280828e-08,era5land,155,228994,0.032,0.022,0.032,0.001,0.0,0.0,0.032,2017-06-12 00:00:00,0.551,"[1.24, 1.76, 4.85]",2026,155,228994,0.032,0.021,0.032,0.001,0.0,0.0,0.032,2026-07-03 00:00:00,0.551,"[1.54, 2.17, 6.52]"
139,10.483301146034483,27.957037537244236,18.646606476939976,3.293409448112363e-07,387.7802332542139,2.008718723870014,0.7362738032028809,1.3030501259280828e-08,imerg,155,228994,0.032,0.022,0.032,0.002,0.0,0.0,0.032,2017-06-12 00:00:00,0.551,"[1.24, 1.76, 4.85]",2026,155,228994,0.019,0.017,0.032,0.001,0.0,0.0,0.032,2026-07-03 06:00:00,0.551,"[1.54, 2.23, 6.52]"
140,3.0203483213162077,34.80895757498967,17.43865809827959,4.041671152991592e-06,217.4077845833535,1.3365438101784697,0.5328910478041351,2.8857372614167044e-08,era5land,155,228994,0.019,0.018,0.019,0.018,0.019,0.0,0.0,,0.551,"[1.35, 2.0, 5.68]",2026,155,228994,0.019,0.016,0.019,0.016,0.019,0.0,0.0,,0.551,"[1.3, 1.65, 3.89]"
141,7.1399463314464215,37.28112673528653,18.51945371993858,4.605071905607435e-06,150.48147163651254,2.8233345158221335,0.6618230778843053,3.2217568324954925e-08,era5land,155,228994,0.084,0.075,0.084,0.005,0.006,0.0,0.077,2017-06-12 00:00:00,0.551,"[1.07, 1.57, 4.43]",2026,155,228994,0.084,0.075,0.084,0.005,0.006,0.0,0.077,2026-07-03 18:00:00,0.551,"[1.07, 1.57, 4.43]"
141,7.1399463314464215,37.28112673528653,18.51945371993858,4.605071905607435e-06,150.48147163651254,2.8233345158221335,0.6618230778843053,3.2217568324954925e-08,imerg,155,228994,0.084,0.075,0.084,0.009,0.006,0.0,0.077,2017-06-12 00:00:00,0.551,"[1.07, 1.57, 4.43]",2026,155,228994,0.084,0.075,0.084,0.005,0.006,0.0,0.077,2026-07-03 06:00:00,0.551,"[1.07, 1.57, 4.43]"
142,3.865814466015699,35.50690910914396,21.00741095487731,2.0578829488442396e-06,422.03347537337265,3.5635158468853163,0.7292699257192008,8.296114793383867e-08,era5land,155,228994,0.142,0.148,0.142,0.017,0.019,0.0,0.123,2017-06-12 00:00:00,0.551,"[0.93, 1.39, 3.96]",2026,155,228994,0.142,0.148,0.142,0.016,0.019,0.0,0.123,2026-07-03 18:00:00,0.551,"[0.93, 1.39, 3.96]"
142,3.865814466015699,35.50690910914396,21.00741095487731,2.0578829488442396e-06,422.03347537337265,3.5635158468853163,0.7292699257192008,8.296114793383867e-08,imerg,155,228994,0.142,0.148,0.142,0.03,0.039,0.0,0.103,2017-06-12 00:00:00,0.551,"[0.93, 1.39, 3.96]",2026,155,228994,0.142,0.148,0.142,0.016,0.019,0.0,0.123,2026-07-03 06:00:00,0.551,"[0.93, 1.39, 3.96]"
143,8.107163926430916,34.999713277208755,15.83925576479297,1.77071805455467e-05,40.864117983848615,2.9263563768805407,0.5342313522755424,4.002054197617619e-09,era5land,155,228994,0.116,0.121,0.116,0.009,0.006,0.0,0.11,2017-06-12 00:00:00,0.551,"[0.98, 1.41, 3.94]",2026,155,228994,0.116,0.121,0.116,0.009,0.006,0.0,0.11,2026-07-04 18:00:00,0.551,"[0.98, 1.41, 3.94]"
143,8.107163926430916,34.999713277208755,15.83925576479297,1.77071805455467e-05,40.864117983848615,2.9263563768805407,0.5342313522755424,4.002054197617619e-09,imerg,155,228994,0.116,0.121,0.116,0.011,0.019,0.0,0.097,2017-06-12 04:00:00,0.551,"[0.98, 1.41, 3.94]",2026,155,228994,0.116,0.121,0.116,0.009,0.006,0.0,0.11,2026-07-05 00:00:00,0.551,"[0.98, 1.41, 3.94]"
144,9.444441832106577,32.31104404680269,16.86430826676594,6.723120804146949e-05,11.090392729117063,2.164931315581255,0.895721942407615,2.9237821614955233e-08,era5land,155,228994,0.032,0.024,0.039,0.0,0.0,0.0,0.045,2017-06-12 10:00:00,0.55,"[1.19, 1.69, 4.68]",2026,155,228994,0.0,0.0,0.0,0.0,0.0,0.0,0.0,,0.551,"[1.47, 2.04, 5.57]"
144,9.444441832106577,32.31104404680269,16.86430826676594,6.723120804146949e-05,11.090392729117063,2.164931315581255,0.895721942407615,2.9237821614955233e-08,imerg,155,228994,0.032,0.024,0.039,0.0,0.0,0.0,0.045,2017-06-12 15:00:00,0.55,"[1.19, 1.69, 4.68]",2026,155,228994,0.0,0.001,0.0,0.0,0.0,0.0,0.0,,0.551,"[1.53, 2.29, 6.42]"
145,1.6551706730348532,37.081658816104984,17.270004116472265,1.4353983191845808e-06,22.33266393383533,2.4159267204517256,0.7903686134334935,1.2540881568288923e-09,era5land,155,228994,0.348,0.285,0.265,0.014,0.019,0.09,0.239,2017-06-12 21:00:00,0.551,"[0.76, 1.14, 3.49]",2026,155,228994,0.258,0.227,0.348,0.014,0.019,0.0,0.329,2026-07-06 00:00:00,0.551,"[0.85, 1.14, 3.26]"
145,1.6551706730348532,37.081658816104984,17.270004116472265,1.4353983191845808e-06,22.33266393383533,2.4159267204517256,0.7903686134334935,1.2540881568288923e-09,imerg,155,228994,0.348,0.285,0.206,0.014,0.019,0.142,0.187,2017-06-13 00:00:00,0.551,"[0.76, 1.14, 3.62]",2026,155,228994,0.258,0.227,0.348,0.014,0.019,0.0,0.329,2026-07-06 18:00:00,0.551,"[0.83, 1.22, 3.26]"
146,11.31038094809163,30.439852708678693,17.85393680714318,3.9180181822379635e-07,12.265418756094611,2.8860373710018026,0.5019321118296296,5.5585024987018786e-08,era5land,155,228994,0.006,0.008,0.006,0.006,0.006,0.0,0.0,,0.551,"[1.45, 2.11, 5.93]",2026,155,228994,0.039,0.03,0.019,0.006,0.006,0.019,0.013,2026-07-09 06:00:00,0.551,"[1.2, 1.71, 4.97]"
146,11.31038094809163,30.439852708678693,17.85393680714318,3.9180181822379635e-07,12.265418756094611,2.8860373710018026,0.5019321118296296,5.5585024987018786e-08,imerg,155,228994,0.006,0.008,0.006,0.006,0.006,0.0,0.0,,0.551,"[1.45, 2.11, 5.92]",2026,155,228994,0.039,0.03,0.019,0.006,0.006,0.026,0.006,2026-07-10 00:00:00,0.551,"[1.2, 1.82, 5.22]"
147,2.444757610309835,36.5841154496516,19.860637843853297,1.8924960381620204e-06,13.69901541781246,3.2872305618266355,0.8732958172038452,4.911907832448149e-08,era5land,155,228994,0.065,0.048,0.045,0.011,0.019,0.026,0.019,2017-06-13 02:00:00,0.551,"[1.24, 1.97, 5.84]",2026,155,228994,0.2,0.185,0.116,0.011,0.019,0.11,0.071,2026-07-08 00:00:00,0.551,"[0.88, 1.31, 3.76]"
147,2.444757610309835,36.5841154496516,19.860637843853297,1.8924960381620204e-06,13.69901541781246,3.2872305618266355,0.8732958172038452,4.911907832448149e-08,imerg,155,228994,0.065,0.043,0.039,0.011,0.019,0.026,0.019,2017-06-13 05:00:00,0.551,"[1.26, 1.99, 5.9]",2026,155,228994,0.2,0.185,0.077,0.011,0.019,0.135,0.045,2026-07-09 00:00:00,0.551,"[0.88, 1.31, 3.98]"
148,3.636853628613731,37.76158681336245,17.286260329959326,4.595272449656088e-07,22.659090610352127,2.4280700086567437,0.9045924178173844,1.1271230619542332e-08,era5land,155,228994,0.032,0.024,0.019,0.004,0.006,0.013,0.013,2017-06-12 22:30:00,0.551,"[1.43, 2.24, 6.6]",2026,155,228994,0.168,0.156,0.084,0.004,0.006,0.09,0.071,2026-07-08 12:00:00,0.551,"[0.92, 1.36, 3.85]"
148,3.636853628613731,37.76158681336245,17.286260329959326,4.595272449656088e-07,22.659090610352127,2.4280700086567437,0.9045924178173844,1.1271230619542332e-08,imerg,155,228994,0.032,0.023,0.019,0.004,0.006,0.013,0.013,2017-06-12 23:00:00,0.551,"[1.43, 2.25, 6.61]",2026,155,228994,0.168,0.156,0.065,0.004,0.006,0.103,0.058,2026-07-09 06:00:00,0.551,"[0.92, 1.36, 3.94]"
149,1.098903029148259,36.30986192735124,20.909442366492232,1.1661852211229443e-06,62.52838680315371,1.6435547102203574,0.5001924922372821,1.6739357647262546e-08,era5land,155,228994,0.2,0.181,0.2,0.04,0.065,0.0,0.135,2017-06-12 00:00:00,0.551,"[0.88, 1.32, 3.8]",2026,155,228994,0.142,0.146,0.2,0.039,0.065,0.0,0.135,2026-07-03 18:00:00,0.551,"[0.91, 1.4, 3.99]"
149,1.098903029148259,36.30986192735124,20.909442366492232,1.1661852211229443e-06,62.52838680315371,1.6435547102203574,0.5001924922372821,1.6739357647262546e-08,imerg,155,228994,0.2,0.181,0.2,0.043,0.065,0.0,0.135,2017-06-12 00:00:00,0.551,"[0.88, 1.32, 3.8]",2026,155,228994,0.142,0.146,0.2,0.039,0.065,0.0,0.135,2026-07-03 06:00:00,0.551,"[0.93, 1.4, 3.99]"
150,7.288963776854724,32.86339951179998,16.647802977866846,3.895874890540807e-06,67.3811802554177,3.89001252052292,0.6056463081329422,2.6392057306312535e-08,era5land,155,228994,0.265,0.235,0.265,0.025,0.032,0.0,0.232,2017-06-12 03:00:00,0.551,"[0.83, 1.21, 3.39]",2026,155,228994,0.071,0.059,0.265,0.025,0.032,0.0,0.232,2026-07-05 00:00:00,0.551,"[1.11, 1.59, 4.4]"
150,7.288963776854724,32.86339951179998,16.647802977866846,3.895874890540807e-06,67.3811802554177,3.89001252052292,0.6056463081329422,2.6392057306312535e-08,imerg,155,228994,0.265,0.235,0.265,0.026,0.032,0.0,0.232,2017-06-12 07:00:00,0.551,"[0.83, 1.21, 3.39]",2026,155,228994,0.071,0.059,0.265,0.025,0.032,0.0,0.232,2026-07-05 00:00:00,0.551,"[1.11, 1.59, 4.4]"
151,10.845004991197197,37.808709690275165,21.039251396550032,7.6557900371223e-06,74.63603158308518,2.05930172095037,0.5220673484786365,2.211350791109735e-09,era5land,155,228994,0.0,0.003,0.006,0.0,0.0,0.0,0.006,2017-06-12 00:00:00,0.551,"[1.47, 2.12, 5.93]",2026,155,228994,0.006,0.005,0.006,0.0,0.0,0.0,0.006,2026-07-03 18:00:00,0.551,"[1.47, 2.12, 5.93]"
151,10.845004991197197,37.808709690275165,21.039251396550032,7.6557900371223e-06,74.63603158308518,2.05930172095037,0.5220673484786365,2.211350791109735e-09,imerg,155,228994,0.0,0.004,0.006,0.002,0.0,0.0,0.006,2017-06-12 00:00:00,0.551,"[1.47, 2.12, 5.93]",2026,155,228994,0.006,0.005,0.006,0.0,0.0,0.0,0.006,2026-07-03 06:00:00,0.551,"[1.47, 2.12, 5.93]"
152,4.49904070627509,36.270555965150734,20.038733085843575,1.545105420863584e-06,124.5184603230803,1.391011241596796,0.894485538225321,4.503806810218629e-09,era5land,155,228994,0.065,0.045,0.065,0.001,0.0,0.0,0.065,2017-06-12 00:00:00,0.551,"[1.16, 1.7, 4.79]",2026,155,228994,0.065,0.045,0.065,0.001,0.0,0.0,0.065,2026-07-03 18:00:00,0.551,"[1.16, 1.7, 4.79]"
152,4.49904070627509,36.270555965150734,20.038733085843575,1.545105420863584e-06,124.5184603230803,1.391011241596796,0.894485538225321,4.503806810218629e-09,imerg,155,228994,0.065,0.045,0.065,0.012,0.019,0.0,0.045,2017-06-12 00:00:00,0.551,"[1.16, 1.7, 4.79]",2026,155,228994,0.065,0.045,0.065,0.001,0.0,0.0,0.065,2026-07-03 06:00:00,0.551,"[1.16, 1.7, 4.79]"
153,2.4916838980357614,36.2780401213817,20.84134185565127,6.467072192062276e-07,271.32509528023803,1.5525351947870834,0.8224725043688821,8.754668543159832e-09,era5land,155,228994,0.116,0.114,0.116,0.008,0.006,0.0,0.11,2017-06-12 00:00:00,0.551,"[0.99, 1.47, 4.19]",2026,155,228994,0.116,0.114,0.116,0.007,0.006,0.0,0.11,2026-07-03 00:00:00,0.551,"[0.99, 1.47, 4.19]"
153,2.4916838980357614,36.2780401213817,20.84134185565127,6.467072192062276e-07,271.32509528023803,1.5525351947870834,0.8224725043688821,8.754668543159832e-09,imerg,155,228994,0.116,0.114,0.116,0.022,0.032,0.0,0.084,2017-06-12 00:00:00,0.551,"[0.99, 1.47, 4.19]",2026,155,228994,0.116,0.114,0.116,0.007,0.006,0.0,0.11,2026-07-03 06:00:00,0.551,"[0.99, 1.47, 4.19]"
155,10.003862194810743,36.73168369984057,17.644442459203876,1.2844451513727317e-07,488.3132729048376,2.3989858377851876,0.8180500303720628,2.338412337620281e-09,era5land,155,228994,0.019,0.019,0.019,0.0,0.0,0.0,0.019,2017-06-12 00:00:00,0.551,"[1.28, 1.84, 5.14]",2026,155,228994,0.0,0.0,0.019,0.0,0.0,0.0,0.019,2026-07-03 00:00:00,0.551,"[1.87, 2.65, 7.26]"
155,10.003862194810743,36.73168369984057,17.644442459203876,1.2844451513727317e-07,488.3132729048376,2.3989858377851876,0.8180500303720628,2.338412337620281e-09,imerg,155,228994,0.019,0.019,0.019,0.0,0.0,0.0,0.019,2017-06-12 00:00:00,0.551,"[1.28, 1.84, 5.14]",2026,155,228994,0.0,0.0,0.019,0.0,0.0,0.0,0.019,2026-07-04 00:00:00,0.551,"[1.87, 2.65, 7.26]"
156,0.8030710909832661,35.920526138755264,21.18092127540202,4.226420913311448e-07,232.8074108855566,3.2099468263219175,0.8344368100427216,6.239401477056115e-08,era5land,155,228994,0.142,0.143,0.142,0.018,0.019,0.0,0.123,2017-06-12 00:00:00,0.551,"[0.94, 1.4, 4.01]",2026,155,228994,0.123,0.125,0.142,0.018,0.019,0.0,0.123,2026-07-04 18:00:00,0.551,"[0.97, 1.44, 4.11]"
156,0.8030710909832661,35.920526138755264,21.18092127540202,4.226420913311448e-07,232.8074108855566,3.2099468263219175,0.8344368100427216,6.239401477056115e-08,imerg,155,228994,0.142,0.143,0.142,0.018,0.019,0.0,0.123,2017-06-12 00:00:00,0.551,"[0.94, 1.4, 4.01]",2026,155,228994,0.123,0.125,0.142,0.018,0.019,0.0,0.123,2026-07-04 06:00:00,0.551,"[0.97, 1.44, 4.11]"
158,4.409866849578757,32.6091055344386,17.142303346743123,2.202278480863798e-06,211.63724665352532,3.6249366882580434,0.9990144097072162,1.876013154935252e-08,era5land,155,228994,0.381,0.314,0.381,0.011,0.019,0.0,0.361,2017-06-12 00:00:00,0.551,"[0.74, 1.09, 3.1]",2026,155,228994,0.271,0.243,0.381,0.011,0.019,0.0,0.361,2026-07-05 00:00:00,0.551,"[0.78, 1.19, 3.37]"
158,4.409866849578757,32.6091055344386,17.142303346743123,2.202278480863798e-06,211.63724665352532,3.6249366882580434,0.9990144097072162,1.876013154935252e-08,imerg,155,228994,0.381,0.314,0.381,0.014,0.019,0.0,0.361,2017-06-12 04:00:00,0.551,"[0.74, 1.09, 3.1]",2026,155,228994,0.271,0.243,0.381,0.011,0.019,0.0,0.361,2026-07-05 00:00:00,0.551,"[0.78, 1.19, 3.52]"
159,7.55978080018182,34.35487804738946,15.836398407841642,1.655681845265992e-05,13.6577826107518,2.7372552682686644,0.8449898414318763,2.6892637834544407e-08,era5land,155,228994,0.129,0.13,0.123,0.002,0.006,0.039,0.084,2017-06-12 17:00:00,0.551,"[0.97, 1.39, 3.89]",2026,155,228994,0.065,0.042,0.084,0.002,0.006,0.0,0.084,2026-07-05 18:00:00,0.551,"[1.26, 1.79, 5.45]"
159,7.55978080018182,34.35487804738946,15.836398407841642,1.655681845265992e-05,13.6577826107518,2.7372552682686644,0.8449898414318763,2.6892637834544407e-08,imerg,155,228994,0.129,0.13,0.077,0.003,0.006,0.058,0.065,2017-06-13 01:00:00,0.551,"[0.97, 1.39, 4.26]",2026,155,228994,0.032,0.023,0.09,0.002,0.006,0.045,0.077,2026-07-07 18:00:00,0.551,"[1.26, 1.98, 5.45]"
160,1.6351390824473946,37.9371961572996,18.57815828659506,6.226511881583713e-07,186.6885151980186,1.6067911340835748,0.5091432087285265,1.1029588211815386e-08,era5land,155,228994,0.181,0.169,0.181,0.025,0.032,0.0,0.148,2017-06-12 00:00:00,0.551,"[0.9, 1.34, 3.83]",2026,155,228994,0.181,0.169,0.181,0.025,0.032,0.0,0.148,2026-07-03 00:00:00,0.551,"[0.9, 1.34, 3.88]"
160,1.6351390824473946,37.9371961572996,18.57815828659506,6.226511881583713e-07,186.6885151980186,1.6067911340835748,0.5091432087285265,1.1029588211815386e-08,imerg,155,228994,0.181,0.169,0.181,0.038,0.065,0.0,0.116,2017-06-12 00:00:00,0.551,"[0.9, 1.34, 3.83]",2026,155,228994,0.181,0.169,0.181,0.025,0.032,0.0,0.148,2026-07-03 06:00:00,0.551,"[0.9, 1.34, 3.95]"
161,11.50871917983059,31.823487643974776,16.365784531596706,1.1674754344879744e-05,10.819897118830315,3.4991319698632783,0.5638370731995378,1.675949458317408e-09,era5land,155,228994,0.097,0.104,0.077,0.009,0.006,0.019,0.071,2017-06-12 14:30:00,0.551,"[1.01, 1.48, 4.42]",2026,155,228994,0.0,0.001,0.097,0.009,0.006,0.0,0.09,2026-07-05 18:00:00,0.551,"[1.73, 2.47, 6.72]"
161,11.50871917983059,31.823487643974776,16.365784531596706,1.1674754344879744e-05,10.819897118830315,3.4991319698632783,0.5638370731995378,1.675949458317408e-09,imerg,155,228994,0.097,0.104,0.065,0.009,0.006,0.032,0.058,2017-06-12 19:00:00,0.551,"[1.01, 1.57, 4.64]",2026,155,228994,0.0,0.001,0.097,0.009,0.006,0.013,0.077,2026-07-06 18:00:00,0.551,"[1.76, 2.47, 6.72]"
162,8.013058205934879,33.49656043196119,16.068851572935674,6.658443292589179e-05,22.236299404117293,3.833994306019407,0.8024208575549464,3.7966869803041095e-09,era5land,155,228994,0.219,0.217,0.135,0.008,0.006,0.11,0.103,2017-06-13 02:00:00,0.551,"[0.85, 1.31, 4.14]",2026,155,228994,0.219,0.217,0.219,0.008,0.006,0.0,0.213,2026-07-07 00:00:00,0.551,"[0.85, 1.23, 3.46]"
162,8.013058205934879,33.49656043196119,16.068851572935674,6.658443292589179e-05,22.236299404117293,3.833994306019407,0.8024208575549464,3.7966869803041095e-09,imerg,155,228994,0.2,0.199,0.084,0.008,0.006,0.116,0.077,2017-06-13 06:00:00,0.551,"[0.85, 1.38, 4.3]",2026,155,228994,0.219,0.217,0.206,0.008,0.006,0.019,0.194,2026-07-07 12:00:00,0.55,"[0.85, 1.23, 3.92]"
163,2.321517965647201,36.63869468930699,17.476122554984347,4.188884096872404e-06,17.37045771949504,1.2581644918841517,0.9290731921236371,2.8416288574346572e-08,era5land,155,228994,0.161,0.15,0.161,0.003,0.006,0.0,0.155,2017-06-12 00:30:00,0.551,"[0.93, 1.37, 3.88]",2026,155,228994,0.161,0.15,0.161,0.003,0.006,0.0,0.155,2026-07-05 00:00:00,0.551,"[0.93, 1.37, 4.11]"
163,2.321517965647201,36.63869468930699,17.476122554984347,4.188884096872404e-06,17.37045771949504,1.2581644918841517,0.9290731921236371,2.8416288574346572e-08,imerg,155,228994,0.161,0.15,0.161,0.005,0.006,0.0,0.155,2017-06-12 07:00:00,0.551,"[0.93, 1.37, 3.88]",2026,155,228994,0.161,0.15,0.161,0.003,0.006,0.0,0.155,2026-07-05 00:00:00,0.551,"[0.93, 1.37, 4.11]"
165,8.27219536531921,35.440093359471,16.172348176279637,1.833228295551148e-05,105.53322397749822,2.987553695744929,0.817396506874732,7.8115541114637e-08,era5land,155,228994,0.0,0.002,0.032,0.002,0.0,0.0,0.103,2017-06-12 00:00:00,0.559,"[1.28, 1.72, 4.04]",2026,155,228994,0.019,0.012,0.019,0.002,0.0,0.0,0.019,2026-07-03 18:00:00,0.546,"[1.43, 2.01, 4.04]"
165,8.27219536531921,35.440093359471,16.172348176279637,1.833228295551148e-05,105.53322397749822,2.987553695744929,0.817396506874732,7.8115541114637e-08,imerg,155,228994,0.006,0.005,0.039,0.005,0.006,0.0,0.097,2017-06-12 00:00:00,0.56,"[1.28, 1.69, 4.04]",2026,155,228994,0.045,0.032,0.045,0.002,0.0,0.0,0.045,2026-07-03 06:00:00,0.541,"[1.26, 1.89, 4.04]"
166,9.874714152568364,32.92203272282019,17.306070527193498,7.083778395100607e-05,63.198668387693935,1.6972837100455944,0.6155213677540232,4.677847532949598e-08,era5land,155,228994,0.0,0.0,0.0,0.0,0.0,0.0,0.0,,0.551,"[1.86, 2.69, 7.51]",2026,155,228994,0.0,0.0,0.0,0.0,0.0,0.0,0.0,,0.551,"[1.87, 2.69, 7.52]"
166,9.874714152568364,32.92203272282019,17.306070527193498,7.083778395100607e-05,63.198668387693935,1.6972837100455944,0.6155213677540232,4.677847532949598e-08,imerg,155,228994,0.0,0.001,0.0,0.001,0.0,0.0,0.0,,0.551,"[1.74, 2.54, 7.14]",2026,155,228994,0.0,0.0,0.0,0.0,0.0,0.0,0.0,,0.551,"[1.87, 2.69, 7.52]"
167,4.353660357402085,32.55758160471131,16.403515836279087,2.3698575996198617e-07,103.62408082682634,2.474493264120879,0.7253076408865767,2.984811885806931e-09,era5land,155,228994,0.277,0.259,0.271,0.018,0.019,0.006,0.252,2017-06-12 14:30:00,0.551,"[0.8, 1.17, 3.43]",2026,155,228994,0.277,0.259,0.277,0.018,0.019,0.0,0.258,2026-07-05 18:00:00,0.551,"[0.8, 1.17, 3.29]"
167,4.353660357402085,32.55758160471131,16.403515836279087,2.3698575996198617e-07,103.62408082682634,2.474493264120879,0.7253076408865767,2.984811885806931e-09,imerg,155,228994,0.277,0.259,0.265,0.018,0.019,0.019,0.239,2017-06-12 16:00:00,0.551,"[0.8, 1.17, 3.53]",2026,155,228994,0.277,0.259,0.277,0.018,0.019,0.0,0.258,2026-07-06 06:00:00,0.55,"[0.8, 1.17, 3.29]"
168,8.813656722861559,38.01773411420832,18.87708089911974,2.3614359626464534e-05,15.960723101064662,2.1975810191127576,0.531422007285271,3.675343344961936e-09,era5land,155,228994,0.026,0.019,0.026,0.001,0.0,0.0,0.026,2017-06-12 01:00:00,0.551,"[1.29, 1.87, 5.25]",2026,155,228994,0.026,0.019,0.026,0.001,0.0,0.0,0.026,2026-07-05 00:00:00,0.551,"[1.29, 1.87, 5.25]"
168,8.813656722861559,38.01773411420832,18.87708089911974,2.3614359626464534e-05,15.960723101064662,2.1975810191127576,0.531422007285271,3.675343344961936e-09,imerg,155,228994,0.026,0.019,0.026,0.002,0.0,0.0,0.026,2017-06-12 04:00:00,0.551,"[1.29, 1.87, 5.25]",2026,155,228994,0.026,0.019,0.026,0.001,0.0,0.0,0.026,2026-07-05 00:00:00,0.551,"[1.29, 1.87, 5.25]"
169,4.2220578943296125,36.53681984267182,19.57049190034225,2.6265064489560853e-06,385.24236998699706,3.158553247679569,0.9022201951512798,1.534217453124763e-08,era5land,155,228994,0.168,0.154,0.168,0.007,0.006,0.0,0.161,2017-06-12 00:00:00,0.551,"[0.92, 1.37, 3.92]",2026,155,228994,0.168,0.154,0.168,0.006,0.006,0.0,0.161,2026-07-03 18:00:00,0.551,"[0.92, 1.37, 3.92]"
169,4.2220578943296125,36.53681984267182,19.57049190034225,2.6265064489560853e-06,385.24236998699706,3.158553247679569,0.9022201951512798,1.534217453124763e-08,imerg,155,228994,0.168,0.154,0.168,0.019,0.019,0.0,0.148,2017-06-12 00:00:00,0.551,"[0.92, 1.37, 3.92]",2026,155,228994,0.168,0.154,0.168,0.006,0.006,0.0,0.161,2026-07-03 06:00:00,0.551,"[0.92, 1.37, 3.92]"
170,10.190047308646715,29.980129769815797,18.273282887446296,3.3354447979882004e-06,15.689169315303252,1.239818878766683,0.5999716045787474,2.062816507597508e-09,era5land,155,228994,0.0,0.0,0.0,0.0,0.0,0.0,0.0,,0.551,"[1.67, 2.35, 6.42]",2026,155,228994,0.0,0.0,0.0,0.0,0.0,0.0,0.0,,0.552,"[1.95, 3.0, 8.89]"
170,10.190047308646715,29.980129769815797,18.273282887446296,3.3354447979882004e-06,15.689169315303252,1.239818878766683,0.5999716045787474,2.062816507597508e-09,imerg,155,228994,0.0,0.0,0.0,0.0,0.0,0.0,0.0,,0.551,"[1.67, 2.35, 6.42]",2026,155,228994,0.0,0.0,0.0,0.0,0.0,0.0,0.0,,0.552,"[2.06, 3.0, 9.11]"
171,8.959610838763414,38.02564085858587,15.954913866122569,1.5084421881905205e-07,81.93615551664142,1.416081850540262,0.942903599533774,6.176033833732166e-08,era5land,155,228994,0.0,0.0,0.0,0.0,0.0,0.0,0.0,,0.551,"[2.1, 2.94, 8.01]",2026,155,228994,0.0,0.0,0.0,0.0,0.0,0.0,0.0,,0.552,"[2.57, 3.74, 9.54]"
171,8.959610838763414,38.02564085858587,15.954913866122569,1.5084421881905205e-07,81.93615551664142,1.416081850540262,0.942903599533774,6.176033833732166e-08,imerg,155,228994,0.0,0.0,0.0,0.0,0.0,0.0,0.0,,0.551,"[2.1, 2.94, 8.01]",2026,155,228994,0.0,0.0,0.0,0.0,0.0,0.0,0.0,,0.552,"[2.57, 3.74, 10.0]"
172,10.066762602474888,36.65885152648977,17.035063028086864,1.0345666982475622e-06,451.9775817637888,3.257876237842619,0.988814392268066,1.6009540794154303e-08,era5land,155,228994,0.071,0.06,0.071,0.0,0.0,0.0,0.071,2017-06-12 00:00:00,0.551,"[1.11, 1.61, 4.5]",2026,155,228994,0.071,0.06,0.071,0.0,0.0,0.0,0.071,2026-07-03 18:00:00,0.551,"[1.11, 1.61, 4.9]"
172,10.066762602474888,36.65885152648977,17.035063028086864,1.0345666982475622e-06,451.9775817637888,3.257876237842619,0.988814392268066,1.6009540794154303e-08,imerg,155,228994,0.071,0.06,0.071,0.002,0.0,0.0,0.071,2017-06-12 00:00:00,0.551,"[1.11, 1.61, 4.5]",2026,155,228994,0.071,0.06,0.071,0.0,0.0,0.0,0.071,2026-07-03 06:00:00,0.551,"[1.11, 1.61, 4.9]"
173,9.110014257150414,28.689486127811488,20.63282036249963,9.631704693718333e-05,21.541011964176665,3.029833682137135,0.7165987815769888,5.8251037534468385e-08,era5land,155,228994,0.026,0.019,0.084,0.019,0.026,0.0,0.116,2017-06-12 07:00:00,0.534,"[1.32, 1.68, 3.86]",2026,155,228994,0.032,0.025,0.032,0.019,0.026,0.0,0.006,2026-07-03 00:00:00,0.551,"[1.29, 1.91, 5.25]"
173,9.110014257150414,28.689486127811488,20.63282036249963,9.631704693718333e-05,21.541011964176665,3.029833682137135,0.7165987815769888,5.8251037534468385e-08,imerg,155,228994,0.032,0.021,0.09,0.021,0.032,0.0,0.11,2017-06-12 15:00:00,0.534,"[1.31, 1.67, 3.86]",2026,155,228994,0.032,0.025,0.032,0.019,0.026,0.0,0.006,2026-07-03 06:00:00,0.551,"[1.27, 1.88, 4.95]"
174,3.3902467624686814,33.84264351097025,19.58563393440578,4.524485600210101e-07,192.6226009655201,2.7685333025605487,0.5775281743916483,6.843378931447836e-08,era5land,155,228994,0.135,0.131,0.135,0.028,0.039,0.0,0.097,2017-06-12 00:00:00,0.551,"[0.96, 1.41, 3.99]",2026,155,228994,0.071,0.058,0.135,0.028,0.039,0.0,0.097,2026-07-04 00:00:00,0.551,"[1.12, 1.62, 4.55]"
174,3.3902467624686814,33.84264351097025,19.58563393440578,4.524485600210101e-07,192.6226009655201,2.7685333025605487,0.5775281743916483,6.843378931447836e-08,imerg,155,228994,0.135,0.131,0.135,0.028,0.039,0.0,0.097,2017-06-12 00:00:00,0.551,"[0.96, 1.41, 3.99]",2026,155,228994,0.071,0.058,0.135,0.028,0.039,0.0,0.097,2026-07-04 00:00:00,0.551,"[1.12, 1.62, 4.55]"
175,1.568882544853604,32.64503083370405,19.34094453063562,1.9321803378674084e-06,81.63428377895016,2.0554537381884463,0.8679711500706476,1.4185276197018278e-08,era5land,155,228994,0.361,0.302,0.361,0.027,0.032,0.0,0.329,2017-06-12 00:00:00,0.551,"[0.74, 1.11, 3.18]",2026,155,228994,0.323,0.28,0.361,0.026,0.032,0.0,0.329,2026-07-04 18:00:00,0.551,"[0.75, 1.17, 3.33]"
175,1.568882544853604,32.64503083370405,19.34094453063562,1.9321803378674084e-06,81.63428377895016,2.0554537381884463,0.8679711500706476,1.4185276197018278e-08,imerg,155,228994,0.361,0.302,0.361,0.031,0.039,0.0,0.323,2017-06-12 00:00:00,0.551,"[0.74, 1.11, 3.18]",2026,155,228994,0.303,0.264,0.361,0.026,0.032,0.0,0.329,2026-07-04 00:00:00,0.551,"[0.77, 1.17, 3.33]"
176,10.514435994907297,36.91229995139483,19.41566908807862,1.0049820982759917e-07,17.78922266156015,2.235986448649008,0.5729163811767501,7.475280122431084e-08,era5land,155,228994,0.0,0.0,0.0,0.0,0.0,0.0,0.0,,0.551,"[2.09, 3.03, 8.47]",2026,155,228994,0.0,0.0,0.0,0.0,0.0,0.0,0.0,,0.551,"[2.07, 2.92, 8.01]"
176,10.514435994907297,36.91229995139483,19.41566908807862,1.0049820982759917e-07,17.78922266156015,2.235986448649008,0.5729163811767501,7.475280122431084e-08,imerg,155,228994,0.0,0.0,0.0,0.0,0.0,0.0,0.0,,0.551,"[2.09, 3.03, 8.47]",2026,155,228994,0.0,0.0,0.0,0.0,0.0,0.0,0.0,,0.551,"[2.07, 2.92, 8.01]"
178,6.1651910839930135,36.78083605089621,21.193216140988323,3.2066290642072313e-05,10.481776280939725,1.1727141740302196,0.8489454945114074,1.3536005797025228e-08,era5land,155,228994,0.0,0.0,0.0,0.0,0.0,0.0,0.0,,0.545,"[2.02, 2.97, 5.8]",2026,155,228994,0.0,0.0,0.0,0.0,0.0,0.0,0.0,,0.551,"[1.88, 2.8, 7.99]"
178,6.1651910839930135,36.78083605089621,21.193216140988323,3.2066290642072313e-05,10.481776280939725,1.1727141740302196,0.8489454945114074,1.3536005797025228e-08,imerg,155,228994,0.0,0.0,0.0,0.0,0.0,0.0,0.0,,0.546,"[1.99, 2.93, 5.8]",2026,155,228994,0.0,0.0,0.0,0.0,0.0,0.0,0.0,,0.551,"[1.82, 2.69, 7.75]"
179,11.15568863290026,31.90869035465974,16.570486696347402,2.0531912990028178e-07,383.90186470616567,1.9085628748184504,0.7194003090948666,2.78796697059686e-08,era5land,155,228994,0.0,0.0,0.0,0.0,0.0,0.0,0.0,,0.551,"[1.53, 2.15, 5.88]",2026,155,228994,0.0,0.0,0.0,0.0,0.0,0.0,0.0,,0.551,"[2.12, 2.94, 7.99]"
179,11.15568863290026,31.90869035465974,16.570486696347402,2.0531912990028178e-07,383.90186470616567,1.9085628748184504,0.7194003090948666,2.78796697059686e-08,imerg,155,228994,0.0,0.0,0.0,0.0,0.0,0.0,0.0,,0.551,"[1.53, 2.15, 5.88]",2026,155,228994,0.0,0.0,0.0,0.0,0.0,0.0,0.0,,0.552,"[2.12, 3.11, 8.7]"
180,7.501982659623439,36.60810008334252,20.686084834298097,4.838591237096672e-06,347.77773370118996,2.9585693292547472,0.645567817663075,9.379469279388049e-09,era5land,155,228994,0.006,0.011,0.065,0.006,0.006,0.0,0.071,2017-06-12 00:00:00,0.55,"[1.18, 1.62, 4.58]",2026,155,228994,0.077,0.067,0.077,0.006,0.006,0.0,0.071,2026-07-03 18:00:00,0.551,"[1.1, 1.62, 4.58]"
180,7.501982659623439,36.60810008334252,20.686084834298097,4.838591237096672e-06,347.77773370118996,2.9585693292547472,0.645567817663075,9.379469279388049e-09,imerg,155,228994,0.032,0.028,0.077,0.023,0.032,0.0,0.045,2017-06-12 00:00:00,0.55,"[1.1, 1.62, 4.58]",2026,155,228994,0.077,0.067,0.077,0.006,0.006,0.0,0.071,2026-07-03 06:00:00,0.551,"[1.1, 1.62, 4.58]"
181,4.923087415961978,29.51384150840821,19.28047753306924,9.507014789654776e-07,51.958260125272325,3.6460391547482,0.8052343203411311,7.631157001522917e-09,era5land,155,228994,0.258,0.229,0.168,0.041,0.065,0.077,0.103,2017-06-13 00:30:00,0.551,"[0.76, 1.29, 3.94]",2026,155,228994,0.361,0.309,0.361,0.041,0.065,0.0,0.297,2026-07-06 12:00:00,0.551,"[0.74, 1.1, 3.12]"
181,4.923087415961978,29.51384150840821,19.28047753306924,9.507014789654776e-07,51.958260125272325,3.6460391547482,0.8052343203411311,7.631157001522917e-09,imerg,155,228994,0.219,0.216,0.168,0.041,0.065,0.058,0.09,2017-06-13 00:00:00,0.551,"[0.78, 1.31, 4.0]",2026,155,228994,0.361,0.309,0.361,0.041,0.065,0.013,0.284,2026-07-07 06:00:00,0.551,"[0.74, 1.1, 3.12]"
182,10.558227151406054,34.10681389464203,17.828551550765674,4.9086116696630275e-05,197.05152816388903,2.2391927976479664,0.990551863718929,4.123149456050032e-09,era5land,155,228994,0.0,0.0,0.0,0.0,0.0,0.0,0.0,,0.551,"[2.02, 2.96, 8.34]",2026,155,228994,0.0,0.0,0.0,0.0,0.0,0.0,0.0,,0.551,"[2.02, 2.96, 8.36]"
182,10.558227151406054,34.10681389464203,17.828551550765674,4.9086116696630275e-05,197.05152816388903,2.2391927976479664,0.990551863718929,4.123149456050032e-09,imerg,155,228994,0.006,0.003,0.006,0.003,0.006,0.0,0.0,,0.551,"[1.79, 2.68, 7.67]",2026,155,228994,0.0,0.0,0.0,0.0,0.0,0.0,0.0,,0.551,"[2.02, 2.96, 8.36]"
183,0.332209865731175,36.82072523978362,20.750162607772697,5.9793905759531595e-06,16.242223319428682,1.037485925823717,0.9217029844751627,1.4609949400879595e-09,era5land,155,228994,0.219,0.212,0.219,0.012,0.019,0.0,0.2,2017-06-12 00:00:00,0.551,"[0.84, 1.26, 3.65]",2026,155,228994,0.219,0.212,0.219,0.012,0.019,0.0,0.2,2026-07-04 18:00:00,0.551,"[0.84, 1.26, 3.65]"
183,0.332209865731175,36.82072523978362,20.750162607772697,5.9793905759531595e-06,16.242223319428682,1.037485925823717,0.9217029844751627,1.4609949400879595e-09,imerg,155,228994,0.219,0.212,0.219,0.017,0.019,0.0,0.2,2017-06-12 00:00:00,0.551,"[0.84, 1.26, 3.65]",2026,155,228994,0.219,0.212,0.219,0.012,0.019,0.0,0.2,2026-07-04 18:00:00,0.551,"[0.84, 1.26, 3.65]"
184,7.642300462971793,29.29011496400054,16.669368836723596,2.761107903716019e-06,14.780888098502327,1.7957021937255182,0.955430207771598,1.8066270908922096e-08,era5land,155,228994,0.065,0.055,0.065,0.001,0.0,0.0,0.065,2017-06-12 05:00:00,0.551,"[1.11, 1.58, 4.37]",2026,155,228994,0.0,0.0,0.065,0.001,0.0,0.0,0.065,2026-07-05 06:00:00,0.551,"[1.75, 2.45, 6.66]"
184,7.642300462971793,29.29011496400054,16.669368836723596,2.761107903716019e-06,14.780888098502327,1.7957021937255182,0.955430207771598,1.8066270908922096e-08,imerg,155,228994,0.065,0.055,0.065,0.001,0.0,0.0,0.065,2017-06-12 09:30:00,0.551,"[1.11, 1.58, 4.37]",2026,155,228994,0.0,0.0,0.065,0.001,0.0,0.0,0.065,2026-07-05 03:00:00,0.551,"[1.75, 2.59, 7.27]"
185,5.315434349263424,29.819922885987904,16.510760725465076,1.1677717547296749e-07,188.35303277752928,1.1460239997334103,0.9176096352485276,2.7286637048614822e-09,era5land,155,228994,0.039,0.03,0.039,0.0,0.0,0.0,0.039,2017-06-12 00:00:00,0.551,"[1.2, 1.69, 4.66]",2026,155,228994,0.0,0.0,0.039,0.0,0.0,0.0,0.039,2026-07-03 00:00:00,0.551,"[1.67, 2.65, 7.18]"
185,5.315434349263424,29.819922885987904,16.510760725465076,1.1677717547296749e-07,188.35303277752928,1.1460239997334103,0.9176096352485276,2.7286637048614822e-09,imerg,155,228994,0.039,0.03,0.039,0.0,0.0,0.0,0.039,2017-06-12 00:00:00,0.551,"[1.2, 1.69, 4.66]",2026,155,228994,0.0,0.0,0.039,0.0,0.0,0.0,0.039,2026-07-03 21:00:00,0.551,"[1.86, 2.65, 7.18]"
186,8.534223831187754,31.66031964415843,18.08205615869257,2.8428917600786515e-05,70.5068270645502,2.264546519546186,0.7960068727321341,3.379091648259429e-08,era5land,155,228994,0.006,0.003,0.006,0.003,0.006,0.0,0.0,,0.551,"[1.63, 2.39, 6.74]",2026,155,228994,0.006,0.003,0.006,0.003,0.006,0.0,0.0,,0.551,"[1.57, 2.31, 6.54]"
186,8.534223831187754,31.66031964415843,18.08205615869257,2.8428917600786515e-05,70.5068270645502,2.264546519546186,0.7960068727321341,3.379091648259429e-08,imerg,155,228994,0.006,0.006,0.006,0.006,0.006,0.0,0.0,,0.551,"[1.56, 2.31, 6.55]",2026,155,228994,0.006,0.003,0.006,0.003,0.006,0.0,0.0,,0.55,"[1.63, 2.29, 5.97]"
189,7.9509751110343565,29.217420370203712,20.963695336743868,1.6759212975588328e-07,16.956194700739882,1.0988647513642558,0.643926622477685,1.1849063109205076e-09,era5land,155,228994,0.0,0.002,0.0,0.0,0.0,0.0,0.0,,0.551,"[1.51, 2.26, 6.44]",2026,155,228994,0.0,0.002,0.0,0.0,0.0,0.0,0.0,,0.551,"[1.47, 2.09, 5.76]"
189,7.9509751110343565,29.217420370203712,20.963695336743868,1.6759212975588328e-07,16.956194700739882,1.0988647513642558,0.643926622477685,1.1849063109205076e-09,imerg,155,228994,0.0,0.002,0.0,0.0,0.0,0.0,0.0,,0.551,"[1.53, 2.28, 6.49]",2026,155,228994,0.0,0.002,0.0,0.0,0.0,0.0,0.0,,0.551,"[1.47, 2.09, 5.76]"
190,9.907951921702592,32.25742327111941,19.227866175381223,6.960090709348082e-06,38.34302095092858,3.9611497830917823,0.8152443039305919,1.3603348833191975e-09,era5land,155,228994,0.142,0.137,0.142,0.009,0.006,0.0,0.135,2017-06-12 06:00:00,0.551,"[0.95, 1.39, 3.92]",2026,155,228994,0.019,0.018,0.142,0.009,0.006,0.0,0.135,2026-07-05 12:00:00,0.551,"[1.28, 1.83, 5.09]"
190,9.907951921702592,32.25742327111941,19.227866175381223,6.960090709348082e-06,38.34302095092858,3.9611497830917823,0.8152443039305919,1.3603348833191975e-09,imerg,155,228994,0.142,0.137,0.142,0.009,0.006,0.0,0.135,2017-06-12 14:00:00,0.551,"[0.95, 1.39, 3.92]",2026,155,228994,0.019,0.018,0.142,0.009,0.006,0.006,0.129,2026-07-07 00:00:00,0.551,"[1.28, 1.83, 5.67]"
191,9.145703300601838,33.887691616427816,18.496547632784203,4.126459000736839e-07,277.0810994861625,3.101280223586898,0.7913184346791484,1.1965406992406152e-09,era5land,155,228994,0.084,0.088,0.084,0.004,0.006,0.0,0.077,2017-06-12 00:00:00,0.551,"[1.04, 1.51, 4.25]",2026,155,228994,0.006,0.004,0.084,0.004,0.006,0.0,0.077,2026-07-04 00:00:00,0.551,"[1.44, 2.05, 5.68]"
191,9.145703300601838,33.887691616427816,18.496547632784203,4.126459000736839e-07,277.0810994861625,3.101280223586898,0.7913184346791484,1.1965406992406152e-09,imerg,155,228994,0.084,0.088,0.084,0.004,0.006,0.0,0.077,2017-06-12 00:00:00,0.551,"[1.04, 1.51, 4.25]",2026,155,228994,0.006,0.004,0.084,0.004,0.006,0.0,0.077,2026-07-04 00:00:00,0.551,"[1.44, 2.05, 5.68]"
192,1.2163967171076815,31.692329567894816,16.5162367798719,7.386254546636223e-05,144.18774196420787,1.5025253853849772,0.9745196469726944,3.7253341022724665e-08,era5land,155,228994,0.032,0.022,0.032,0.022,0.032,0.0,0.0,,0.551,"[1.34, 2.02, 5.81]",2026,155,228994,0.032,0.021,0.032,0.021,0.032,0.0,0.0,,0.551,"[1.35, 2.03, 5.84]"
193,11.006257977520052,35.814249894890565,16.8021311850633,1.1427061409967072e-06,120.46533133888212,2.7946184742319593,0.9054113489389664,3.625886783658709e-09,era5land,155,228994,0.045,0.033,0.045,0.0,0.0,0.0,0.045,2017-06-12 00:00:00,0.551,"[1.2, 1.72, 4.79]",2026,155,228994,0.0,0.002,0.045,0.0,0.0,0.0,0.045,2026-07-05 00:00:00,0.551,"[1.79, 2.52, 6.89]"
193,11.006257977520052,35.814249894890565,16.8021311850633,1.1427061409967072e-06,120.46533133888212,2.7946184742319593,0.9054113489389664,3.625886783658709e-09,imerg,155,228994,0.045,0.033,0.045,0.0,0.0,0.0,0.045,2017-06-12 00:00:00,0.551,"[1.2, 1.72, 4.79]",2026,155,228994,0.0,0.002,0.045,0.0,0.0,0.0,0.045,2026-07-04 06:00:00,0.551,"[1.79, 2.52, 6.89]"
194,6.8422221302741555,35.95313310631926,18.175540142854462,3.7469479633948474e-05,131.89042987411557,3.2535732787075657,0.9596054673784598,4.9729465372849286e-08,era5land,155,228994,0.006,0.003,0.006,0.003,0.006,0.0,0.0,,0.551,"[1.72, 2.57, 7.33]",2026,155,228994,0.006,0.003,0.006,0.003,0.006,0.0,0.0,,0.551,"[1.71, 2.51, 7.14]"
194,6.8422221302741555,35.95313310631926,18.175540142854462,3.7469479633948474e-05,131.89042987411557,3.2535732787075657,0.9596054673784598,4.9729465372849286e-08,imerg,155,228994,0.006,0.006,0.006,0.006,0.006,0.0,0.0,,0.551,"[1.65, 2.48, 7.13]",2026,155,228994,0.006,0.003,0.006,0.003,0.006,0.0,0.0,,0.551,"[1.72, 2.57, 7.34]"
195,3.6215270757253775,31.524001134868115,19.3703972945925,4.418060735763824e-07,14.462566713940802,2.3785958359691186,0.8856674109179237,1.152008954297601e-08,era5land,155,228994,0.045,0.034,0.039,0.018,0.019,0.006,0.019,2017-06-12 12:00:00,0.551,"[1.28, 1.95, 5.63]",2026,155,228994,0.258,0.228,0.077,0.018,0.019,0.129,0.052,2026-07-10 12:00:00,0.551,"[0.83, 1.22, 3.66]"
195,3.6215270757253775,31.524001134868115,19.3703972945925,4.418060735763824e-07,14.462566713940802,2.3785958359691186,0.8856674109179237,1.152008954297601e-08,imerg,155,228994,0.045,0.033,0.039,0.018,0.019,0.006,0.019,2017-06-12 11:30:00,0.551,"[1.28, 1.95, 5.63]",2026,155,228994,0.2,0.178,0.065,0.018,0.019,0.103,0.045,2026-07-10 12:00:00,0.551,"[0.84, 1.42, 4.33]"
196,2.7354793614054627,32.50527656432373,16.47936925293546,3.394458746446677e-07,85.4393186649281,1.281223813541231,0.7553082530301317,4.446547352672606e-09,era5land,155,228994,0.206,0.208,0.206,0.011,0.019,0.0,0.187,2017-06-12 00:00:00,0.551,"[0.86, 1.25, 3.5]",2026,155,228994,0.077,0.071,0.206,0.011,0.019,0.0,0.187,2026-07-03 18:00:00,0.551,"[1.08, 1.69, 4.66]"
196,2.7354793614054627,32.50527656432373,16.47936925293546,3.394458746446677e-07,85.4393186649281,1.281223813541231,0.7553082530301317,4.446547352672606e-09,imerg,155,228994,0.206,0.208,0.206,0.012,0.019,0.0,0.187,2017-06-12 00:00:00,0.551,"[0.86, 1.25, 3.5]",2026,155,228994,0.045,0.034,0.206,0.011,0.019,0.0,0.187,2026-07-04 00:00:00,0.551,"[1.18, 1.69, 4.66]"
198,4.696084379150884,29.32477789843914,19.73899519862623,8.535019805282869e-06,68.32830284691128,3.084067231551297,0.9837582799254958,4.08266637933884e-09,era5land,155,228994,0.348,0.288,0.348,0.023,0.032,0.0,0.316,2017-06-12 03:00:00,0.551,"[0.76, 1.13, 3.2]",2026,155,228994,0.348,0.288,0.348,0.023,0.032,0.0,0.316,2026-07-05 00:00:00,0.551,"[0.76, 1.13, 3.2]"
198,4.696084379150884,29.32477789843914,19.73899519862623,8.535019805282869e-06,68.32830284691128,3.084067231551297,0.9837582799254958,4.08266637933884e-09,imerg,155,228994,0.348,0.288,0.348,0.026,0.032,0.0,0.316,2017-06-12 10:00:00,0.551,"[0.76, 1.13, 3.2]",2026,155,228994,0.348,0.288,0.348,0.023,0.032,0.0,0.316,2026-07-05 00:00:00,0.551,"[0.76, 1.13, 3.2]"
199,2.149353562536053,35.60343318831743,16.71752050148492,4.6270646635347694e-05,44.6945272642405,2.4782853095663446,0.7238819737455763,3.637055666176619e-09,era5land,155,228994,0.032,0.022,0.032,0.022,0.032,0.0,0.335,2017-06-12 01:00:00,0.551,"[1.34, 2.02, 5.79]",2026,155,228994,0.039,0.029,0.039,0.022,0.032,0.0,0.006,2026-07-03 00:00:00,0.551,"[1.3, 1.96, 5.66]"
199,2.149353562536053,35.60343318831743,16.71752050148492,4.6270646635347694e-05,44.6945272642405,2.4782853095663446,0.7238819737455763,3.637055666176619e-09,imerg,155,228994,0.039,0.029,0.039,0.029,0.039,0.0,0.316,2017-06-12 04:00:00,0.551,"[1.3, 1.96, 5.67]",2026,155,228994,0.032,0.022,0.032,0.022,0.032,0.0,0.0,,0.551,"[1.23, 1.82, 5.32]"
200,6.564710125922996,35.11714688456814,17.965718254149927,3.603861913924122e-05,158.9186097261121,2.1147347944836516,0.9195364811245564,8.120902088521063e-09,era5land,155,228994,0.0,0.001,0.0,0.001,0.0,0.0,0.0,,0.551,"[1.79, 2.64, 7.51]",2026,155,228994,0.0,0.001,0.0,0.001,0.0,0.0,0.0,,0.551,"[1.79, 2.65, 7.52]"
200,6.564710125922996,35.11714688456814,17.965718254149927,3.603861913924122e-05,158.9186097261121,2.1147347944836516,0.9195364811245564,8.120902088521063e-09,imerg,155,228994,0.013,0.01,0.013,0.01,0.013,0.0,0.0,,0.551,"[1.57, 2.39, 6.89]",2026,155,228994,0.0,0.001,0.0,0.001,0.0,0.0,0.0,,0.551,"[1.79, 2.65, 7.52]"
201,8.701143319473523,32.5299883921863,18.13699140300717,1.9937970611954406e-07,128.91759819093235,1.376105853867934,0.6936677765318732,2.6086270622460035e-09,era5land,155,228994,0.0,0.002,0.0,0.0,0.0,0.0,0.0,,0.551,"[1.48, 2.1, 5.78]",2026,155,228994,0.0,0.0,0.0,0.0,0.0,0.0,0.0,,0.552,"[2.16, 3.14, 8.79]"
201,8.701143319473523,32.5299883921863,18.13699140300717,1.9937970611954406e-07,128.91759819093235,1.376105853867934,0.6936677765318732,2.6086270622460035e-09,imerg,155,228994,0.0,0.002,0.0,0.0,0.0,0.0,0.0,,0.551,"[1.48, 2.1, 5.78]",2026,155,228994,0.0,0.0,0.0,0.0,0.0,0.0,0.0,,0.552,"[2.16, 3.14, 8.79]"
202,5.290092557472813,37.10214055971003,21.14066488702819,5.059689105414658e-07,323.35417523230313,1.0242146769145997,0.6716951209751908,1.6269202109216504e-08,era5land,155,228994,0.0,0.0,0.0,0.0,0.0,0.0,0.006,2017-06-12 00:00:00,0.551,"[1.46, 2.11, 5.9]",2026,155,228994,0.006,0.005,0.006,0.0,0.0,0.0,0.006,2026-07-03 00:00:00,0.551,"[1.46, 2.11, 5.9]"
202,5.290092557472813,37.10214055971003,21.14066488702819,5.059689105414658e-07,323.35417523230313,1.0242146769145997,0.6716951209751908,1.6269202109216504e-08,imerg,155,228994,0.006,0.005,0.006,0.005,0.006,0.0,0.0,,0.551,"[1.46, 2.11, 5.9]",2026,155,228994,0.006,0.005,0.006,0.0,0.0,0.0,0.006,2026-07-03 06:00:00,0.551,"[1.46, 2.11, 5.9]"
203,2.9127410480479656,37.15741492407881,19.248364810004546,9.8166733854167e-05,163.45966706306496,2.0763321012458418,0.6564264546175682,2.2495831826942528e-08,era5land,155,228994,0.019,0.013,0.019,0.013,0.019,0.0,0.0,,0.551,"[1.44, 2.16, 6.19]",2026,155,228994,0.019,0.012,0.019,0.012,0.019,0.0,0.0,,0.551,"[1.44, 2.17, 6.21]"
203,2.9127410480479656,37.15741492407881,19.248364810004546,9.8166733854167e-05,163.45966706306496,2.0763321012458418,0.6564264546175682,2.2495831826942528e-08,imerg,155,228994,0.065,0.049,0.065,0.049,0.065,0.0,0.0,,0.551,"[1.21, 1.88, 5.51]",2026,155,228994,0.019,0.012,0.019,0.012,0.019,0.0,0.0,,0.551,"[1.44, 2.17, 6.21]"
204,1.4293609476282263,34.18181533009089,16.49637385777052,1.0842860422102692e-05,316.68140168158544,2.031622164216189,0.7271349960446658,3.2604626305583552e-09,era5land,155,228994,0.045,0.035,0.045,0.035,0.045,0.0,0.0,,0.551,"[1.24, 1.88, 5.41]",2026,155,228994,0.045,0.033,0.045,0.033,0.045,0.0,0.0,,0.551,"[1.25, 1.89, 5.43]"
205,3.694195666162883,31.83181961879701,21.05274909980369,3.038435122457126e-06,256.08095729495636,3.9820836134368727,0.7873711623624993,2.5872720790826783e-09,era5land,155,228994,0.303,0.266,0.303,0.036,0.052,0.0,0.252,2017-06-12 00:00:00,0.551,"[0.78, 1.17, 3.34]",2026,155,228994,0.303,0.266,0.303,0.036,0.052,0.0,0.252,2026-07-04 18:00:00,0.551,"[0.78, 1.17, 3.34]"
205,3.694195666162883,31.83181961879701,21.05274909980369,3.038435122457126e-06,256.08095729495636,3.9820836134368727,0.7873711623624993,2.5872720790826783e-09,imerg,155,228994,0.303,0.266,0.303,0.043,0.065,0.0,0.239,2017-06-12 00:00:00,0.551,"[0.78, 1.17, 3.34]",2026,155,228994,0.303,0.266,0.303,0.036,0.052,0.0,0.252,2026-07-04 18:00:00,0.551,"[0.78, 1.17, 3.34]"
206,4.321712737467035,28.36253413438205,16.134196192545186,3.473411800185993e-05,26.98625437139757,1.5789488075001268,0.5134386452781533,9.695791740656061e-08,era5land,155,228994,0.065,0.038,0.065,0.038,0.065,0.0,0.019,2017-06-12 00:00:00,0.551,"[1.19, 1.74, 4.9]",2026,155,228994,0.065,0.049,0.065,0.038,0.065,0.0,0.0,,0.551,"[1.14, 1.68, 4.75]"
207,2.9619148073596,33.02282915846949,17.459782180691114,2.1376758885217016e-05,133.57174430220886,2.3900823993495486,0.8146110250997727,9.937641183739134e-09,era5land,155,228994,0.032,0.02,0.032,0.02,0.032,0.0,0.0,,0.551,"[1.35, 2.02, 5.8]",2026,155,228994,0.026,0.02,0.026,0.02,0.026,0.0,0.0,,0.551,"[1.35, 1.98, 5.53]"
207,2.9619148073596,33.02282915846949,17.459782180691114,2.1376758885217016e-05,133.57174430220886,2.3900823993495486,0.8146110250997727,9.937641183739134e-09,imerg,155,228994,0.065,0.043,0.065,0.043,0.065,0.0,0.0,,0.551,"[1.22, 1.87, 5.43]",2026,155,228994,0.026,0.02,0.026,0.02,0.026,0.0,0.0,,0.551,"[1.35, 2.03, 5.81]"
208,11.484263922068992,29.776128258303768,15.87187851730284,1.3489490834084233e-07,21.169389645588296,3.5276541951196956,0.7107291168258448,1.0405462870352142e-09,era5land,155,228994,0.006,0.007,0.006,0.007,0.006,0.0,0.0,,0.551,"[1.46, 2.14, 6.02]",2026,155,228994,0.019,0.019,0.006,0.007,0.006,0.013,0.0,2026-07-10 00:00:00,0.551,"[1.37, 2.03, 5.79]"
208,11.484263922068992,29.776128258303768,15.87187851730284,1.3489490834084233e-07,21.169389645588296,3.5276541951196956,0.7107291168258448,1.0405462870352142e-09,imerg,155,228994,0.006,0.007,0.006,0.007,0.006,0.0,0.0,,0.551,"[1.46, 2.14, 6.02]",2026,155,228994,0.019,0.016,0.006,0.007,0.006,0.013,0.0,2026-07-10 12:00:00,0.551,"[1.38, 2.05, 5.83]"
209,7.821951548973326,28.13445984577932,20.352122011470374,4.633004990782558e-06,19.81137561019268,1.6760834339196955,0.8095191400612212,1.5667011946114075e-09,era5land,155,228994,0.065,0.05,0.065,0.004,0.006,0.0,0.058,2017-06-12 01:00:00,0.551,"[1.14, 1.63, 4.52]",2026,155,228994,0.032,0.026,0.065,0.004,0.006,0.0,0.058,2026-07-05 00:00:00,0.551,"[1.38, 1.96, 5.89]"
209,7.821951548973326,28.13445984577932,20.352122011470374,4.633004990782558e-06,19.81137561019268,1.6760834339196955,0.8095191400612212,1.5667011946114075e-09,imerg,155,228994,0.065,0.05,0.065,0.004,0.006,0.0,0.058,2017-06-12 09:00:00,0.551,"[1.14, 1.63, 4.52]",2026,155,228994,0.032,0.021,0.065,0.004,0.006,0.0,0.058,2026-07-05 00:00:00,0.551,"[1.38, 2.15, 5.89]"
210,9.7599352162185,28.626978025057415,20.658913574001105,1.5665330166244317e-05,42.82836070436633,3.31259337849184,0.6497857776786606,9.127355444216526e-09,era5land,155,228994,0.142,0.148,0.142,0.025,0.032,0.0,0.11,2017-06-12 03:00:00,0.551,"[0.94, 1.36, 3.83]",2026,155,228994,0.142,0.148,0.142,0.025,0.032,0.0,0.11,2026-07-05 00:00:00,0.551,"[0.94, 1.36, 3.83]"
210,9.7599352162185,28.626978025057415,20.658913574001105,1.5665330166244317e-05,42.82836070436633,3.31259337849184,0.6497857776786606,9.127355444216526e-09,imerg,155,228994,0.142,0.148,0.142,0.027,0.032,0.0,0.11,2017-06-12 10:00:00,0.551,"[0.94, 1.36, 3.83]",2026,155,228994,0.142,0.148,0.142,0.025,0.032,0.0,0.11,2026-07-05 00:00:00,0.551,"[0.94, 1.36, 3.83]"
211,3.1405311508105296,37.756329663514435,19.68028772144222,1.11341426704277e-06,411.2105700171268,1.978245422862754,0.6630133880152042,2.1286154163322725e-08,era5land,155,228994,0.097,0.106,0.097,0.01,0.013,0.0,0.084,2017-06-12 00:00:00,0.551,"[1.01, 1.49, 4.24]",2026,155,228994,0.097,0.106,0.097,0.009,0.006,0.0,0.09,2026-07-03 00:00:00,0.551,"[1.01, 1.49, 4.24]"
212,7.171050514619745,34.08778974089087,18.544673474907672,6.12810590698321e-05,10.319238394059289,2.183233359537645,0.6416995489764439,1.2775090727844737e-08,era5land,155,228994,0.077,0.068,0.077,0.005,0.006,0.0,0.071,2017-06-12 04:00:00,0.551,"[1.09, 1.58, 4.43]",2026,155,228994,0.077,0.068,0.077,0.005,0.006,0.0,0.071,2026-07-05 06:00:00,0.551,"[1.09, 1.58, 4.43]"
212,7.171050514619745,34.08778974089087,18.544673474907672,6.12810590698321e-05,10.319238394059289,2.183233359537645,0.6416995489764439,1.2775090727844737e-08,imerg,155,228994,0.077,0.068,0.077,0.005,0.006,0.0,0.071,2017-06-12 11:00:00,0.551,"[1.09, 1.58, 4.43]",2026,155,228994,0.045,0.036,0.045,0.005,0.006,0.0,0.058,2026-07-05 00:00:00,0.551,"[1.22, 1.75, 4.46]"
213,5.484321054499672,30.718358135957867,16.65801994784133,8.480751995206234e-05,64.73688337416694,3.755329797998947,0.8613203455045737,5.368919951091801e-09,era5land,155,228994,0.032,0.022,0.032,0.022,0.032,0.0,0.0,,0.551,"[1.32, 1.97, 5.63]",2026,155,228994,0.032,0.023,0.032,0.022,0.032,0.0,0.0,,0.551,"[1.3, 1.94, 5.56]"
213,5.484321054499672,30.718358135957867,16.65801994784133,8.480751995206234e-05,64.73688337416694,3.755329797998947,0.8613203455045737,5.368919951091801e-09,imerg,155,228994,0.032,0.026,0.032,0.026,0.032,0.0,0.0,,0.551,"[1.3, 1.94, 5.56]",2026,155,228994,0.032,0.022,0.032,0.022,0.032,0.0,0.0,,0.551,"[1.32, 1.94, 5.37]"
214,2.359109868241485,38.16174456599276,20.062759413105212,6.431010632313806e-07,66.74504417821937,1.9580749915887845,0.7528896624145711,2.389913990182398e-09,era5land,155,228994,0.123,0.127,0.123,0.008,0.006,0.0,0.116,2017-06-12 00:00:00,0.551,"[0.97, 1.44, 4.12]",2026,155,228994,0.077,0.061,0.123,0.008,0.006,0.0,0.116,2026-07-04 21:00:00,0.551,"[1.12, 1.64, 4.66]"
214,2.359109868241485,38.16174456599276,20.062759413105212,6.431010632313806e-07,66.74504417821937,1.9580749915887845,0.7528896624145711,2.389913990182398e-09,imerg,155,228994,0.123,0.127,0.123,0.008,0.006,0.0,0.116,2017-06-12 00:00:00,0.551,"[0.97, 1.44, 4.12]",2026,155,228994,0.077,0.061,0.123,0.008,0.006,0.0,0.116,2026-07-04 03:00:00,0.551,"[1.12, 1.64, 4.66]"
215,4.03175628718662,35.65803094719607,16.930294094689827,5.496078924844854e-05,480.13408653432185,3.637503951355987,0.6685185252667332,1.31569802050373e-09,era5land,155,228994,0.032,0.023,0.032,0.023,0.032,0.0,0.0,,0.551,"[1.33, 1.99, 5.72]",2026,155,228994,0.032,0.022,0.032,0.022,0.032,0.0,0.0,,0.551,"[1.33, 2.0, 5.73]"
216,7.971653287183552,35.145748716655625,18.967240048108973,1.8763379381051385e-07,139.52148474898783,3.426541843484811,0.5852509033110256,5.114409578107092e-08,era5land,155,228994,0.032,0.025,0.032,0.006,0.006,0.0,0.026,2017-06-12 03:30:00,0.551,"[1.24, 1.81, 5.36]",2026,155,228994,0.032,0.025,0.032,0.006,0.006,0.0,0.026,2026-07-04 18:00:00,0.551,"[1.24, 1.8, 5.01]"
216,7.971653287183552,35.145748716655625,18.967240048108973,1.8763379381051385e-07,139.52148474898783,3.426541843484811,0.5852509033110256,5.114409578107092e-08,imerg,155,228994,0.032,0.025,0.032,0.006,0.006,0.0,0.026,2017-06-12 03:30:00,0.551,"[1.24, 1.84, 5.42]",2026,155,228994,0.032,0.025,0.032,0.006,0.006,0.0,0.026,2026-07-05 00:00:00,0.551,"[1.24, 1.8, 5.01]"
217,5.491779371348033,35.20122633255902,17.1072649768923,1.7694324634415408e-06,395.07309083946,2.8480521263990077,0.8312390646564265,2.154060392599827e-09,era5land,155,228994,0.2,0.178,0.2,0.006,0.006,0.0,0.194,2017-06-12 00:00:00,0.551,"[0.89, 1.31, 3.69]",2026,155,228994,0.2,0.178,0.2,0.006,0.006,0.0,0.194,2026-07-03 18:00:00,0.551,"[0.89, 1.31, 3.69]"
217,5.491779371348033,35.20122633255902,17.1072649768923,1.7694324634415408e-06,395.07309083946,2.8480521263990077,0.8312390646564265,2.154060392599827e-09,imerg,155,228994,0.2,0.178,0.2,0.024,0.032,0.0,0.168,2017-06-12 00:00:00,0.551,"[0.89, 1.31, 3.69]",2026,155,228994,0.2,0.178,0.2,0.006,0.006,0.0,0.194,2026-07-03 06:00:00,0.551,"[0.89, 1.31, 3.69]"
219,2.4153509163195355,30.211552612918847,19.782718445550664,1.746925615994064e-05,274.9279258683507,1.3394780431240374,0.8426633918182078,5.933950104373276e-08,era5land,155,228994,0.032,0.025,0.032,0.025,0.032,0.0,0.0,,0.551,"[1.3, 1.94, 5.55]",2026,155,228994,0.032,0.023,0.032,0.023,0.032,0.0,0.0,,0.551,"[1.31, 1.96, 5.59]"
221,11.774047010381471,35.40293890588357,18.130993836579748,9.845484393691656e-06,17.91328059499435,2.364394632516281,0.5975261301510638,1.5708036230310615e-09,era5land,155,228994,0.019,0.01,0.019,0.0,0.0,0.0,0.019,2017-06-12 03:00:00,0.551,"[1.35, 1.93, 5.37]",2026,155,228994,0.019,0.01,0.019,0.0,0.0,0.0,0.019,2026-07-05 00:00:00,0.551,"[1.64, 2.55, 7.01]"
221,11.774047010381471,35.40293890588357,18.130993836579748,9.845484393691656e-06,17.91328059499435,2.364394632516281,0.5975261301510638,1.5708036230310615e-09,imerg,155,228994,0.019,0.01,0.019,0.0,0.0,0.0,0.019,2017-06-12 11:00:00,0.551,"[1.35, 1.93, 5.37]",2026,155,228994,0.013,0.009,0.019,0.0,0.0,0.0,0.019,2026-07-05 00:00:00,0.551,"[1.65, 2.55, 7.01]"
223,5.904063449308564,36.20896027225799,19.15344987316403,2.0970552520532649e-07,121.12488982085628,3.52157908112682,0.8902068949164668,1.1082595602956147e-09,era5land,155,228994,0.065,0.044,0.039,0.005,0.006,0.026,0.032,2017-06-12 23:00:00,0.551,"[1.27, 2.02, 6.01]",2026,155,228994,0.142,0.14,0.116,0.005,0.006,0.052,0.084,2026-07-07 00:00:00,0.551,"[0.95, 1.4, 3.98]"
223,5.904063449308564,36.20896027225799,19.15344987316403,2.0970552520532649e-07,121.12488982085628,3.52157908112682,0.8902068949164668,1.1082595602956147e-09,imerg,155,228994,0.065,0.04,0.039,0.005,0.006,0.026,0.032,2017-06-13 01:00:00,0.551,"[1.29, 2.05, 6.06]",2026,155,228994,0.142,0.14,0.084,0.005,0.006,0.065,0.071,2026-07-07 18:00:00,0.551,"[0.95, 1.4, 3.98]"
224,7.862201042304461,29.52772751562044,18.670223104001693,9.764207857144871e-07,375.1053581667422,3.295996754862053,0.6077460316746415,3.8901905814207856e-09,era5land,155,228994,0.206,0.2,0.206,0.034,0.045,0.0,0.161,2017-06-12 00:00:00,0.551,"[0.87, 1.26, 3.55]",2026,155,228994,0.142,0.142,0.206,0.033,0.045,0.0,0.161,2026-07-03 18:00:00,0.551,"[0.95, 1.45, 4.04]"
224,7.862201042304461,29.52772751562044,18.670223104001693,9.764207857144871e-07,375.1053581667422,3.295996754862053,0.6077460316746415,3.8901905814207856e-09,imerg,155,228994,0.206,0.2,0.206,0.04,0.065,0.0,0.142,2017-06-12 00:00:00,0.551,"[0.87, 1.26, 3.55]",2026,155,228994,0.116,0.115,0.206,0.033,0.045,0.0,0.161,2026-07-03 06:00:00,0.551,"[0.95, 1.45, 4.31]"
225,7.072052815241949,35.72526033821739,17.05517022835039,1.49183172317328e-05,95.58205428616816,2.4508723018056777,0.8693254022579409,2.6147364333094968e-08,era5land,155,228994,0.0,0.002,0.0,0.002,0.0,0.0,0.077,2017-06-12 00:00:00,0.522,"[1.77, 2.42, 4.24]",2026,155,228994,0.006,0.005,0.006,0.002,0.0,0.0,0.006,2026-07-03 00:00:00,0.551,"[1.41, 2.19, 5.73]"
225,7.072052815241949,35.72526033821739,17.05517022835039,1.49183172317328e-05,95.58205428616816,2.4508723018056777,0.8693254022579409,2.6147364333094968e-08,imerg,155,228994,0.006,0.005,0.006,0.005,0.006,0.0,0.077,2017-06-12 00:00:00,0.527,"[1.68, 2.33, 4.24]",2026,155,228994,0.026,0.021,0.026,0.002,0.0,0.0,0.026,2026-07-03 06:00:00,0.551,"[1.23, 1.92, 5.73]"
226,8.048395849153822,28.38040135749832,19.672220883278374,5.613442252484265e-05,434.3663343906724,1.8575644489049663,0.8786265698647734,7.11502741800122e-08,era5land,155,228994,0.006,0.004,0.006,0.004,0.006,0.0,0.0,,0.551,"[1.57, 2.29, 6.45]",2026,155,228994,0.006,0.003,0.006,0.003,0.006,0.0,0.0,,0.551,"[1.58, 2.3, 6.48]"
228,6.669410193294592,27.880236138339704,19.766757398400713,1.861445717068075e-06,299.4737427002885,1.371327192449661,0.6906106070766616,4.9455471450103536e-09,era5land,155,228994,0.006,0.005,0.006,0.005,0.006,0.0,0.045,2017-06-12 00:00:00,0.551,"[1.51, 2.19, 6.16]",2026,155,228994,0.065,0.042,0.065,0.004,0.006,0.0,0.058,2026-07-03 00:00:00,0.551,"[1.16, 1.66, 4.59]"
228,6.669410193294592,27.880236138339704,19.766757398400713,1.861445717068075e-06,299.4737427002885,1.371327192449661,0.6906106070766616,4.9455471450103536e-09,imerg,155,228994,0.065,0.042,0.065,0.042,0.065,0.0,0.0,,0.551,"[1.16, 1.66, 4.59]",2026,155,228994,0.039,0.026,0.039,0.004,0.006,0.0,0.032,2026-07-03 06:00:00,0.55,"[1.16, 1.66, 4.59]"
229,10.801585369532145,34.2754122401809,20.09537329044126,3.450709527183912e-07,33.293735326010335,3.510646273454155,0.9470095223896576,4.212085675018966e-08,era5land,155,228994,0.006,0.005,0.006,0.002,0.0,0.0,0.006,2017-06-12 00:00:00,0.551,"[1.66, 2.49, 7.13]",2026,155,228994,0.058,0.037,0.019,0.002,0.0,0.045,0.013,2026-07-09 06:00:00,0.551,"[1.19, 1.76, 5.37]"
229,10.801585369532145,34.2754122401809,20.09537329044126,3.450709527183912e-07,33.293735326010335,3.510646273454155,0.9470095223896576,4.212085675018966e-08,imerg,155,228994,0.006,0.005,0.006,0.002,0.0,0.0,0.006,2017-06-12 00:00:00,0.551,"[1.66, 2.49, 7.12]",2026,155,228994,0.058,0.037,0.006,0.002,0.0,0.045,0.006,2026-07-10 00:00:00,0.551,"[1.26, 2.0, 5.93]"
230,11.102786710339482,37.84627384100385,15.80719075244411,1.645610372225585e-07,284.3948382612458,3.782693829601606,0.7409267998470255,1.5168128165536124e-08,era5land,155,228994,0.065,0.039,0.065,0.001,0.0,0.0,0.065,2017-06-12 09:00:00,0.551,"[1.17, 1.69, 5.21]",2026,155,228994,0.065,0.038,0.065,0.001,0.0,0.0,0.065,2026-07-05 15:00:00,0.551,"[1.17, 1.69, 4.69]"
230,11.102786710339482,37.84627384100385,15.80719075244411,1.645610372225585e-07,284.3948382612458,3.782693829601606,0.7409267998470255,1.5168128165536124e-08,imerg,155,228994,0.065,0.039,0.065,0.001,0.0,0.0,0.065,2017-06-12 11:30:00,0.551,"[1.17, 1.74, 5.36]",2026,155,228994,0.065,0.037,0.065,0.001,0.0,0.0,0.065,2026-07-05 21:00:00,0.551,"[1.17, 1.69, 4.69]"
231,3.5623371433715483,34.90770578579933,16.29449541707864,4.910136201131869e-06,29.698402859151212,2.9089499035986384,0.8486244009708264,6.5188618127933e-09,era5land,155,228994,0.361,0.302,0.361,0.011,0.019,0.0,0.342,2017-06-12 08:00:00,0.551,"[0.75, 1.11, 3.15]",2026,155,228994,0.142,0.146,0.361,0.011,0.019,0.0,0.342,2026-07-05 12:00:00,0.551,"[0.94, 1.36, 3.82]"
231,3.5623371433715483,34.90770578579933,16.29449541707864,4.910136201131869e-06,29.698402859151212,2.9089499035986384,0.8486244009708264,6.5188618127933e-09,imerg,155,228994,0.361,0.302,0.361,0.011,0.019,0.0,0.342,2017-06-12 14:00:00,0.551,"[0.75, 1.11, 3.15]",2026,155,228994,0.142,0.146,0.361,0.011,0.019,0.0,0.342,2026-07-07 00:00:00,0.551,"[0.94, 1.36, 3.82]"
232,8.72662457972209,34.9588788559035,18.24364321299306,1.795693266604129e-05,18.653574800313372,1.6605098527526911,0.6674550616951064,1.7170166780789543e-09,era5land,155,228994,0.006,0.007,0.006,0.0,0.0,0.0,0.006,2017-06-12 00:00:00,0.551,"[1.38, 1.97, 5.46]",2026,155,228994,0.006,0.008,0.006,0.0,0.0,0.0,0.006,2026-07-03 18:00:00,0.551,"[1.38, 1.97, 5.46]"
232,8.72662457972209,34.9588788559035,18.24364321299306,1.795693266604129e-05,18.653574800313372,1.6605098527526911,0.6674550616951064,1.7170166780789543e-09,imerg,155,228994,0.006,0.007,0.006,0.0,0.0,0.0,0.006,2017-06-12 00:00:00,0.551,"[1.38, 1.97, 5.46]",2026,155,228994,0.006,0.008,0.006,0.0,0.0,0.0,0.006,2026-07-03 06:00:00,0.551,"[1.38, 1.97, 5.46]"
233,11.644362960535313,31.646853997177764,16.309676478905093,4.394744878559613e-05,56.06910521466344,2.368118121920379,0.9816931252866354,1.0649835165287524e-08,era5land,155,228994,0.0,0.0,0.0,0.0,0.0,0.0,0.0,,0.551,"[1.99, 2.89, 8.12]",2026,155,228994,0.0,0.0,0.0,0.0,0.0,0.0,0.0,,0.551,"[1.96, 2.83, 7.96]"
233,11.644362960535313,31.646853997177764,16.309676478905093,4.394744878559613e-05,56.06910521466344,2.368118121920379,0.9816931252866354,1.0649835165287524e-08,imerg,155,228994,0.0,0.0,0.0,0.0,0.0,0.0,0.0,,0.551,"[1.93, 2.83, 7.96]",2026,155,228994,0.0,0.0,0.0,0.0,0.0,0.0,0.0,,0.551,"[1.99, 2.89, 8.12]"
234,6.270918559008596,34.416265832242985,20.526184038517258,6.129857908336779e-07,17.995213431056342,1.2269474825785331,0.5367237121675801,2.9093624463412763e-09,era5land,155,228994,0.019,0.011,0.019,0.001,0.0,0.0,0.019,2017-06-12 00:00:00,0.551,"[1.35, 1.95, 5.43]",2026,155,228994,0.0,0.0,0.019,0.001,0.0,0.0,0.019,2026-07-05 00:00:00,0.551,"[1.98, 2.79, 7.66]"
234,6.270918559008596,34.416265832242985,20.526184038517258,6.129857908336779e-07,17.995213431056342,1.2269474825785331,0.5367237121675801,2.9093624463412763e-09,imerg,155,228994,0.019,0.011,0.019,0.001,0.0,0.0,0.019,2017-06-12 00:00:00,0.551,"[1.35, 1.95, 5.43]",2026,155,228994,0.0,0.0,0.019,0.001,0.0,0.0,0.019,2026-07-04 06:00:00,0.551,"[1.98, 2.79, 7.66]"
235,3.4572303719587785,36.48792086003571,17.764305427557805,4.973249906868466e-06,12.910070446955098,3.9039596713140776,0.7769670754649252,2.7304342573202373e-08,era5land,155,228994,0.084,0.092,0.065,0.014,0.019,0.019,0.045,2017-06-12 16:30:00,0.551,"[1.05, 1.72, 5.17]",2026,155,228994,0.271,0.249,0.174,0.014,0.019,0.129,0.123,2026-07-08 00:00:00,0.551,"[0.8, 1.19, 3.41]"
235,3.4572303719587785,36.48792086003571,17.764305427557805,4.973249906868466e-06,12.910070446955098,3.9039596713140776,0.7769670754649252,2.7304342573202373e-08,imerg,155,228994,0.084,0.078,0.065,0.014,0.019,0.019,0.045,2017-06-12 21:00:00,0.551,"[1.1, 1.77, 5.31]",2026,155,228994,0.271,0.249,0.09,0.014,0.019,0.187,0.065,2026-07-08 12:00:00,0.55,"[0.8, 1.19, 3.63]"
236,2.2339738089010632,37.350587774428256,20.69293758227994,3.893000911291911e-05,142.392609709122,3.239662917236351,0.52505492532481,1.0026048039837636e-08,era5land,155,228994,0.039,0.031,0.039,0.031,0.039,0.0,0.0,,0.551,"[1.28, 1.93, 5.55]",2026,155,228994,0.039,0.03,0.039,0.03,0.039,0.0,0.0,,0.551,"[1.27, 1.91, 5.42]"
236,2.2339738089010632,37.350587774428256,20.69293758227994,3.893000911291911e-05,142.392609709122,3.239662917236351,0.52505492532481,1.0026048039837636e-08,imerg,155,228994,0.065,0.046,0.065,0.046,0.065,0.0,0.0,,0.551,"[1.2, 1.84, 5.33]",2026,155,228994,0.039,0.03,0.039,0.03,0.039,0.0,0.0,,0.551,"[1.28, 1.93, 5.55]"
237,5.3806520655417325,37.96700405313108,16.972203981773582,4.153551906737476e-05,92.56812816042968,3.3967912624522705,0.583602090268683,3.2379163469375364e-08,era5land,155,228994,0.019,0.013,0.019,0.013,0.019,0.0,0.116,2017-06-12 00:00:00,0.551,"[1.43, 2.13, 6.1]",2026,155,228994,0.019,0.018,0.019,0.013,0.019,0.0,0.0,,0.551,"[1.38, 2.07, 5.7]"
237,5.3806520655417325,37.96700405313108,16.972203981773582,4.153551906737476e-05,92.56812816042968,3.3967912624522705,0.583602090268683,3.2379163469375364e-08,imerg,155,228994,0.019,0.019,0.019,0.019,0.019,0.0,0.116,2017-06-12 00:00:00,0.551,"[1.38, 2.07, 5.95]",2026,155,228994,0.019,0.013,0.019,0.013,0.019,0.0,0.0,,0.551,"[1.27, 1.9, 5.54]"
238,4.047097455050365,28.940308179683463,19.754096113981326,2.4087449402943493e-05,28.478014395773435,3.0945353235710304,0.8501753346262664,2.5115105661314178e-08,era5land,155,228994,0.406,0.323,0.406,0.043,0.065,0.0,0.342,2017-06-12 13:00:00,0.551,"[0.73, 1.08, 3.07]",2026,155,228994,0.406,0.323,0.406,0.043,0.065,0.0,0.342,2026-07-05 18:00:00,0.551,"[0.73, 1.08, 3.07]"
238,4.047097455050365,28.940308179683463,19.754096113981326,2.4087449402943493e-05,28.478014395773435,3.0945353235710304,0.8501753346262664,2.5115105661314178e-08,imerg,155,228994,0.406,0.323,0.406,0.044,0.065,0.039,0.303,2017-06-12 16:00:00,0.551,"[0.73, 1.08, 3.07]",2026,155,228994,0.406,0.323,0.406,0.043,0.065,0.0,0.342,2026-07-07 06:00:00,0.551,"[0.73, 1.08, 3.07]"
241,5.108461916308926,28.660761846345988,17.250523984598725,2.502284838414636e-06,34.00429531900123,1.7385262550466396,0.507777914395881,5.55074695880966e-09,era5land,155,228994,0.187,0.173,0.187,0.032,0.045,0.0,0.142,2017-06-12 00:00:00,0.551,"[0.91, 1.3, 3.63]",2026,155,228994,0.077,0.065,0.187,0.032,0.045,0.0,0.142,2026-07-04 18:00:00,0.551,"[1.09, 1.69, 4.65]"
241,5.108461916308926,28.660761846345988,17.250523984598725,2.502284838414636e-06,34.00429531900123,1.7385262550466396,0.507777914395881,5.55074695880966e-09,imerg,155,228994,0.187,0.173,0.187,0.035,0.045,0.0,0.142,2017-06-12 00:00:00,0.551,"[0.91, 1.3, 3.63]",2026,155,228994,0.077,0.065,0.187,0.032,0.045,0.0,0.142,2026-07-04 00:00:00,0.551,"[1.17, 1.69, 4.65]"
243,10.23811470555568,33.985594016210385,18.69024495765315,1.0613507196282883e-07,11.475416557764555,2.2477040692785986,0.5605961699417004,1.365982894510196e-08,era5land,155,228994,0.0,0.001,0.0,0.001,0.0,0.0,0.0,,0.551,"[1.71, 2.48, 6.97]",2026,155,228994,0.006,0.006,0.0,0.001,0.0,0.006,0.0,2026-07-10 12:00:00,0.551,"[1.6, 2.37, 6.71]"
243,10.23811470555568,33.985594016210385,18.69024495765315,1.0613507196282883e-07,11.475416557764555,2.2477040692785986,0.5605961699417004,1.365982894510196e-08,imerg,155,228994,0.0,0.001,0.0,0.001,0.0,0.0,0.0,,0.551,"[1.71, 2.48, 6.97]",2026,155,228994,0.006,0.005,0.0,0.001,0.0,0.006,0.0,2026-07-11 00:00:00,0.551,"[1.62, 2.39, 6.76]"
244,10.9900056859994,30.092937714036445,20.449617265841745,5.481466081606924e-07,34.693685433071046,3.740672089258746,0.7932966677061605,3.4748692321757896e-08,era5land,155,228994,0.032,0.026,0.032,0.011,0.019,0.0,0.013,2017-06-12 23:00:00,0.551,"[1.32, 1.98, 5.7]",2026,155,228994,0.09,0.101,0.065,0.011,0.019,0.026,0.045,2026-07-07 06:00:00,0.551,"[1.01, 1.47, 4.13]"
244,10.9900056859994,30.092937714036445,20.449617265841745,5.481466081606924e-07,34.693685433071046,3.740672089258746,0.7932966677061605,3.4748692321757896e-08,imerg,155,228994,0.032,0.026,0.032,0.011,0.019,0.0,0.013,2017-06-13 00:00:00,0.551,"[1.32, 1.99, 5.7]",2026,155,228994,0.09,0.101,0.065,0.011,0.019,0.045,0.026,2026-07-08 00:00:00,0.551,"[1.01, 1.47, 4.37]"
246,3.779371996540456,37.29387848398227,18.725521384106496,1.016463442756339e-06,10.277758482503389,2.800062067155259,0.825427500987231,3.54793005271933e-08,era5land,155,228994,0.019,0.018,0.019,0.007,0.006,0.0,0.013,2017-06-12 13:00:00,0.551,"[1.45, 2.24, 6.5]",2026,155,228994,0.142,0.138,0.065,0.007,0.006,0.077,0.058,2026-07-08 18:00:00,0.551,"[0.95, 1.41, 4.0]"
246,3.779371996540456,37.29387848398227,18.725521384106496,1.016463442756339e-06,10.277758482503389,2.800062067155259,0.825427500987231,3.54793005271933e-08,imerg,155,228994,0.019,0.017,0.019,0.007,0.006,0.0,0.013,2017-06-12 12:30:00,0.551,"[1.46, 2.24, 6.52]",2026,155,228994,0.142,0.138,0.039,0.007,0.006,0.09,0.026,2026-07-09 12:00:00,0.551,"[0.95, 1.57, 4.85]"
247,10.345308313377966,30.16799282988134,20.799507743514788,1.5270282087271793e-05,12.69795611497525,3.546180830268717,0.7748606273662464,5.824669034172841e-09,era5land,155,228994,0.123,0.124,0.077,0.013,0.019,0.039,0.058,2017-06-13 00:30:00,0.551,"[0.97, 1.54, 4.6]",2026,155,228994,0.019,0.012,0.084,0.013,0.019,0.0,0.084,2026-07-05 18:00:00,0.551,"[1.33, 2.13, 5.88]"
247,10.345308313377966,30.16799282988134,20.799507743514788,1.5270282087271793e-05,12.69795611497525,3.546180830268717,0.7748606273662464,5.824669034172841e-09,imerg,155,228994,0.09,0.099,0.065,0.013,0.019,0.019,0.045,2017-06-12 19:00:00,0.551,"[1.03, 1.63, 4.77]",2026,155,228994,0.019,0.012,0.065,0.013,0.019,0.013,0.045,2026-07-07 06:00:00,0.551,"[1.5, 2.13, 5.88]"
249,11.249217502133684,28.176382499801733,17.025862879729818,4.951839159900707e-05,464.475348054783,2.63847973750738,0.7845496987805582,2.0979005305646422e-09,era5land,155,228994,0.006,0.003,0.006,0.003,0.006,0.0,0.0,,0.551,"[1.57, 2.28, 6.4]",2026,155,228994,0.006,0.003,0.006,0.003,0.006,0.0,0.0,,0.551,"[1.58, 2.29, 6.42]"
249,11.249217502133684,28.176382499801733,17.025862879729818,4.951839159900707e-05,464.475348054783,2.63847973750738,0.7845496987805582,2.0979005305646422e-09,imerg,155,228994,0.065,0.039,0.065,0.039,0.065,0.0,0.0,,0.551,"[1.24, 1.89, 5.44]",2026,155,228994,0.006,0.003,0.006,0.003,0.006,0.0,0.0,,0.551,"[1.58, 2.29, 6.42]"
250,11.723456694491292,38.12007974734709,16.906503015595543,3.68378596656156e-06,51.64975468985536,2.543538080271607,0.556902799806591,4.609189475711509e-09,era5land,155,228994,0.019,0.01,0.019,0.0,0.0,0.0,0.019,2017-06-12 00:00:00,0.551,"[1.35, 1.94, 5.38]",2026,155,228994,0.006,0.009,0.019,0.0,0.0,0.0,0.019,2026-07-04 18:00:00,0.551,"[1.64, 2.55, 7.01]"
250,11.723456694491292,38.12007974734709,16.906503015595543,3.68378596656156e-06,51.64975468985536,2.543538080271607,0.556902799806591,4.609189475711509e-09,imerg,155,228994,0.019,0.01,0.019,0.0,0.0,0.0,0.019,2017-06-12 04:00:00,0.551,"[1.35, 1.94, 5.38]",2026,155,228994,0.006,0.008,0.019,0.0,0.0,0.0,0.019,2026-07-04 00:00:00,0.551,"[1.64, 2.55, 7.01]"
251,10.28431074500049,29.559046034101183,20.285114804890817,3.017082723733691e-05,28.855928692846305,3.40932247071157,0.7789056344287809,2.7824496503771033e-09,era5land,155,228994,0.129,0.129,0.129,0.013,0.019,0.0,0.11,2017-06-12 05:00:00,0.551,"[0.96, 1.4, 3.94]",2026,155,228994,0.129,0.129,0.129,0.013,0.019,0.0,0.11,2026-07-05 06:00:00,0.551,"[0.96, 1.4, 3.94]"
251,10.28431074500049,29.559046034101183,20.285114804890817,3.017082723733691e-05,28.855928692846305,3.40932247071157,0.7789056344287809,2.7824496503771033e-09,imerg,155,228994,0.129,0.129,0.129,0.013,0.019,0.0,0.11,2017-06-12 13:00:00,0.551,"[0.96, 1.4, 3.94]",2026,155,228994,0.129,0.129,0.129,0.013,0.019,0.0,0.11,2026-07-05 00:00:00,0.551,"[0.96, 1.4, 3.94]"
252,7.70957921220204,34.467841187420916,16.192103024425357,1.9321074896879375e-05,16.115446861059304,2.2036757217930267,0.7574581707050314,1.428237593213679e-09,era5land,155,228994,0.077,0.066,0.077,0.001,0.0,0.0,0.077,2017-06-12 03:00:00,0.551,"[1.09, 1.56, 4.35]",2026,155,228994,0.077,0.066,0.077,0.001,0.0,0.0,0.077,2026-07-05 03:00:00,0.551,"[1.09, 1.56, 4.35]"
252,7.70957921220204,34.467841187420916,16.192103024425357,1.9321074896879375e-05,16.115446861059304,2.2036757217930267,0.7574581707050314,1.428237593213679e-09,imerg,155,228994,0.077,0.066,0.077,0.002,0.0,0.0,0.077,2017-06-12 11:00:00,0.551,"[1.09, 1.56, 4.35]",2026,155,228994,0.077,0.066,0.077,0.001,0.0,0.0,0.077,2026-07-05 00:00:00,0.551,"[1.09, 1.56, 4.35]"
253,8.78168543525784,33.56862028532069,19.129248134465342,7.806530669972457e-06,16.45252235514436,1.9048230849531311,0.7085647041784224,2.1392030503682663e-08,era5land,155,228994,0.032,0.022,0.032,0.001,0.0,0.0,0.032,2017-06-12 01:00:00,0.551,"[1.26, 1.81, 5.05]",2026,155,228994,0.032,0.022,0.032,0.001,0.0,0.0,0.032,2026-07-05 00:00:00,0.551,"[1.41, 2.16, 6.49]"
253,8.78168543525784,33.56862028532069,19.129248134465342,7.806530669972457e-06,16.45252235514436,1.9048230849531311,0.7085647041784224,2.1392030503682663e-08,imerg,155,228994,0.032,0.022,0.032,0.001,0.0,0.0,0.032,2017-06-12 08:00:00,0.551,"[1.26, 1.81, 5.05]",2026,155,228994,0.032,0.022,0.032,0.001,0.0,0.0,0.032,2026-07-05 00:00:00,0.551,"[1.52, 2.26, 6.49]"
254,11.139418439680057,29.57190347737945,20.45941577843097,3.063930522787947e-07,46.29652998830393,3.771878961446861,0.5295712836848987,6.810218482421245e-09,era5land,155,228994,0.065,0.045,0.065,0.028,0.039,0.0,0.026,2017-06-12 21:00:00,0.551,"[1.19, 1.78, 5.07]",2026,155,228994,0.123,0.124,0.084,0.028,0.039,0.045,0.039,2026-07-08 00:00:00,0.551,"[0.97, 1.42, 3.98]"
254,11.139418439680057,29.57190347737945,20.45941577843097,3.063930522787947e-07,46.29652998830393,3.771878961446861,0.5295712836848987,6.810218482421245e-09,imerg,155,228994,0.065,0.045,0.065,0.028,0.039,0.0,0.026,2017-06-12 19:00:00,0.551,"[1.19, 1.77, 5.06]",2026,155,228994,0.123,0.124,0.071,0.028,0.039,0.058,0.026,2026-07-08 18:00:00,0.551,"[0.97, 1.42, 4.01]"
255,7.229287127723937,28.64967177314804,19.8700252749191,1.4702742924923548e-05,42.17766694574607,3.5889012068079444,0.6551837213143764,1.7940104004299576e-08,era5land,155,228994,0.271,0.244,0.271,0.047,0.065,0.0,0.206,2017-06-12 04:00:00,0.551,"[0.81, 1.19, 3.37]",2026,155,228994,0.271,0.244,0.271,0.047,0.065,0.0,0.206,2026-07-05 06:00:00,0.551,"[0.81, 1.19, 3.6]"
255,7.229287127723937,28.64967177314804,19.8700252749191,1.4702742924923548e-05,42.17766694574607,3.5889012068079444,0.6551837213143764,1.7940104004299576e-08,imerg,155,228994,0.271,0.244,0.271,0.049,0.065,0.0,0.206,2017-06-12 12:30:00,0.551,"[0.81, 1.19, 3.37]",2026,155,228994,0.265,0.24,0.271,0.047,0.065,0.0,0.206,2026-07-05 00:00:00,0.551,"[0.81, 1.28, 3.76]"
256,5.571236358369874,34.587789663962134,19.911985919175848,3.8646961758369986e-07,297.1562346921544,2.3531187902680952,0.7981123567884032,5.8057655819853263e-08,era5land,155,228994,0.065,0.054,0.065,0.005,0.006,0.0,0.058,2017-06-12 00:00:00,0.551,"[1.13, 1.65, 4.64]",2026,155,228994,0.019,0.013,0.065,0.005,0.006,0.0,0.058,2026-07-03 00:00:00,0.551,"[1.33, 1.92, 5.7]"
256,5.571236358369874,34.587789663962134,19.911985919175848,3.8646961758369986e-07,297.1562346921544,2.3531187902680952,0.7981123567884032,5.8057655819853263e-08,imerg,155,228994,0.065,0.054,0.065,0.006,0.006,0.0,0.058,2017-06-12 00:00:00,0.551,"[1.13, 1.65, 4.64]",2026,155,228994,0.019,0.013,0.065,0.005,0.006,0.0,0.058,2026-07-03 06:00:00,0.551,"[1.33, 2.05, 5.7]"
257,3.237150539413253,35.45133037913103,18.395264421908873,1.3176862941243287e-05,244.8587490401233,1.200798616143578,0.824491958557571,8.965957694977491e-08,era5land,155,228994,0.006,0.004,0.006,0.004,0.006,0.0,0.0,,0.551,"[1.65, 2.45, 6.99]",2026,155,228994,0.006,0.003,0.006,0.003,0.006,0.0,0.0,,0.551,"[1.67, 2.48, 7.05]"
258,6.055919160932249,27.93530282851201,16.033462694475123,7.300400096243481e-07,106.26089260154563,2.876566112630155,0.7488683177238119,1.0721536877947297e-08,era5land,155,228994,0.368,0.309,0.368,0.032,0.039,0.0,0.329,2017-06-12 03:00:00,0.551,"[0.76, 1.09, 3.05]",2026,155,228994,0.077,0.064,0.368,0.032,0.039,0.0,0.329,2026-07-05 06:00:00,0.551,"[1.09, 1.54, 4.23]"
258,6.055919160932249,27.93530282851201,16.033462694475123,7.300400096243481e-07,106.26089260154563,2.876566112630155,0.7488683177238119,1.0721536877947297e-08,imerg,155,228994,0.368,0.309,0.368,0.032,0.039,0.0,0.329,2017-06-12 05:00:00,0.551,"[0.76, 1.09, 3.05]",2026,155,228994,0.077,0.064,0.368,0.032,0.039,0.0,0.329,2026-07-05 06:00:00,0.551,"[1.09, 1.54, 4.23]"
259,9.251635164704176,33.52407818184807,20.113107437901903,3.1444938066051567e-05,354.3160127926817,1.1339602524453791,0.6612453115820816,5.190427533238758e-09,era5land,155,228994,0.0,0.0,0.0,0.0,0.0,0.0,0.0,,0.551,"[2.11, 3.04, 8.47]",2026,155,228994,0.0,0.0,0.0,0.0,0.0,0.0,0.0,,0.551,"[2.13, 3.07, 8.56]"
259,9.251635164704176,33.52407818184807,20.113107437901903,3.1444938066051567e-05,354.3160127926817,1.1339602524453791,0.6612453115820816,5.190427533238758e-09,imerg,155,228994,0.0,0.0,0.0,0.0,0.0,0.0,0.0,,0.551,"[1.7, 2.42, 6.66]",2026,155,228994,0.0,0.0,0.0,0.0,0.0,0.0,0.0,,0.551,"[2.13, 3.07, 8.56]"
260,9.212875075174244,31.099312123184433,18.931240958394383,9.285255954645608e-05,471.9625644051572,3.938103539612672,0.6779278103163286,3.9630786003332165e-08,era5land,155,228994,0.032,0.021,0.032,0.021,0.032,0.0,0.0,,0.551,"[1.32, 1.96, 5.56]",2026,155,228994,0.032,0.02,0.032,0.02,0.032,0.0,0.0,,0.551,"[1.32, 1.96, 5.57]"
261,9.971112458938014,32.61319597245942,20.408938664376866,4.4445984573802654e-05,89.11206433452826,3.0201945093435567,0.915724756717843,8.877871858481358e-08,era5land,155,228994,0.006,0.003,0.006,0.003,0.006,0.0,0.0,,0.551,"[1.64, 2.43, 6.9]",2026,155,228994,0.006,0.003,0.006,0.003,0.006,0.0,0.0,,0.551,"[1.63, 2.38, 6.78]"
261,9.971112458938014,32.61319597245942,20.408938664376866,4.4445984573802654e-05,89.11206433452826,3.0201945093435567,0.915724756717843,8.877871858481358e-08,imerg,155,228994,0.006,0.005,0.006,0.005,0.006,0.0,0.0,,0.551,"[1.6, 2.38, 6.77]",2026,155,228994,0.006,0.003,0.006,0.003,0.006,0.0,0.0,,0.551,"[1.65, 2.43, 6.9]"
262,2.843451448103733,35.25081654559986,18.35443438648153,2.744186613363931e-06,10.669854823741476,3.674979788372694,0.9371130779689988,1.189118235499966e-08,era5land,155,228994,0.065,0.038,0.032,0.011,0.019,0.019,0.013,2017-06-13 08:00:00,0.551,"[1.29, 2.02, 5.95]",2026,155,228994,0.31,0.271,0.084,0.011,0.019,0.232,0.058,2026-07-09 12:00:00,0.551,"[0.77, 1.16, 3.4]"
262,2.843451448103733,35.25081654559986,18.35443438648153,2.744186613363931e-06,10.669854823741476,3.674979788372694,0.9371130779689988,1.189118235499966e-08,imerg,155,228994,0.045,0.034,0.032,0.011,0.019,0.013,0.013,2017-06-13 01:30:00,0.551,"[1.31, 2.04, 6.0]",2026,155,228994,0.2,0.178,0.065,0.011,0.019,0.135,0.045,2026-07-09 12:00:00,0.551,"[0.83, 1.45, 4.54]"
263,6.740184317260304,34.202162333992455,17.842159979198367,5.288786788270848e-07,36.6265923917222,3.568197918136831,0.6254561175021872,6.393057236148848e-09,era5land,155,228994,0.065,0.053,0.065,0.017,0.019,0.0,0.045,2017-06-12 18:00:00,0.551,"[1.18, 1.83, 5.32]",2026,155,228994,0.2,0.176,0.123,0.017,0.019,0.09,0.09,2026-07-07 21:00:00,0.551,"[0.9, 1.31, 3.71]"
263,6.740184317260304,34.202162333992455,17.842159979198367,5.288786788270848e-07,36.6265923917222,3.568197918136831,0.6254561175021872,6.393057236148848e-09,imerg,155,228994,0.065,0.051,0.065,0.017,0.019,0.0,0.045,2017-06-12 18:00:00,0.551,"[1.19, 1.83, 5.33]",2026,155,228994,0.2,0.176,0.084,0.017,0.019,0.116,0.065,2026-07-08 15:00:00,0.551,"[0.9, 1.31, 3.71]"
264,4.427551750359295,30.84629659182156,20.94296609898857,3.84678248490554e-05,237.96897613200625,1.4605952477743058,0.5763253568805642,2.978271115743751e-08,era5land,155,228994,0.032,0.02,0.032,0.02,0.032,0.0,0.0,,0.551,"[1.32, 1.95, 5.52]",2026,155,228994,0.019,0.018,0.019,0.018,0.019,0.0,0.0,,0.551,"[1.33, 1.96, 5.55]"
265,9.071844554061196,31.045018366798892,20.37774108926168,2.3180988132833837e-07,31.491846265138793,1.1363162665795352,0.6789457561582652,3.4058400496289135e-09,era5land,155,228994,0.0,0.0,0.0,0.0,0.0,0.0,0.0,,0.551,"[1.63, 2.3, 6.33]",2026,155,228994,0.0,0.0,0.0,0.0,0.0,0.0,0.0,,0.549,"[2.2, 2.87, 6.33]"
265,9.071844554061196,31.045018366798892,20.37774108926168,2.3180988132833837e-07,31.491846265138793,1.1363162665795352,0.6789457561582652,3.4058400496289135e-09,imerg,155,228994,0.0,0.0,0.0,0.0,0.0,0.0,0.0,,0.551,"[1.63, 2.3, 6.33]",2026,155,228994,0.0,0.0,0.0,0.0,0.0,0.0,0.0,,0.552,"[2.2, 3.17, 6.33]"
266,1.3907612882297298,35.00733211245305,19.26329206908887,1.595729222512835e-07,335.4431277184718,3.4662027931372545,0.9002130486158013,2.1128951945478122e-08,era5land,155,228994,0.2,0.196,0.2,0.017,0.019,0.0,0.181,2017-06-12 03:00:00,0.551,"[0.86, 1.29, 3.66]",2026,155,228994,0.2,0.196,0.2,0.017,0.019,0.0,0.181,2026-07-05 06:00:00,0.551,"[0.86, 1.29, 3.66]"
266,1.3907612882297298,35.00733211245305,19.26329206908887,1.595729222512835e-07,335.4431277184718,3.4662027931372545,0.9002130486158013,2.1128951945478122e-08,imerg,155,228994,0.2,0.196,0.2,0.017,0.019,0.0,0.181,2017-06-12 07:00:00,0.551,"[0.86, 1.29, 3.71]",2026,155,228994,0.2,0.196,0.2,0.017,0.019,0.0,0.181,2026-07-05 18:00:00,0.551,"[0.86, 1.29, 3.66]"
267,9.017352028040971,28.052495613978916,17.32846388523014,1.4620199624053143e-06,10.06946899446254,2.613312793770238,0.8265999350836005,2.3104997791946583e-08,era5land,155,228994,0.045,0.034,0.032,0.007,0.006,0.013,0.026,2017-06-12 22:30:00,0.551,"[1.27, 1.93, 5.55]",2026,155,228994,0.116,0.121,0.084,0.007,0.006,0.032,0.077,2026-07-06 18:00:00,0.551,"[0.98, 1.4, 3.89]"
267,9.017352028040971,28.052495613978916,17.32846388523014,1.4620199624053143e-06,10.06946899446254,2.613312793770238,0.8265999350836005,2.3104997791946583e-08,imerg,155,228994,0.039,0.031,0.032,0.007,0.006,0.006,0.026,2017-06-13 00:00:00,0.551,"[1.29, 1.94, 5.59]",2026,155,228994,0.116,0.121,0.065,0.007,0.006,0.052,0.058,2026-07-07 18:00:00,0.551,"[0.98, 1.4, 3.94]"
268,0.2125080078510443,36.8321108248192,19.144425094367023,5.045036448950535e-06,108.86177794127106,2.5180316800998033,0.9321551370242224,1.4406938100315108e-08,era5land,155,228994,0.348,0.286,0.348,0.013,0.019,0.0,0.329,2017-06-12 00:00:00,0.551,"[0.75, 1.14, 3.29]",2026,155,228994,0.348,0.286,0.348,0.013,0.019,0.0,0.329,2026-07-04 18:00:00,0.551,"[0.75, 1.14, 3.29]"
268,0.2125080078510443,36.8321108248192,19.144425094367023,5.045036448950535e-06,108.86177794127106,2.5180316800998033,0.9321551370242224,1.4406938100315108e-08,imerg,155,228994,0.348,0.286,0.348,0.021,0.032,0.0,0.316,2017-06-12 00:00:00,0.551,"[0.75, 1.14, 3.29]",2026,155,228994,0.348,0.286,0.348,0.013,0.019,0.0,0.329,2026-07-04 00:00:00,0.551,"[0.75, 1.14, 3.29]"
269,0.042765549505212,38.07976559195314,18.30624217821438,7.731892708553357e-07,23.98216480718567,3.790946047284102,0.6512869637193208,1.5195880927900536e-09,era5land,155,228994,0.11,0.111,0.065,0.03,0.039,0.026,0.026,2017-06-13 04:00:00,0.551,"[0.98, 1.81, 5.34]",2026,155,228994,0.355,0.298,0.348,0.03,0.039,0.006,0.31,2026-07-07 00:00:00,0.551,"[0.74, 1.12, 3.25]"
269,0.042765549505212,38.07976559195314,18.30624217821438,7.731892708553357e-07,23.98216480718567,3.790946047284102,0.6512869637193208,1.5195880927900536e-09,imerg,155,228994,0.09,0.099,0.065,0.03,0.039,0.019,0.026,2017-06-12 15:00:00,0.551,"[1.1, 1.82, 5.35]",2026,155,228994,0.355,0.298,0.271,0.03,0.039,0.155,0.161,2026-07-07 18:00:00,0.551,"[0.74, 1.12, 3.52]"
270,1.8892892846645692,32.05789911568261,20.665907207421213,2.952995369458678e-05,253.88253165430103,1.593070831305596,0.7047497739318468,2.555299485395018e-09,era5land,155,228994,0.065,0.039,0.065,0.039,0.065,0.0,0.0,,0.551,"[1.22, 1.83, 5.27]",2026,155,228994,0.052,0.037,0.052,0.037,0.052,0.0,0.0,,0.551,"[1.23, 1.85, 5.3]"
271,3.9438102840941553,30.75037708723484,18.486092878283102,4.376156476116937e-07,18.974880919914277,3.2469427359668144,0.9682925823591984,4.258660208196833e-08,era5land,155,228994,0.039,0.028,0.032,0.02,0.032,0.006,0.0,2017-06-13 09:00:00,0.551,"[1.3, 1.98, 5.7]",2026,155,228994,0.2,0.184,0.065,0.02,0.032,0.052,0.032,2026-07-12 00:00:00,0.551,"[0.83, 1.41, 4.34]"
271,3.9438102840941553,30.75037708723484,18.486092878283102,4.376156476116937e-07,18.974880919914277,3.2469427359668144,0.9682925823591984,4.258660208196833e-08,imerg,155,228994,0.039,0.028,0.032,0.02,0.032,0.006,0.0,2017-06-13 08:00:00,0.551,"[1.3, 1.97, 5.69]",2026,155,228994,0.116,0.116,0.052,0.02,0.032,0.039,0.013,2026-07-10 00:00:00,0.551,"[0.98, 1.59, 4.75]"
272,11.70873732930243,31.25278122421056,18.74774623962408,8.836260058088681e-05,405.3557056047809,2.035856673582673,0.6851452101708045,1.883312255628777e-09,era5land,155,228994,0.0,0.0,0.0,0.0,0.0,0.0,0.0,,0.551,"[1.78, 2.58, 7.23]",2026,155,228994,0.0,0.0,0.0,0.0,0.0,0.0,0.0,,0.551,"[1.79, 2.6, 7.26]"
272,11.70873732930243,31.25278122421056,18.74774623962408,8.836260058088681e-05,405.3557056047809,2.035856673582673,0.6851452101708045,1.883312255628777e-09,imerg,155,228994,0.006,0.008,0.006,0.008,0.006,0.0,0.0,,0.551,"[1.36, 1.98, 5.77]",2026,155,228994,0.0,0.0,0.0,0.0,0.0,0.0,0.0,,0.551,"[1.79, 2.6, 7.26]"
273,5.019040242665891,34.93508312738016,18.915303437797828,7.787094499862219e-05,18.267993065826868,3.3385901732360717,0.5446442116581022,3.3047195192137934e-08,era5land,155,228994,0.2,0.186,0.2,0.028,0.039,0.0,0.161,2017-06-12 14:00:00,0.551,"[0.88, 1.3, 3.71]",2026,155,228994,0.2,0.186,0.2,0.028,0.039,0.0,0.161,2026-07-05 18:00:00,0.551,"[0.88, 1.3, 3.71]"
273,5.019040242665891,34.93508312738016,18.915303437797828,7.787094499862219e-05,18.267993065826868,3.3385901732360717,0.5446442116581022,3.3047195192137934e-08,imerg,155,228994,0.2,0.186,0.2,0.03,0.039,0.032,0.129,2017-06-12 16:00:00,0.551,"[0.88, 1.3, 3.71]",2026,155,228994,0.116,0.114,0.116,0.028,0.039,0.0,0.077,2026-07-05 00:00:00,0.551,"[0.99, 1.4, 3.71]"
274,4.772403896919183,35.039812222302096,20.920369063804397,2.224145364040381e-05,153.34526110326215,3.8140161591336192,0.5748203784634627,3.300422287324921e-09,era5land,155,228994,0.039,0.029,0.077,0.029,0.039,0.0,0.135,2017-06-12 00:00:00,0.539,"[1.28, 1.8, 3.85]",2026,155,228994,0.084,0.075,0.084,0.028,0.039,0.0,0.045,2026-07-03 00:00:00,0.551,"[1.09, 1.7, 4.36]"
274,4.772403896919183,35.039812222302096,20.920369063804397,2.224145364040381e-05,153.34526110326215,3.8140161591336192,0.5748203784634627,3.300422287324921e-09,imerg,155,228994,0.065,0.038,0.103,0.038,0.065,0.0,0.11,2017-06-12 00:00:00,0.542,"[1.23, 1.76, 3.85]",2026,155,228994,0.097,0.107,0.097,0.028,0.039,0.0,0.058,2026-07-03 06:00:00,0.551,"[1.01, 1.57, 4.61]"
275,6.103489813351243,30.047858536979675,16.89288088466758,3.455368642775444e-06,215.40421445322824,2.7280081788524697,0.5807468775110812,1.7131350302054125e-08,era5land,155,228994,0.265,0.237,0.265,0.036,0.045,0.0,0.219,2017-06-12 00:00:00,0.551,"[0.83, 1.2, 3.36]",2026,155,228994,0.265,0.237,0.265,0.035,0.045,0.0,0.219,2026-07-03 18:00:00,0.551,"[0.83, 1.2, 3.36]"
276,11.603213962868637,36.173660558837305,16.109556124015114,2.966147611915605e-07,45.11655037390444,2.978939717258918,0.9164977124558488,9.29558033306532e-09,era5land,155,228994,0.006,0.005,0.006,0.0,0.0,0.0,0.006,2017-06-12 20:00:00,0.551,"[1.77, 2.69, 7.75]",2026,155,228994,0.039,0.027,0.026,0.0,0.0,0.019,0.019,2026-07-07 15:00:00,0.551,"[1.22, 1.75, 4.84]"
276,11.603213962868637,36.173660558837305,16.109556124015114,2.966147611915605e-07,45.11655037390444,2.978939717258918,0.9164977124558488,9.29558033306532e-09,imerg,155,228994,0.006,0.005,0.006,0.0,0.0,0.0,0.006,2017-06-12 21:00:00,0.551,"[1.78, 2.69, 7.76]",2026,155,228994,0.039,0.027,0.019,0.0,0.0,0.032,0.006,2026-07-08 09:00:00,0.551,"[1.22, 1.75, 5.3]"
277,9.302423934381812,33.12016579299493,16.917530142443372,1.5821169052410174e-07,76.12813294794759,2.151024196567075,0.6841324562639132,3.878979274857026e-08,era5land,155,228994,0.006,0.003,0.006,0.0,0.0,0.0,0.006,2017-06-12 00:00:00,0.551,"[1.43, 2.02, 5.93]",2026,155,228994,0.006,0.003,0.006,0.0,0.0,0.0,0.006,2026-07-04 00:00:00,0.551,"[1.43, 2.02, 5.57]"
277,9.302423934381812,33.12016579299493,16.917530142443372,1.5821169052410174e-07,76.12813294794759,2.151024196567075,0.6841324562639132,3.878979274857026e-08,imerg,155,228994,0.006,0.003,0.006,0.0,0.0,0.0,0.006,2017-06-12 00:00:00,0.551,"[1.43, 2.06, 6.02]",2026,155,228994,0.006,0.003,0.006,0.0,0.0,0.0,0.006,2026-07-04 12:00:00,0.551,"[1.43, 2.02, 5.57]"
278,5.735954111255188,33.09462596172887,19.82403333601704,8.898885722119515e-05,83.17817650938788,2.6031888806814094,0.5705509975485393,1.0315778702120982e-08,era5land,155,228994,0.032,0.022,0.032,0.022,0.032,0.0,0.0,,0.551,"[1.31, 1.95, 5.55]",2026,155,228994,0.032,0.022,0.032,0.022,0.032,0.0,0.0,,0.551,"[1.31, 1.95, 5.55]"
278,5.735954111255188,33.09462596172887,19.82403333601704,8.898885722119515e-05,83.17817650938788,2.6031888806814094,0.5705509975485393,1.0315778702120982e-08,imerg,155,228994,0.045,0.033,0.045,0.033,0.045,0.0,0.0,,0.551,"[1.25, 1.88, 5.37]",2026,155,228994,0.032,0.022,0.032,0.022,0.032,0.0,0.0,,0.551,"[1.31, 1.95, 5.55]"
280,2.245750003293745,33.13469147540367,16.610727749789728,8.605850430620642e-07,21.2533829103892,2.933078920087798,0.7284364213272815,6.1547206704530165e-09,era5land,155,228994,0.135,0.133,0.09,0.039,0.065,0.045,0.019,2017-06-13 06:00:00,0.551,"[0.94, 1.52, 4.56]",2026,155,228994,0.51,0.391,0.361,0.039,0.065,0.206,0.239,2026-07-07 18:00:00,0.551,"[0.66, 0.99, 2.81]"
280,2.245750003293745,33.13469147540367,16.610727749789728,8.605850430620642e-07,21.2533829103892,2.933078920087798,0.7284364213272815,6.1547206704530165e-09,imerg,155,228994,0.123,0.127,0.084,0.039,0.065,0.039,0.019,2017-06-13 06:00:00,0.551,"[0.95, 1.54, 4.59]",2026,155,228994,0.51,0.391,0.206,0.039,0.065,0.31,0.135,2026-07-08 12:00:00,0.551,"[0.66, 0.99, 2.81]"
281,6.774471946818487,30.500795076485947,16.710701881261723,2.4661873615693143e-05,90.26209675085052,3.331340652604872,0.5909112552354798,7.19619786488402e-08,era5land,155,228994,0.265,0.201,0.29,0.038,0.065,0.0,0.226,2017-06-12 00:00:00,0.562,"[0.88, 1.17, 3.27]",2026,155,228994,0.084,0.084,0.084,0.037,0.065,0.0,0.019,2026-07-03 18:00:00,0.554,"[1.05, 1.16, 3.27]"
281,6.774471946818487,30.500795076485947,16.710701881261723,2.4661873615693143e-05,90.26209675085052,3.331340652604872,0.5909112552354798,7.19619786488402e-08,imerg,155,228994,0.265,0.211,0.29,0.047,0.065,0.0,0.226,2017-06-12 00:00:00,0.561,"[0.87, 1.16, 3.27]",2026,155,228994,0.142,0.15,0.142,0.037,0.065,0.0,0.084,2026-07-04 00:00:00,0.554,"[0.97, 1.16, 3.27]"
283,2.0822368197870667,37.521504295940304,16.876874110735372,4.317353085163126e-07,140.7718760816171,1.2170617203799403,0.6741894323329973,6.668192887026721e-09,era5land,155,228994,0.168,0.157,0.168,0.008,0.006,0.0,0.161,2017-06-12 00:00:00,0.551,"[0.92, 1.36, 3.83]",2026,155,228994,0.168,0.157,0.168,0.008,0.006,0.0,0.161,2026-07-03 00:00:00,0.551,"[0.92, 1.39, 4.06]"
283,2.0822368197870667,37.521504295940304,16.876874110735372,4.317353085163126e-07,140.7718760816171,1.2170617203799403,0.6741894323329973,6.668192887026721e-09,imerg,155,228994,0.168,0.157,0.168,0.014,0.019,0.0,0.148,2017-06-12 00:00:00,0.551,"[0.92, 1.36, 3.83]",2026,155,228994,0.168,0.157,0.168,0.008,0.006,0.0,0.161,2026-07-03 06:00:00,0.551,"[0.92, 1.44, 4.22]"
284,11.184862479058753,37.24753837775832,17.98295148075194,3.8484704606460605e-06,73.24666425998667,1.9341838400995108,0.9715688385810362,1.9473929916934014e-09,era5land,155,228994,0.0,0.002,0.0,0.0,0.0,0.0,0.0,,0.551,"[1.51, 2.15, 5.96]",2026,155,228994,0.0,0.002,0.0,0.0,0.0,0.0,0.0,,0.551,"[1.51, 2.15, 5.96]"
284,11.184862479058753,37.24753837775832,17.98295148075194,3.8484704606460605e-06,73.24666425998667,1.9341838400995108,0.9715688385810362,1.9473929916934014e-09,imerg,155,228994,0.0,0.002,0.0,0.0,0.0,0.0,0.0,,0.551,"[1.51, 2.15, 5.96]",2026,155,228994,0.0,0.002,0.0,0.0,0.0,0.0,0.0,,0.551,"[1.51, 2.15, 5.96]"
285,4.61866007997414,28.31682120067206,17.732432540666856,3.6249294454193383e-06,454.63825873202086,1.5443815397504117,0.7073201822468078,5.59874341844493e-09,era5land,155,228994,0.026,0.019,0.026,0.019,0.026,0.0,0.0,,0.551,"[1.32, 1.94, 5.48]",2026,155,228994,0.019,0.017,0.019,0.017,0.019,0.0,0.0,,0.551,"[1.34, 1.96, 5.53]"
286,10.36853664242947,33.83043829269369,18.148012514840495,8.368954017516213e-06,47.98481557807716,1.888356805422928,0.6267111586911545,2.2221727670088704e-09,era5land,155,228994,0.006,0.006,0.006,0.0,0.0,0.0,0.006,2017-06-12 00:00:00,0.551,"[1.38, 1.97, 5.46]",2026,155,228994,0.006,0.007,0.006,0.0,0.0,0.0,0.006,2026-07-03 18:00:00,0.551,"[1.38, 1.97, 5.46]"
286,10.36853664242947,33.83043829269369,18.148012514840495,8.368954017516213e-06,47.98481557807716,1.888356805422928,0.6267111586911545,2.2221727670088704e-09,imerg,155,228994,0.006,0.007,0.006,0.001,0.0,0.0,0.006,2017-06-12 00:00:00,0.551,"[1.38, 1.97, 5.46]",2026,155,228994,0.006,0.007,0.006,0.0,0.0,0.0,0.006,2026-07-03 06:00:00,0.551,"[1.38, 1.97, 5.46]"
287,2.035076377079698,30.50681084007576,17.254101305043342,1.6674937399328086e-05,190.4742214694156,1.0058077350637136,0.9733644282570262,5.205537102617157e-08,era5land,155,228994,0.019,0.012,0.019,0.012,0.019,0.0,0.0,,0.551,"[1.44, 2.15, 6.15]",2026,155,228994,0.013,0.01,0.013,0.01,0.013,0.0,0.0,,0.551,"[1.47, 2.18, 6.2]"
288,11.5377418909993,33.165909457729754,16.32484119800463,1.5195456892396962e-05,38.99960010142807,3.361192659700807,0.7318662895371191,1.4940193400842247e-08,era5land,155,228994,0.084,0.08,0.084,0.002,0.006,0.0,0.077,2017-06-12 03:00:00,0.551,"[1.06, 1.52, 4.21]",2026,155,228994,0.084,0.08,0.084,0.002,0.006,0.0,0.077,2026-07-05 00:00:00,0.551,"[1.06, 1.52, 4.42]"
288,11.5377418909993,33.165909457729754,16.32484119800463,1.5195456892396962e-05,38.99960010142807,3.361192659700807,0.7318662895371191,1.4940193400842247e-08,imerg,155,228994,0.084,0.08,0.084,0.003,0.006,0.0,0.077,2017-06-12 10:30:00,0.551,"[1.06, 1.52, 4.21]",2026,155,228994,0.084,0.08,0.084,0.002,0.006,0.0,0.077,2026-07-05 00:00:00,0.551,"[1.06, 1.52, 4.73]"
289,5.5238680380083895,34.12769528831816,17.653058071204633,6.005210591599344e-07,34.33824274669519,2.865221561866173,0.6949340832630854,7.055349173521724e-09,era5land,155,228994,0.084,0.095,0.077,0.013,0.019,0.006,0.058,2017-06-12 13:30:00,0.551,"[1.04, 1.68, 5.0]",2026,155,228994,0.2,0.178,0.2,0.013,0.019,0.0,0.181,2026-07-06 18:00:00,0.551,"[0.89, 1.31, 3.7]"
289,5.5238680380083895,34.12769528831816,17.653058071204633,6.005210591599344e-07,34.33824274669519,2.865221561866173,0.6949340832630854,7.055349173521724e-09,imerg,155,228994,0.084,0.09,0.077,0.013,0.019,0.013,0.052,2017-06-12 14:30:00,0.551,"[1.05, 1.69, 5.04]",2026,155,228994,0.2,0.178,0.181,0.013,0.019,0.058,0.123,2026-07-07 12:00:00,0.551,"[0.89, 1.31, 3.7]"
290,6.536873249119558,32.22330226456954,21.092851442224138,7.009426967449515e-05,16.556867172238668,2.820886554821734,0.944731773496995,4.662833910057337e-09,era5land,155,228994,0.135,0.133,0.135,0.008,0.006,0.019,0.11,2017-06-12 14:30:00,0.551,"[0.96, 1.41, 4.22]",2026,155,228994,0.065,0.042,0.065,0.008,0.006,0.0,0.058,2026-07-05 00:00:00,0.551,"[1.14, 1.67, 4.77]"
290,6.536873249119558,32.22330226456954,21.092851442224138,7.009426967449515e-05,16.556867172238668,2.820886554821734,0.944731773496995,4.662833910057337e-09,imerg,155,228994,0.135,0.133,0.084,0.008,0.006,0.052,0.077,2017-06-12 18:00:00,0.551,"[0.96, 1.41, 4.33]",2026,155,228994,0.039,0.032,0.039,0.008,0.006,0.0,0.058,2026-07-05 00:00:00,0.551,"[1.28, 1.91, 5.43]"
291,10.57521857193096,31.376004981277873,21.10555411578941,4.053052925545422e-07,88.23551323817784,3.070884936820563,0.7757004675938302,8.646447809521725e-08,era5land,155,228994,0.039,0.029,0.039,0.005,0.006,0.0,0.032,2017-06-12 05:00:00,0.551,"[1.22, 1.76, 5.02]",2026,155,228994,0.039,0.027,0.039,0.005,0.006,0.0,0.032,2026-07-05 06:00:00,0.551,"[1.22, 1.76, 4.91]"
291,10.57521857193096,31.376004981277873,21.10555411578941,4.053052925545422e-07,88.23551323817784,3.070884936820563,0.7757004675938302,8.646447809521725e-08,imerg,155,228994,0.039,0.029,0.039,0.005,0.006,0.0,0.032,2017-06-12 04:00:00,0.551,"[1.22, 1.76, 5.05]",2026,155,228994,0.032,0.023,0.039,0.005,0.006,0.0,0.032,2026-07-05 06:00:00,0.551,"[1.22, 1.76, 4.91]"
293,8.846909549346995,33.39128418399508,20.417847558860338,4.881975416240539e-07,156.6435487358538,3.1518538803960072,0.8838962546077637,1.578932178748751e-08,era5land,155,228994,0.084,0.079,0.084,0.005,0.006,0.0,0.077,2017-06-12 00:00:00,0.551,"[1.06, 1.55, 4.37]",2026,155,228994,0.006,0.006,0.084,0.005,0.006,0.0,0.077,2026-07-05 00:00:00,0.551,"[1.41, 2.02, 5.6]"
293,8.846909549346995,33.39128418399508,20.417847558860338,4.881975416240539e-07,156.6435487358538,3.1518538803960072,0.8838962546077637,1.578932178748751e-08,imerg,155,228994,0.084,0.079,0.084,0.005,0.006,0.0,0.077,2017-06-12 00:00:00,0.551,"[1.06, 1.55, 4.37]",2026,155,228994,0.006,0.006,0.084,0.005,0.006,0.0,0.077,2026-07-05 00:00:00,0.551,"[1.41, 2.02, 5.6]"
294,6.183171561201682,31.96374761436201,18.16478377258521,8.853108914508917e-06,13.491086985294482,1.6535150248794683,0.6877316262808933,8.5506378312267e-09,era5land,155,228994,0.077,0.064,0.077,0.004,0.006,0.0,0.071,2017-06-12 02:00:00,0.551,"[1.1, 1.58, 4.4]",2026,155,228994,0.077,0.064,0.077,0.004,0.006,0.0,0.071,2026-07-05 00:00:00,0.551,"[1.1, 1.75, 5.2]"
294,6.183171561201682,31.96374761436201,18.16478377258521,8.853108914508917e-06,13.491086985294482,1.6535150248794683,0.6877316262808933,8.5506378312267e-09,imerg,155,228994,0.077,0.064,0.077,0.004,0.006,0.0,0.071,2017-06-12 09:00:00,0.551,"[1.1, 1.58, 4.4]",2026,155,228994,0.077,0.064,0.077,0.004,0.006,0.0,0.071,2026-07-05 00:00:00,0.551,"[1.1, 1.75, 5.2]"
295,9.726617110915322,32.35107607386438,20.96723955506469,2.1036551615362433e-05,28.203331082358083,3.6274795032796816,0.6697874155536904,6.704211620367386e-08,era5land,155,228994,0.097,0.106,0.097,0.013,0.019,0.0,0.077,2017-06-12 03:00:00,0.551,"[1.0, 1.47, 4.15]",2026,155,228994,0.097,0.106,0.097,0.013,0.019,0.0,0.077,2026-07-05 00:00:00,0.551,"[1.0, 1.6, 4.65]"
295,9.726617110915322,32.35107607386438,20.96723955506469,2.1036551615362433e-05,28.203331082358083,3.6274795032796816,0.6697874155536904,6.704211620367386e-08,imerg,155,228994,0.097,0.106,0.097,0.013,0.019,0.0,0.077,2017-06-12 11:00:00,0.551,"[1.0, 1.47, 4.15]",2026,155,228994,0.084,0.087,0.097,0.013,0.019,0.0,0.077,2026-07-05 00:00:00,0.551,"[1.08, 1.66, 4.92]"
296,3.7201958429398143,28.950668495566717,19.216011139704836,9.349625968584696e-07,19.898403818769907,2.298720628642673,0.7127517576499935,9.160812434069704e-08,era5land,155,228994,0.258,0.224,0.168,0.045,0.065,0.058,0.103,2017-06-13 00:30:00,0.551,"[0.83, 1.29, 3.91]",2026,155,228994,0.265,0.233,0.265,0.045,0.065,0.0,0.2,2026-07-06 00:00:00,0.551,"[0.83, 1.21, 3.41]"
296,3.7201958429398143,28.950668495566717,19.216011139704836,9.349625968584696e-07,19.898403818769907,2.298720628642673,0.7127517576499935,9.160812434069704e-08,imerg,155,228994,0.219,0.213,0.168,0.045,0.065,0.052,0.09,2017-06-13 00:00:00,0.551,"[0.83, 1.31, 3.96]",2026,155,228994,0.265,0.233,0.265,0.045,0.065,0.0,0.2,2026-07-06 18:00:00,0.551,"[0.83, 1.21, 3.41]"
298,9.801837743617597,31.46271071339355,17.559290066982506,7.96399956856839e-06,26.27857749027158,1.300163325873771,0.9931204331231492,1.4960996184655715e-09,era5land,155,228994,0.0,0.0,0.0,0.0,0.0,0.0,0.0,,0.551,"[1.62, 2.29, 6.26]",2026,155,228994,0.0,0.0,0.0,0.0,0.0,0.0,0.0,,0.551,"[1.62, 2.29, 6.26]"
298,9.801837743617597,31.46271071339355,17.559290066982506,7.96399956856839e-06,26.27857749027158,1.300163325873771,0.9931204331231492,1.4960996184655715e-09,imerg,155,228994,0.0,0.0,0.0,0.0,0.0,0.0,0.0,,0.551,"[1.62, 2.29, 6.26]",2026,155,228994,0.0,0.0,0.0,0.0,0.0,0.0,0.0,,0.551,"[1.62, 2.29, 6.26]"
299,7.355602006523088,28.865378910971614,20.738195113242913,1.609568398334644e-05,260.550645525754,3.456177037734971,0.6360322784301733,9.914384467321989e-08,era5land,155,228994,0.065,0.045,0.065,0.045,0.065,0.0,0.135,2017-06-12 00:00:00,0.551,"[1.18, 1.75, 4.98]",2026,155,228994,0.077,0.069,0.077,0.045,0.065,0.0,0.013,2026-07-03 00:00:00,0.551,"[1.1, 1.65, 4.73]"
301,5.942675956412221,33.9512510651324,19.04840226912567,1.843966986296909e-06,97.39290581297084,3.1758649882959418,0.8284772026355685,3.178181398084933e-08,era5land,155,228994,0.168,0.157,0.168,0.009,0.013,0.0,0.155,2017-06-12 00:00:00,0.551,"[0.92, 1.36, 3.84]",2026,155,228994,0.065,0.045,0.168,0.009,0.013,0.0,0.155,2026-07-05 00:00:00,0.551,"[1.17, 1.69, 4.72]"
301,5.942675956412221,33.9512510651324,19.04840226912567,1.843966986296909e-06,97.39290581297084,3.1758649882959418,0.8284772026355685,3.178181398084933e-08,imerg,155,228994,0.168,0.157,0.168,0.01,0.013,0.0,0.155,2017-06-12 02:30:00,0.551,"[0.92, 1.36, 3.84]",2026,155,228994,0.065,0.042,0.168,0.009,0.013,0.0,0.155,2026-07-05 00:00:00,0.551,"[1.17, 1.69, 4.72]"
302,7.732920132985661,28.76008632994428,18.19293550479282,5.9099246191274735e-05,24.55819507563544,3.9642647237530086,0.6589244619223427,1.325797666526979e-09,era5land,155,228994,0.316,0.279,0.271,0.046,0.065,0.097,0.155,2017-06-12 23:00:00,0.551,"[0.78, 1.14, 3.29]",2026,155,228994,0.316,0.279,0.316,0.046,0.065,0.0,0.252,2026-07-06 06:00:00,0.551,"[0.78, 1.14, 3.21]"
302,7.732920132985661,28.76008632994428,18.19293550479282,5.9099246191274735e-05,24.55819507563544,3.9642647237530086,0.6589244619223427,1.325797666526979e-09,imerg,155,228994,0.316,0.279,0.2,0.048,0.065,0.116,0.135,2017-06-13 01:00:00,0.551,"[0.78, 1.14, 3.43]",2026,155,228994,0.316,0.279,0.316,0.046,0.065,0.0,0.252,2026-07-07 06:00:00,0.551,"[0.78, 1.14, 3.21]"
304,5.587458830600904,33.42366273442504,19.61927122255776,2.5618930244044285e-05,35.37460362913581,3.2924902016726794,0.8376464369033307,1.4634037939847482e-08,era5land,155,228994,0.2,0.182,0.2,0.012,0.019,0.0,0.181,2017-06-12 06:00:00,0.551,"[0.88, 1.31, 3.71]",2026,155,228994,0.2,0.182,0.2,0.012,0.019,0.0,0.181,2026-07-05 12:00:00,0.551,"[0.88, 1.31, 3.71]"
304,5.587458830600904,33.42366273442504,19.61927122255776,2.5618930244044285e-05,35.37460362913581,3.2924902016726794,0.8376464369033307,1.4634037939847482e-08,imerg,155,228994,0.2,0.182,0.2,0.013,0.019,0.0,0.181,2017-06-12 15:00:00,0.551,"[0.88, 1.31, 3.71]",2026,155,228994,0.2,0.182,0.2,0.012,0.019,0.0,0.181,2026-07-06 18:00:00,0.551,"[0.88, 1.31, 3.71]"
305,9.968317098154625,36.00564436723287,16.749378388934762,6.850285826975879e-06,11.7135750748117,1.993196181751177,0.6816134902090639,1.0810393710971268e-09,era5land,155,228994,0.006,0.009,0.006,0.0,0.0,0.0,0.006,2017-06-12 00:00:00,0.551,"[1.36, 1.94, 5.36]",2026,155,228994,0.0,0.001,0.006,0.0,0.0,0.0,0.006,2026-07-05 00:00:00,0.551,"[2.11, 2.95, 8.04]"
305,9.968317098154625,36.00564436723287,16.749378388934762,6.850285826975879e-06,11.7135750748117,1.993196181751177,0.6816134902090639,1.0810393710971268e-09,imerg,155,228994,0.006,0.009,0.006,0.0,0.0,0.0,0.006,2017-06-12 09:00:00,0.551,"[1.36, 1.94, 5.36]",2026,155,228994,0.0,0.001,0.006,0.0,0.0,0.0,0.006,2026-07-05 00:00:00,0.551,"[2.11, 2.95, 8.04]"
307,1.495213071497945,37.597890327874694,18.82049770223383,1.7163315232193097e-07,185.71203146461025,2.8590775647111943,0.7147156290338408,7.143945518829596e-09,era5land,155,228994,0.2,0.2,0.2,0.017,0.019,0.0,0.181,2017-06-12 07:00:00,0.551,"[0.86, 1.28, 3.68]",2026,155,228994,0.2,0.2,0.2,0.017,0.019,0.0,0.181,2026-07-05 12:00:00,0.551,"[0.86, 1.28, 3.68]"
307,1.495213071497945,37.597890327874694,18.82049770223383,1.7163315232193097e-07,185.71203146461025,2.8590775647111943,0.7147156290338408,7.143945518829596e-09,imerg,155,228994,0.2,0.2,0.2,0.017,0.019,0.0,0.181,2017-06-12 10:00:00,0.551,"[0.86, 1.28, 3.78]",2026,155,228994,0.2,0.2,0.2,0.017,0.019,0.0,0.181,2026-07-05 21:00:00,0.551,"[0.86, 1.28, 3.68]"
308,5.097552529882226,37.46190319861615,19.056413415928944,8.878709296783907e-07,443.59359107063665,3.44572241307359,0.7462787380356785,1.6790829185206556e-08,era5land,155,228994,0.123,0.128,0.123,0.008,0.006,0.0,0.116,2017-06-12 00:00:00,0.551,"[0.96, 1.43, 4.07]",2026,155,228994,0.09,0.102,0.123,0.008,0.006,0.0,0.116,2026-07-03 18:00:00,0.551,"[1.01, 1.54, 4.53]"
308,5.097552529882226,37.46190319861615,19.056413415928944,8.878709296783907e-07,443.59359107063665,3.44572241307359,0.7462787380356785,1.6790829185206556e-08,imerg,155,228994,0.123,0.128,0.123,0.01,0.019,0.0,0.103,2017-06-12 00:00:00,0.551,"[0.96, 1.43, 4.07]",2026,155,228994,0.084,0.091,0.123,0.008,0.006,0.0,0.116,2026-07-03 06:00:00,0.551,"[1.05, 1.54, 4.53]"
309,8.40205019522969,27.86351332259108,17.342306647957383,5.706318166197859e-06,15.46869148598768,1.6734940592411125,0.7090546208748655,1.8071594530764491e-09,era5land,155,228994,0.039,0.031,0.039,0.001,0.0,0.0,0.039,2017-06-12 01:00:00,0.551,"[1.19, 1.69, 4.64]",2026,155,228994,0.019,0.015,0.039,0.001,0.0,0.0,0.039,2026-07-05 00:00:00,0.551,"[1.5, 2.34, 6.38]"
309,8.40205019522969,27.86351332259108,17.342306647957383,5.706318166197859e-06,15.46869148598768,1.6734940592411125,0.7090546208748655,1.8071594530764491e-09,imerg,155,228994,0.039,0.031,0.039,0.001,0.0,0.0,0.039,2017-06-12 07:30:00,0.551,"[1.19, 1.69, 4.64]",2026,155,228994,0.019,0.014,0.039,0.001,0.0,0.0,0.039,2026-07-05 00:00:00,0.551,"[1.5, 2.34, 6.38]"
310,1.1262566011447108,37.01111290242143,19.522786857195097,2.900201925163571e-06,37.64064195374906,3.432348223503002,0.7056707841055083,2.0130193137309566e-09,era5land,155,228994,0.271,0.243,0.271,0.024,0.032,0.0,0.239,2017-06-12 11:00:00,0.551,"[0.8, 1.21, 3.48]",2026,155,228994,0.213,0.209,0.271,0.024,0.032,0.0,0.239,2026-07-05 12:00:00,0.551,"[0.84, 1.27, 3.64]"
310,1.1262566011447108,37.01111290242143,19.522786857195097,2.900201925163571e-06,37.64064195374906,3.432348223503002,0.7056707841055083,2.0130193137309566e-09,imerg,155,228994,0.271,0.243,0.271,0.024,0.032,0.0,0.239,2017-06-12 13:00:00,0.551,"[0.8, 1.21, 3.48]",2026,155,228994,0.2,0.194,0.271,0.024,0.032,0.0,0.239,2026-07-06 12:00:00,0.551,"[0.86, 1.29, 3.71]"
311,8.211507760863764,34.71646392918283,20.80570439038339,4.13744735759748e-06,203.9693881122564,3.71089865992596,0.8557638837770456,8.501424130753013e-08,era5land,155,228994,0.09,0.097,0.09,0.006,0.006,0.0,0.084,2017-06-12 00:00:00,0.551,"[1.02, 1.51, 4.27]",2026,155,228994,0.09,0.097,0.09,0.006,0.006,0.0,0.084,2026-07-04 18:00:00,0.551,"[1.02, 1.51, 4.27]"
311,8.211507760863764,34.71646392918283,20.80570439038339,4.13744735759748e-06,203.9693881122564,3.71089865992596,0.8557638837770456,8.501424130753013e-08,imerg,155,228994,0.09,0.097,0.09,0.009,0.006,0.0,0.084,2017-06-12 00:00:00,0.551,"[1.02, 1.51, 4.27]",2026,155,228994,0.09,0.097,0.09,0.006,0.006,0.0,0.084,2026-07-03 06:00:00,0.551,"[1.02, 1.51, 4.27]"
312,6.5982867203623785,35.180964254245886,19.47286064658897,1.5837041350772373e-05,137.12212673321724,3.751584594613923,0.9637596412146066,8.489893584339204e-09,era5land,155,228994,0.142,0.145,0.142,0.005,0.006,0.0,0.135,2017-06-12 00:00:00,0.551,"[0.93, 1.38, 3.92]",2026,155,228994,0.142,0.148,0.142,0.005,0.006,0.0,0.135,2026-07-05 00:00:00,0.55,"[0.93, 1.38, 3.92]"
312,6.5982867203623785,35.180964254245886,19.47286064658897,1.5837041350772373e-05,137.12212673321724,3.751584594613923,0.9637596412146066,8.489893584339204e-09,imerg,155,228994,0.142,0.148,0.142,0.007,0.006,0.0,0.135,2017-06-12 01:00:00,0.551,"[0.93, 1.38, 3.92]",2026,155,228994,0.142,0.148,0.142,0.005,0.006,0.0,0.135,2026-07-05 00:00:00,0.551,"[0.93, 1.38, 3.92]"
313,7.459354021656189,30.77262008023422,18.098026840650206,1.5228255744714459e-07,14.26179585557997,3.437891675322607,0.6297328224363296,3.5904643670696555e-08,era5land,155,228994,0.019,0.018,0.019,0.018,0.019,0.0,0.0,,0.551,"[1.33, 1.96, 5.56]",2026,155,228994,0.039,0.029,0.026,0.018,0.019,0.013,0.0,2026-07-09 06:00:00,0.551,"[1.28, 1.9, 5.43]"
313,7.459354021656189,30.77262008023422,18.098026840650206,1.5228255744714459e-07,14.26179585557997,3.437891675322607,0.6297328224363296,3.5904643670696555e-08,imerg,155,228994,0.019,0.018,0.019,0.018,0.019,0.0,0.0,,0.551,"[1.33, 1.96, 5.55]",2026,155,228994,0.039,0.027,0.019,0.018,0.019,0.013,0.0,2026-07-09 18:00:00,0.551,"[1.28, 1.91, 5.45]"
316,4.378467237432135,35.29635488340107,19.397505490981693,1.643374416314712e-06,291.5238038930427,3.1978573068771454,0.8665376258691104,2.4382780349448854e-09,era5land,155,228994,0.2,0.18,0.2,0.009,0.013,0.0,0.187,2017-06-12 00:00:00,0.551,"[0.89, 1.32, 3.75]",2026,155,228994,0.2,0.18,0.2,0.009,0.013,0.0,0.187,2026-07-04 18:00:00,0.551,"[0.89, 1.32, 3.82]"
316,4.378467237432135,35.29635488340107,19.397505490981693,1.643374416314712e-06,291.5238038930427,3.1978573068771454,0.8665376258691104,2.4382780349448854e-09,imerg,155,228994,0.2,0.18,0.2,0.015,0.019,0.0,0.181,2017-06-12 00:00:00,0.551,"[0.89, 1.32, 3.75]",2026,155,228994,0.2,0.18,0.2,0.009,0.013,0.0,0.187,2026-07-03 06:00:00,0.551,"[0.89, 1.32, 3.82]"
317,5.8017832729573,32.75503811712071,20.715070594444963,2.6067497922632368e-05,496.9440524294374,1.3175302394930086,0.928613957777178,1.0274062597768386e-09,era5land,155,228994,0.0,0.001,0.0,0.001,0.0,0.0,0.0,,0.551,"[1.76, 2.59, 7.34]",2026,155,228994,0.0,0.001,0.0,0.001,0.0,0.0,0.0,,0.551,"[1.79, 2.63, 7.43]"
317,5.8017832729573,32.75503811712071,20.715070594444963,2.6067497922632368e-05,496.9440524294374,1.3175302394930086,0.928613957777178,1.0274062597768386e-09,imerg,155,228994,0.039,0.031,0.039,0.031,0.039,0.0,0.0,,0.551,"[1.22, 1.76, 4.92]",2026,155,228994,0.0,0.001,0.0,0.001,0.0,0.0,0.0,,0.551,"[1.79, 2.63, 7.43]"
318,11.2907907530734,28.79954474317429,20.261306934908532,1.4115206171620266e-05,114.63632626616308,1.774186303965314,0.5692621880601035,3.4937314429711967e-09,era5land,155,228994,0.0,0.0,0.0,0.0,0.0,0.0,0.0,,0.551,"[1.66, 2.4, 6.68]",2026,155,228994,0.0,0.0,0.0,0.0,0.0,0.0,0.0,,0.551,"[1.66, 2.36, 6.42]"
318,11.2907907530734,28.79954474317429,20.261306934908532,1.4115206171620266e-05,114.63632626616308,1.774186303965314,0.5692621880601035,3.4937314429711967e-09,imerg,155,228994,0.006,0.006,0.006,0.006,0.006,0.0,0.0,,0.551,"[1.52, 2.22, 6.26]",2026,155,228994,0.0,0.0,0.0,0.0,0.0,0.0,0.0,,0.551,"[1.67, 2.4, 6.69]"
319,2.102282411486662,34.61302969156732,17.66914273169194,1.3844179157747087e-06,14.060821381193126,1.4854648203313785,0.810531403755168,4.5622105967513445e-08,era5land,155,228994,0.206,0.208,0.206,0.012,0.019,0.0,0.187,2017-06-12 07:00:00,0.551,"[0.85, 1.26, 3.56]",2026,155,228994,0.084,0.082,0.206,0.012,0.019,0.0,0.187,2026-07-05 06:00:00,0.551,"[1.05, 1.53, 4.28]"
319,2.102282411486662,34.61302969156732,17.66914273169194,1.3844179157747087e-06,14.060821381193126,1.4854648203313785,0.810531403755168,4.5622105967513445e-08,imerg,155,228994,0.206,0.208,0.206,0.012,0.019,0.0,0.187,2017-06-12 10:00:00,0.551,"[0.85, 1.26, 3.56]",2026,155,228994,0.084,0.082,0.206,0.012,0.019,0.0,0.187,2026-07-05 06:00:00,0.551,"[1.1, 1.66, 4.43]"
320,0.0617471904470832,35.07290343063875,17.981185141331792,2.7806278120632e-05,172.7820482862222,3.0683207833797796,0.8706475749152138,4.676160800118646e-08,era5land,155,228994,0.032,0.027,0.032,0.027,0.032,0.0,0.0,,0.551,"[1.32, 2.0, 5.8]",2026,155,228994,0.032,0.027,0.032,0.027,0.032,0.0,0.0,,0.551,"[1.31, 1.97, 5.61]"
320,0.0617471904470832,35.07290343063875,17.981185141331792,2.7806278120632e-05,172.7820482862222,3.0683207833797796,0.8706475749152138,4.676160800118646e-08,imerg,155,228994,0.065,0.047,0.065,0.047,0.065,0.0,0.0,,0.551,"[1.21, 1.88, 5.5]",2026,155,228994,0.032,0.027,0.032,0.027,0.032,0.0,0.0,,0.551,"[1.32, 2.01, 5.8]"
321,6.394538992891863,32.67084461604307,17.79282704808953,8.682054022191664e-06,122.84734310086549,1.08916773094933,0.9672047634665356,2.8651806686092983e-08,era5land,155,228994,0.0,0.0,0.0,0.0,0.0,0.0,0.0,,0.551,"[2.09, 3.04, 8.52]",2026,155,228994,0.0,0.0,0.0,0.0,0.0,0.0,0.0,,0.551,"[2.1, 3.05, 8.56]"
321,6.394538992891863,32.67084461604307,17.79282704808953,8.682054022191664e-06,122.84734310086549,1.08916773094933,0.9672047634665356,2.8651806686092983e-08,imerg,155,228994,0.006,0.004,0.006,0.004,0.006,0.0,0.0,,0.551,"[1.52, 2.36, 6.89]",2026,155,228994,0.0,0.0,0.0,0.0,0.0,0.0,0.0,,0.551,"[2.1, 3.05, 8.56]"
322,0.833594297982571,33.79527877451634,15.888639028799028,4.809244102468358e-07,66.58325206814767,2.5785294338129368,0.8888713368021086,4.0714307571944636e-08,era5land,155,228994,0.523,0.401,0.452,0.025,0.032,0.071,0.419,2017-06-12 16:00:00,0.551,"[0.66, 0.97, 2.9]",2026,155,228994,0.523,0.401,0.523,0.025,0.032,0.0,0.49,2026-07-05 18:00:00,0.551,"[0.66, 0.97, 2.77]"
322,0.833594297982571,33.79527877451634,15.888639028799028,4.809244102468358e-07,66.58325206814767,2.5785294338129368,0.8888713368021086,4.0714307571944636e-08,imerg,155,228994,0.523,0.401,0.452,0.025,0.032,0.09,0.4,2017-06-12 17:30:00,0.551,"[0.66, 0.97, 2.96]",2026,155,228994,0.523,0.401,0.523,0.025,0.032,0.0,0.49,2026-07-06 12:00:00,0.551,"[0.68, 0.97, 2.77]"
323,11.447938360558808,36.06907506630941,17.41987927643851,6.716414267606387e-07,183.9831285529775,1.058241472909655,0.9621438265671054,1.40269793576632e-09,era5land,155,228994,0.0,0.0,0.0,0.0,0.0,0.0,0.0,,0.551,"[2.21, 3.09, 8.42]",2026,155,228994,0.0,0.0,0.0,0.0,0.0,0.0,0.0,,0.551,"[2.21, 3.09, 8.42]"
323,11.447938360558808,36.06907506630941,17.41987927643851,6.716414267606387e-07,183.9831285529775,1.058241472909655,0.9621438265671054,1.40269793576632e-09,imerg,155,228994,0.0,0.0,0.0,0.0,0.0,0.0,0.0,,0.551,"[2.21, 3.09, 8.42]",2026,155,228994,0.0,0.0,0.0,0.0,0.0,0.0,0.0,,0.551,"[2.21, 3.09, 8.42]"
324,4.007943379745499,35.53859060942243,16.259636380375913,3.272242930891984e-07,27.379051370030663,2.744949313099038,0.8292688227567018,8.851026411503683e-09,era5land,155,228994,0.032,0.024,0.019,0.008,0.006,0.013,0.013,2017-06-12 13:30:00,0.551,"[1.38, 2.12, 6.16]",2026,155,228994,0.265,0.231,0.071,0.008,0.006,0.2,0.058,2026-07-10 00:00:00,0.551,"[0.83, 1.21, 3.43]"
324,4.007943379745499,35.53859060942243,16.259636380375913,3.272242930891984e-07,27.379051370030663,2.744949313099038,0.8292688227567018,8.851026411503683e-09,imerg,155,228994,0.032,0.024,0.019,0.008,0.006,0.013,0.013,2017-06-12 13:30:00,0.551,"[1.38, 2.12, 6.15]",2026,155,228994,0.258,0.225,0.065,0.008,0.006,0.155,0.039,2026-07-10 18:00:00,0.551,"[0.83, 1.33, 4.22]"
326,2.284423302598579,35.09392110295641,17.316114453712228,8.192468061218579e-06,44.21315036465123,2.2895938915565823,0.8629439652071148,3.3208826492375376e-08,era5land,155,228994,0.348,0.285,0.348,0.013,0.019,0.0,0.329,2017-06-12 02:00:00,0.551,"[0.76, 1.14, 3.24]",2026,155,228994,0.348,0.285,0.348,0.013,0.019,0.0,0.329,2026-07-05 00:00:00,0.551,"[0.76, 1.14, 3.24]"
326,2.284423302598579,35.09392110295641,17.316114453712228,8.192468061218579e-06,44.21315036465123,2.2895938915565823,0.8629439652071148,3.3208826492375376e-08,imerg,155,228994,0.348,0.285,0.348,0.016,0.019,0.0,0.329,2017-06-12 08:00:00,0.551,"[0.76, 1.14, 3.24]",2026,155,228994,0.348,0.285,0.348,0.013,0.019,0.0,0.329,2026-07-05 00:00:00,0.551,"[0.76, 1.14, 3.24]"
327,7.408822426331456,33.70253150526006,21.12657605462056,6.430558843029341e-05,38.12371545364933,3.4176503988557645,0.8738006286468077,1.2276130591054069e-08,era5land,155,228994,0.006,0.008,0.058,0.008,0.006,0.0,0.11,2017-06-12 02:00:00,0.561,"[1.17, 1.57, 4.1]",2026,155,228994,0.019,0.012,0.019,0.008,0.006,0.0,0.013,2026-07-03 18:00:00,0.551,"[1.47, 2.11, 5.54]"
327,7.408822426331456,33.70253150526006,21.12657605462056,6.430558843029341e-05,38.12371545364933,3.4176503988557645,0.8738006286468077,1.2276130591054069e-08,imerg,155,228994,0.006,0.009,0.058,0.009,0.006,0.0,0.11,2017-06-12 09:00:00,0.56,"[1.17, 1.55, 4.1]",2026,155,228994,0.019,0.012,0.019,0.008,0.006,0.0,0.013,2026-07-03 06:00:00,0.55,"[1.44, 2.03, 5.43]"
328,3.825360373984704,35.32674592630163,17.889896921046702,3.987406837601426e-06,379.34599130163593,1.019258513343389,0.7438360766309018,2.2964543730197962e-09,era5land,155,228994,0.0,0.002,0.0,0.002,0.0,0.0,0.0,,0.551,"[1.71, 2.53, 7.16]",2026,155,228994,0.0,0.001,0.0,0.001,0.0,0.0,0.0,,0.551,"[1.76, 2.58, 7.3]"
328,3.825360373984704,35.32674592630163,17.889896921046702,3.987406837601426e-06,379.34599130163593,1.019258513343389,0.7438360766309018,2.2964543730197962e-09,imerg,155,228994,0.065,0.04,0.065,0.04,0.065,0.0,0.0,,0.551,"[1.17, 1.7, 4.73]",2026,155,228994,0.0,0.001,0.0,0.001,0.0,0.0,0.0,,0.551,"[1.76, 2.58, 7.3]"
329,7.789660058751098,35.85873035225746,20.15517358260526,3.819820333444157e-07,50.973705877920246,1.585365190154962,0.8920207798380826,7.846451184959318e-09,era5land,155,228994,0.013,0.009,0.013,0.0,0.0,0.0,0.013,2017-06-12 00:00:00,0.551,"[1.38, 1.99, 5.55]",2026,155,228994,0.0,0.0,0.013,0.0,0.0,0.0,0.013,2026-07-04 12:00:00,0.551,"[1.99, 2.82, 7.74]"
329,7.789660058751098,35.85873035225746,20.15517358260526,3.819820333444157e-07,50.973705877920246,1.585365190154962,0.8920207798380826,7.846451184959318e-09,imerg,155,228994,0.013,0.009,0.013,0.0,0.0,0.0,0.013,2017-06-12 00:00:00,0.551,"[1.38, 1.99, 5.55]",2026,155,228994,0.0,0.0,0.013,0.0,0.0,0.0,0.013,2026-07-04 12:00:00,0.551,"[1.99, 2.82, 7.74]"
330,9.65493131924535,29.728756886009,18.56595226313348,2.8654658402931293e-07,20.205897352875574,1.4787554367582276,0.5672648740207081,2.0591901232419913e-08,era5land,155,228994,0.0,0.001,0.0,0.0,0.0,0.0,0.0,,0.551,"[1.48, 2.15, 6.16]",2026,155,228994,0.0,0.0,0.0,0.0,0.0,0.0,0.0,,0.551,"[1.48, 2.09, 5.75]"
330,9.65493131924535,29.728756886009,18.56595226313348,2.8654658402931293e-07,20.205897352875574,1.4787554367582276,0.5672648740207081,2.0591901232419913e-08,imerg,155,228994,0.0,0.001,0.0,0.0,0.0,0.0,0.0,,0.551,"[1.48, 2.16, 6.19]",2026,155,228994,0.0,0.0,0.0,0.0,0.0,0.0,0.0,,0.551,"[1.48, 2.09, 5.75]"
331,8.981887863378825,37.050157567549334,19.120250146721183,1.709519688135678e-05,27.540509776821565,3.925333919558623,0.589753018114271,5.971273844081923e-08,era5land,155,228994,0.084,0.087,0.084,0.008,0.006,0.0,0.077,2017-06-12 04:30:00,0.551,"[1.05, 1.54, 4.35]",2026,155,228994,0.065,0.042,0.084,0.008,0.006,0.0,0.077,2026-07-05 06:00:00,0.551,"[1.25, 1.81, 5.11]"
331,8.981887863378825,37.050157567549334,19.120250146721183,1.709519688135678e-05,27.540509776821565,3.925333919558623,0.589753018114271,5.971273844081923e-08,imerg,155,228994,0.084,0.087,0.084,0.008,0.006,0.0,0.077,2017-06-12 14:00:00,0.551,"[1.05, 1.54, 4.35]",2026,155,228994,0.065,0.039,0.084,0.008,0.006,0.0,0.077,2026-07-05 00:00:00,0.551,"[1.25, 1.89, 5.43]"
332,7.59860279075061,35.27348326231003,19.954433221304004,1.0287591941186306e-05,164.8545113358566,1.3570748822262182,0.5355701312186253,1.8268655472929455e-09,era5land,155,228994,0.0,0.0,0.0,0.0,0.0,0.0,0.0,,0.551,"[1.8, 2.61, 7.34]",2026,155,228994,0.0,0.0,0.0,0.0,0.0,0.0,0.0,,0.551,"[1.81, 2.63, 7.37]"
332,7.59860279075061,35.27348326231003,19.954433221304004,1.0287591941186306e-05,164.8545113358566,1.3570748822262182,0.5355701312186253,1.8268655472929455e-09,imerg,155,228994,0.006,0.006,0.006,0.006,0.006,0.0,0.0,,0.551,"[1.43, 2.06, 5.95]",2026,155,228994,0.0,0.0,0.0,0.0,0.0,0.0,0.0,,0.551,"[1.81, 2.63, 7.37]"
333,5.633374631695703,35.76641731416097,18.342103142975397,1.3102089947160187e-06,10.52125348379106,3.057585379293396,0.9772402486239106,7.519142229243455e-08,era5land,155,228994,0.019,0.012,0.006,0.004,0.006,0.013,0.0,2017-06-13 05:30:00,0.551,"[1.55, 2.37, 6.88]",2026,155,228994,0.116,0.117,0.039,0.004,0.006,0.084,0.026,2026-07-08 12:00:00,0.551,"[0.98, 1.44, 4.23]"
333,5.633374631695703,35.76641731416097,18.342103142975397,1.3102089947160187e-06,10.52125348379106,3.057585379293396,0.9772402486239106,7.519142229243455e-08,imerg,155,228994,0.019,0.011,0.006,0.004,0.006,0.013,0.0,2017-06-13 07:30:00,0.551,"[1.56, 2.38, 6.9]",2026,155,228994,0.09,0.102,0.019,0.004,0.006,0.065,0.013,2026-07-09 06:00:00,0.551,"[1.02, 1.73, 5.29]"
334,9.285788725246556,35.67832637985788,16.08824823600325,5.680034901475641e-05,96.18224482494156,2.3474257075897533,0.6959656057896907,5.4807243468650246e-09,era5land,155,228994,0.0,0.0,0.0,0.0,0.0,0.0,0.0,,0.551,"[1.8, 2.63, 7.4]",2026,155,228994,0.0,0.0,0.0,0.0,0.0,0.0,0.0,,0.551,"[1.8, 2.63, 7.4]"
334,9.285788725246556,35.67832637985788,16.08824823600325,5.680034901475641e-05,96.18224482494156,2.3474257075897533,0.6959656057896907,5.4807243468650246e-09,imerg,155,228994,0.006,0.004,0.006,0.004,0.006,0.0,0.0,,0.551,"[1.68, 2.48, 7.05]",2026,155,228994,0.0,0.0,0.0,0.0,0.0,0.0,0.0,,0.551,"[1.8, 2.63, 7.4]"
335,4.685362725492855,36.034633263345285,19.51157826496831,2.49451329753376e-05,265.56164403685324,3.5156116606045527,0.6993400511975643,1.4420600098173307e-09,era5land,155,228994,0.019,0.015,0.019,0.015,0.019,0.0,0.0,,0.551,"[1.41, 2.12, 6.09]",2026,155,228994,0.019,0.014,0.019,0.014,0.019,0.0,0.0,,0.551,"[1.41, 2.1, 5.94]"
335,4.685362725492855,36.034633263345285,19.51157826496831,2.49451329753376e-05,265.56164403685324,3.5156116606045527,0.6993400511975643,1.4420600098173307e-09,imerg,155,228994,0.039,0.031,0.039,0.031,0.039,0.0,0.0,,0.551,"[1.3, 1.98, 5.75]",2026,155,228994,0.019,0.014,0.019,0.014,0.019,0.0,0.0,,0.551,"[1.42, 2.13, 6.1]"
337,5.362244566139707,34.44349496782296,16.121626623679127,2.3144941963078892e-05,19.50730829385447,2.5508237829613645,0.6921647610063559,1.2340896991992488e-08,era5land,155,228994,0.2,0.198,0.2,0.01,0.013,0.0,0.187,2017-06-12 04:00:00,0.551,"[0.87, 1.27, 3.56]",2026,155,228994,0.2,0.198,0.2,0.01,0.013,0.0,0.187,2026-07-05 06:00:00,0.551,"[0.87, 1.27, 3.56]"
337,5.362244566139707,34.44349496782296,16.121626623679127,2.3144941963078892e-05,19.50730829385447,2.5508237829613645,0.6921647610063559,1.2340896991992488e-08,imerg,155,228994,0.2,0.198,0.2,0.011,0.019,0.0,0.181,2017-06-12 13:00:00,0.551,"[0.87, 1.27, 3.56]",2026,155,228994,0.2,0.198,0.2,0.01,0.013,0.0,0.187,2026-07-05 00:00:00,0.551,"[0.87, 1.27, 3.56]"
338,2.528542118100282,32.88082503767318,17.50627544716066,9.06868540714315e-05,23.864398335685458,2.46084975775461,0.807355707308903,2.391354677638761e-08,era5land,155,228994,0.032,0.025,0.032,0.025,0.032,0.0,0.0,,0.551,"[1.31, 1.97, 5.65]",2026,155,228994,0.039,0.028,0.039,0.025,0.032,0.0,0.006,2026-07-03 00:00:00,0.551,"[1.29, 1.94, 5.59]"
338,2.528542118100282,32.88082503767318,17.50627544716066,9.06868540714315e-05,23.864398335685458,2.46084975775461,0.807355707308903,2.391354677638761e-08,imerg,155,228994,0.039,0.028,0.039,0.028,0.039,0.0,0.0,,0.551,"[1.29, 1.94, 5.59]",2026,155,228994,0.032,0.025,0.032,0.025,0.032,0.0,0.0,,0.551,"[1.31, 1.87, 5.42]"
339,11.66307704459705,36.88047130179525,16.629360788478078,2.695104462409302e-07,19.430776564360368,3.22548999531644,0.7644923097005212,1.1644029523578988e-08,era5land,155,228994,0.0,0.001,0.0,0.0,0.0,0.0,0.0,,0.551,"[1.84, 2.71, 7.69]",2026,155,228994,0.032,0.024,0.006,0.0,0.0,0.013,0.006,2026-07-11 12:00:00,0.551,"[1.43, 2.24, 6.57]"
339,11.66307704459705,36.88047130179525,16.629360788478078,2.695104462409302e-07,19.430776564360368,3.22548999531644,0.7644923097005212,1.1644029523578988e-08,imerg,155,228994,0.0,0.001,0.0,0.0,0.0,0.0,0.0,,0.551,"[1.84, 2.71, 7.68]",2026,155,228994,0.019,0.013,0.0,0.0,0.0,0.006,0.0,2026-07-12 00:00:00,0.551,"[1.54, 2.36, 6.84]"
340,10.97233979806457,36.863582695004304,16.2227970565656,2.830952367609823e-06,40.00070906138612,2.107735675028614,0.606777731581335,4.071842871714935e-09,era5land,155,228994,0.006,0.005,0.006,0.0,0.0,0.0,0.006,2017-06-12 00:00:00,0.551,"[1.41, 2.0, 5.52]",2026,155,228994,0.006,0.003,0.006,0.0,0.0,0.0,0.006,2026-07-03 18:00:00,0.551,"[1.94, 2.73, 7.44]"
340,10.97233979806457,36.863582695004304,16.2227970565656,2.830952367609823e-06,40.00070906138612,2.107735675028614,0.606777731581335,4.071842871714935e-09,imerg,155,228994,0.006,0.005,0.006,0.0,0.0,0.0,0.006,2017-06-12 02:00:00,0.551,"[1.41, 2.0, 5.52]",2026,155,228994,0.006,0.003,0.006,0.0,0.0,0.0,0.006,2026-07-03 06:00:00,0.551,"[1.94, 2.73, 8.41]"
341,10.752361020397416,28.33115243928964,18.218071863227355,3.330995553985108e-05,235.0329153024529,1.5129568892395548,0.7621243084640774,6.538059733947634e-08,era5land,155,228994,0.0,0.0,0.0,0.0,0.0,0.0,0.0,,0.551,"[1.92, 2.75, 7.65]",2026,155,228994,0.0,0.0,0.0,0.0,0.0,0.0,0.0,,0.551,"[1.93, 2.77, 7.68]"
341,10.752361020397416,28.33115243928964,18.218071863227355,3.330995553985108e-05,235.0329153024529,1.5129568892395548,0.7621243084640774,6.538059733947634e-08,imerg,155,228994,0.0,0.0,0.0,0.0,0.0,0.0,0.0,,0.551,"[1.48, 2.18, 6.27]",2026,155,228994,0.0,0.0,0.0,0.0,0.0,0.0,0.0,,0.551,"[1.93, 2.77, 7.68]"
342,4.213114426436822,28.40067345697913,19.372400475163925,3.016851202182125e-07,62.085203607921976,1.708776929043987,0.9578239633603944,1.0568530771862134e-08,era5land,155,228994,0.2,0.188,0.2,0.014,0.019,0.0,0.181,2017-06-12 07:00:00,0.551,"[0.88, 1.28, 3.6]",2026,155,228994,0.039,0.03,0.2,0.014,0.019,0.0,0.181,2026-07-05 12:00:00,0.55,"[1.2, 1.71, 4.36]"
342,4.213114426436822,28.40067345697913,19.372400475163925,3.016851202182125e-07,62.085203607921976,1.708776929043987,0.9578239633603944,1.0568530771862134e-08,imerg,155,228994,0.2,0.188,0.2,0.014,0.019,0.0,0.181,2017-06-12 08:00:00,0.551,"[0.88, 1.28, 3.6]",2026,155,228994,0.039,0.03,0.2,0.014,0.019,0.0,0.181,2026-07-05 18:00:00,0.551,"[1.2, 1.71, 4.51]"
343,1.821667677308808,37.87653874003094,20.21984816157643,8.324514475518004e-07,313.8560448463067,2.584581789299012,0.515424862602097,2.2815093764753483e-08,era5land,155,228994,0.161,0.153,0.161,0.027,0.039,0.0,0.123,2017-06-12 00:00:00,0.551,"[0.92, 1.38, 3.96]",2026,155,228994,0.161,0.153,0.161,0.027,0.032,0.0,0.129,2026-07-03 12:00:00,0.551,"[0.92, 1.41, 4.1]"
343,1.821667677308808,37.87653874003094,20.21984816157643,8.324514475518004e-07,313.8560448463067,2.584581789299012,0.515424862602097,2.2815093764753483e-08,imerg,155,228994,0.161,0.153,0.161,0.036,0.052,0.0,0.11,2017-06-12 00:00:00,0.551,"[0.92, 1.38, 3.96]",2026,155,228994,0.161,0.15,0.161,0.027,0.032,0.0,0.129,2026-07-03 06:00:00,0.551,"[0.92, 1.41, 4.1]"
344,2.87017204062947,35.57614915264334,18.11004742328658,7.166217563704318e-06,111.18997994144117,2.571887556173251,0.8029878477047981,5.140717333028485e-09,era5land,155,228994,0.265,0.234,0.265,0.013,0.019,0.0,0.245,2017-06-12 00:00:00,0.551,"[0.82, 1.22, 3.47]",2026,155,228994,0.265,0.234,0.265,0.013,0.019,0.0,0.245,2026-07-04 18:00:00,0.551,"[0.82, 1.22, 3.47]"
344,2.87017204062947,35.57614915264334,18.11004742328658,7.166217563704318e-06,111.18997994144117,2.571887556173251,0.8029878477047981,5.140717333028485e-09,imerg,155,228994,0.265,0.234,0.265,0.022,0.032,0.0,0.232,2017-06-12 00:00:00,0.551,"[0.82, 1.22, 3.47]",2026,155,228994,0.265,0.234,0.265,0.013,0.019,0.0,0.245,2026-07-04 18:00:00,0.551,"[0.82, 1.22, 3.47]"
345,2.8007824779701673,37.416916787952125,17.88172269539594,2.678235251905012e-06,38.70228744346504,2.9022371563530713,0.8831912499732049,4.814540102857645e-09,era5land,155,228994,0.232,0.218,0.232,0.007,0.006,0.0,0.226,2017-06-12 09:00:00,0.551,"[0.83, 1.25, 3.56]",2026,155,228994,0.123,0.125,0.232,0.007,0.006,0.0,0.226,2026-07-05 12:00:00,0.551,"[0.97, 1.43, 4.05]"
345,2.8007824779701673,37.416916787952125,17.88172269539594,2.678235251905012e-06,38.70228744346504,2.9022371563530713,0.8831912499732049,4.814540102857645e-09,imerg,155,228994,0.232,0.218,0.232,0.007,0.006,0.0,0.226,2017-06-12 13:00:00,0.551,"[0.83, 1.25, 3.56]",2026,155,228994,0.123,0.125,0.232,0.007,0.006,0.0,0.226,2026-07-06 06:00:00,0.551,"[0.97, 1.52, 4.29]"
347,4.6501121742827145,30.414287565624353,18.62515422131347,1.194330445525223e-05,280.96082887473386,2.8391267884879885,0.720194433333467,7.925761411048882e-09,era5land,155,228994,0.052,0.036,0.052,0.036,0.052,0.0,0.0,,0.551,"[1.23, 1.83, 5.22]",2026,155,228994,0.065,0.046,0.065,0.035,0.045,0.0,0.019,2026-07-03 00:00:00,0.551,"[1.13, 1.65, 4.78]"
348,8.87112167007597,29.895011754258977,15.903813387380252,2.657605383285625e-05,13.19827246855258,1.0693198658675114,0.733738143692932,3.907303789842062e-09,era5land,155,228994,0.0,0.0,0.0,0.0,0.0,0.0,0.0,,0.552,"[2.28, 3.24, 8.95]",2026,155,228994,0.0,0.0,0.0,0.0,0.0,0.0,0.0,,0.551,"[2.22, 3.17, 8.28]"
348,8.87112167007597,29.895011754258977,15.903813387380252,2.657605383285625e-05,13.19827246855258,1.0693198658675114,0.733738143692932,3.907303789842062e-09,imerg,155,228994,0.0,0.0,0.0,0.0,0.0,0.0,0.0,,0.552,"[2.22, 3.17, 8.79]",2026,155,228994,0.0,0.0,0.0,0.0,0.0,0.0,0.0,,0.551,"[2.06, 2.98, 8.08]"
349,4.978171160025252,31.054307763796963,16.1517177362876,1.8272954567031825e-07,31.083770350643473,3.165227067216543,0.88782401864101,6.042815632539894e-09,era5land,155,228994,0.032,0.021,0.026,0.016,0.019,0.006,0.006,2017-06-13 03:30:00,0.551,"[1.35, 2.03, 5.81]",2026,155,228994,0.129,0.129,0.039,0.016,0.019,0.045,0.019,2026-07-11 00:00:00,0.551,"[0.95, 1.56, 4.7]"
349,4.978171160025252,31.054307763796963,16.1517177362876,1.8272954567031825e-07,31.083770350643473,3.165227067216543,0.88782401864101,6.042815632539894e-09,imerg,155,228994,0.032,0.021,0.026,0.016,0.019,0.006,0.006,2017-06-13 02:30:00,0.551,"[1.35, 2.03, 5.81]",2026,155,228994,0.084,0.089,0.032,0.016,0.019,0.045,0.013,2026-07-09 12:00:00,0.551,"[1.06, 1.68, 4.97]"
350,4.294354087299905,35.8910563714512,18.50591205026804,2.485162393341244e-07,228.9831977640439,3.581407630012491,0.5507024891451364,3.844056792333925e-09,era5land,155,228994,0.2,0.196,0.2,0.028,0.039,0.0,0.161,2017-06-12 04:00:00,0.551,"[0.86, 1.28, 3.66]",2026,155,228994,0.2,0.196,0.2,0.028,0.039,0.0,0.161,2026-07-05 06:00:00,0.551,"[0.86, 1.28, 3.66]"
350,4.294354087299905,35.8910563714512,18.50591205026804,2.485162393341244e-07,228.9831977640439,3.581407630012491,0.5507024891451364,3.844056792333925e-09,imerg,155,228994,0.2,0.196,0.2,0.028,0.039,0.0,0.161,2017-06-12 05:00:00,0.551,"[0.86, 1.28, 3.66]",2026,155,228994,0.2,0.196,0.2,0.028,0.039,0.0,0.161,2026-07-05 06:00:00,0.551,"[0.86, 1.28, 3.66]"
351,9.428546029933552,37.13345122650541,20.185227759364253,1.520377120721145e-06,15.64984438792962,1.784106078626063,0.7357256150370977,1.3202400052481954e-08,era5land,155,228994,0.006,0.005,0.006,0.0,0.0,0.0,0.006,2017-06-12 00:00:00,0.551,"[1.45, 2.09, 5.84]",2026,155,228994,0.0,0.0,0.006,0.0,0.0,0.0,0.006,2026-07-05 00:00:00,0.551,"[2.11, 2.98, 8.19]"
351,9.428546029933552,37.13345122650541,20.185227759364253,1.520377120721145e-06,15.64984438792962,1.784106078626063,0.7357256150370977,1.3202400052481954e-08,imerg,155,228994,0.006,0.005,0.006,0.0,0.0,0.0,0.006,2017-06-12 00:00:00,0.551,"[1.45, 2.09, 5.84]",2026,155,228994,0.0,0.0,0.006,0.0,0.0,0.0,0.006,2026-07-04 12:00:00,0.551,"[2.13, 2.98, 8.19]"
352,2.8298989995536656,35.65024210285092,17.389743243668317,2.0176981597172693e-05,221.8216240227828,1.620830789945454,0.7683586145880263,3.2022430769557094e-09,era5land,155,228994,0.013,0.009,0.013,0.009,0.013,0.0,0.0,,0.551,"[1.5, 2.24, 6.4]",2026,155,228994,0.006,0.008,0.006,0.008,0.006,0.0,0.0,,0.551,"[1.51, 2.25, 6.44]"
353,5.6517652676346755,36.92754783540318,17.93798686687386,6.323744696250068e-05,137.58986649751571,3.80982659000164,0.7000535655172844,1.1293582779777695e-09,era5land,155,228994,0.019,0.01,0.019,0.01,0.019,0.0,0.0,,0.551,"[1.47, 2.21, 6.32]",2026,155,228994,0.019,0.01,0.019,0.01,0.019,0.0,0.0,,0.551,"[1.48, 2.21, 6.31]"
353,5.6517652676346755,36.92754783540318,17.93798686687386,6.323744696250068e-05,137.58986649751571,3.80982659000164,0.7000535655172844,1.1293582779777695e-09,imerg,155,228994,0.019,0.016,0.019,0.016,0.019,0.0,0.0,,0.551,"[1.41, 2.14, 6.15]",2026,155,228994,0.019,0.01,0.019,0.01,0.019,0.0,0.0,,0.551,"[1.48, 2.21, 6.32]"
355,4.072573419402373,33.733419393895,19.46110934388025,1.0500352818768708e-07,41.7978075800518,3.605709615628329,0.5930318993046866,5.337230840037157e-08,era5land,155,228994,0.019,0.015,0.019,0.014,0.019,0.0,0.0,,0.551,"[1.39, 2.06, 5.85]",2026,155,228994,0.032,0.025,0.019,0.014,0.019,0.013,0.0,2026-07-08 15:00:00,0.551,"[1.24, 1.85, 5.38]"
355,4.072573419402373,33.733419393895,19.46110934388025,1.0500352818768708e-07,41.7978075800518,3.605709615628329,0.5930318993046866,5.337230840037157e-08,imerg,155,228994,0.019,0.015,0.019,0.014,0.019,0.0,0.0,,0.551,"[1.39, 2.06, 5.85]",2026,155,228994,0.032,0.025,0.019,0.014,0.019,0.013,0.0,2026-07-09 03:00:00,0.551,"[1.24, 1.89, 5.46]"
356,5.227076886369382,31.87432513889317,18.03248518485491,2.3903004480074137e-07,30.235390513183436,1.6985241842990684,0.6476340063003839,2.580978788812567e-08,era5land,155,228994,0.077,0.065,0.071,0.007,0.006,0.013,0.058,2017-06-12 13:00:00,0.551,"[1.09, 1.7, 5.03]",2026,155,228994,0.077,0.065,0.077,0.007,0.006,0.0,0.071,2026-07-05 18:00:00,0.551,"[1.09, 1.57, 4.38]"
356,5.227076886369382,31.87432513889317,18.03248518485491,2.3903004480074137e-07,30.235390513183436,1.6985241842990684,0.6476340063003839,2.580978788812567e-08,imerg,155,228994,0.077,0.065,0.065,0.007,0.006,0.013,0.058,2017-06-12 15:00:00,0.551,"[1.09, 1.72, 5.08]",2026,155,228994,0.077,0.065,0.077,0.007,0.006,0.0,0.071,2026-07-06 00:00:00,0.551,"[1.09, 1.57, 4.38]"
357,1.797375523298016,38.18789393164599,19.542836746730092,5.848869614314646e-06,210.81905957670352,1.8112600464281896,0.9982596196730108,2.178302023179697e-09,era5land,155,228994,0.006,0.005,0.006,0.005,0.006,0.0,0.0,,0.551,"[1.71, 2.57, 7.41]",2026,155,228994,0.006,0.005,0.006,0.004,0.006,0.0,0.0,,0.551,"[1.36, 2.13, 6.34]"
357,1.797375523298016,38.18789393164599,19.542836746730092,5.848869614314646e-06,210.81905957670352,1.8112600464281896,0.9982596196730108,2.178302023179697e-09,imerg,155,228994,0.045,0.036,0.045,0.036,0.045,0.0,0.0,,0.551,"[1.34, 2.14, 6.36]",2026,155,228994,0.006,0.004,0.006,0.004,0.006,0.0,0.0,,0.544,"[1.39, 1.73, 3.94]"
358,10.23378961335876,31.936079493398076,17.16765074954684,2.180333304615746e-05,52.687902417191,3.5422122438010875,0.5486471617551053,5.671026149597184e-09,era5land,155,228994,0.135,0.131,0.135,0.015,0.019,0.0,0.116,2017-06-12 01:30:00,0.551,"[0.96, 1.39, 3.89]",2026,155,228994,0.135,0.131,0.135,0.015,0.019,0.0,0.116,2026-07-05 00:00:00,0.551,"[0.96, 1.39, 3.89]"
358,10.23378961335876,31.936079493398076,17.16765074954684,2.180333304615746e-05,52.687902417191,3.5422122438010875,0.5486471617551053,5.671026149597184e-09,imerg,155,228994,0.135,0.131,0.135,0.017,0.019,0.0,0.116,2017-06-12 05:00:00,0.551,"[0.96, 1.39, 3.89]",2026,155,228994,0.135,0.131,0.135,0.015,0.019,0.0,0.116,2026-07-05 00:00:00,0.551,"[0.96, 1.39, 3.89]"
360,9.377662531315943,34.892859052203555,18.606336129000898,7.452773769101968e-06,269.6917684440933,2.405705205275627,0.8808669522967068,2.4640338224146272e-08,era5land,155,228994,0.0,0.001,0.0,0.001,0.0,0.0,0.0,,0.551,"[1.84, 2.71, 7.67]",2026,155,228994,0.0,0.001,0.0,0.001,0.0,0.0,0.0,,0.551,"[1.6, 2.41, 6.93]"
360,9.377662531315943,34.892859052203555,18.606336129000898,7.452773769101968e-06,269.6917684440933,2.405705205275627,0.8808669522967068,2.4640338224146272e-08,imerg,155,228994,0.006,0.009,0.006,0.009,0.006,0.0,0.0,,0.551,"[1.59, 2.42, 6.97]",2026,155,228994,0.0,0.001,0.0,0.001,0.0,0.0,0.0,,0.565,"[1.4, 1.74, 5.02]"
361,10.034212534366024,31.47543504820523,17.53266264656209,1.6984443730571343e-06,84.21832091764149,2.7574912819501924,0.6984281565055199,1.509219528994263e-08,era5land,155,228994,0.077,0.072,0.077,0.004,0.006,0.0,0.071,2017-06-12 00:00:00,0.551,"[1.07, 1.54, 4.29]",2026,155,228994,0.006,0.004,0.077,0.004,0.006,0.0,0.071,2026-07-04 18:00:00,0.551,"[1.59, 2.25, 6.15]"
361,10.034212534366024,31.47543504820523,17.53266264656209,1.6984443730571343e-06,84.21832091764149,2.7574912819501924,0.6984281565055199,1.509219528994263e-08,imerg,155,228994,0.077,0.072,0.077,0.005,0.006,0.0,0.071,2017-06-12 00:00:00,0.551,"[1.07, 1.54, 4.29]",2026,155,228994,0.006,0.003,0.077,0.004,0.006,0.0,0.071,2026-07-04 00:00:00,0.551,"[1.59, 2.25, 6.15]"
362,3.0546114377527736,37.22134936925235,18.477471758328416,6.212054222166704e-05,417.52083456124234,3.6778895991464817,0.5425167892425158,2.269005219678834e-09,era5land,155,228994,0.039,0.031,0.039,0.031,0.039,0.0,0.0,,0.551,"[1.27, 1.91, 5.5]",2026,155,228994,0.039,0.03,0.039,0.03,0.039,0.0,0.0,,0.551,"[1.27, 1.92, 5.51]"
363,7.383113346064503,36.42516356098391,18.9997859016239,2.5477382094055765e-07,23.107700649135396,3.2713210435974216,0.6105608423569072,1.3041531496543894e-08,era5land,155,228994,0.019,0.01,0.013,0.008,0.006,0.006,0.006,2017-06-13 05:00:00,0.551,"[1.48, 2.21, 6.32]",2026,155,228994,0.084,0.077,0.019,0.008,0.006,0.045,0.013,2026-07-10 18:00:00,0.551,"[1.08, 1.75, 5.23]"
363,7.383113346064503,36.42516356098391,18.9997859016239,2.5477382094055765e-07,23.107700649135396,3.2713210435974216,0.6105608423569072,1.3041531496543894e-08,imerg,155,228994,0.019,0.01,0.013,0.008,0.006,0.006,0.006,2017-06-13 03:00:00,0.551,"[1.48, 2.21, 6.32]",2026,155,228994,0.065,0.053,0.019,0.008,0.006,0.045,0.013,2026-07-10 12:00:00,0.551,"[1.19, 1.87, 5.5]"
364,10.608819416813992,27.83372948705813,16.054777838889553,6.179249698224504e-06,86.33220420298099,2.333664936548006,0.9350397815970488,4.774456273453904e-09,era5land,155,228994,0.065,0.049,0.065,0.0,0.0,0.0,0.065,2017-06-12 00:00:00,0.551,"[1.13, 1.59, 4.37]",2026,155,228994,0.065,0.049,0.065,0.0,0.0,0.0,0.065,2026-07-04 18:00:00,0.551,"[1.13, 1.59, 4.37]"
364,10.608819416813992,27.83372948705813,16.054777838889553,6.179249698224504e-06,86.33220420298099,2.333664936548006,0.9350397815970488,4.774456273453904e-09,imerg,155,228994,0.065,0.049,0.065,0.002,0.0,0.0,0.065,2017-06-12 00:00:00,0.551,"[1.13, 1.59, 4.37]",2026,155,228994,0.065,0.049,0.065,0.0,0.0,0.0,0.065,2026-07-04 09:00:00,0.551,"[1.13, 1.59, 4.37]"
365,8.307977777368388,30.004312854177435,16.84756587981005,1.273342846921498e-06,20.457786031436022,1.426815127763208,0.5403874482769411,5.6537137442340046e-08,era5land,155,228994,0.006,0.004,0.006,0.0,0.0,0.0,0.006,2017-06-12 00:00:00,0.551,"[1.39, 1.96, 5.38]",2026,155,228994,0.0,0.0,0.006,0.0,0.0,0.0,0.006,2026-07-03 18:00:00,0.551,"[2.03, 2.94, 8.23]"
365,8.307977777368388,30.004312854177435,16.84756587981005,1.273342846921498e-06,20.457786031436022,1.426815127763208,0.5403874482769411,5.6537137442340046e-08,imerg,155,228994,0.006,0.004,0.006,0.0,0.0,0.0,0.006,2017-06-12 00:00:00,0.551,"[1.39, 1.96, 5.38]",2026,155,228994,0.0,0.0,0.006,0.0,0.0,0.0,0.006,2026-07-03 06:00:00,0.551,"[2.03, 2.94, 8.23]"
366,9.503314806627737,29.14787565712949,20.775342238139537,4.078930621873723e-05,470.1744841855373,1.725976120616004,0.7965916009451466,5.590489312362832e-08,era5land,155,228994,0.0,0.001,0.0,0.001,0.0,0.0,0.0,,0.551,"[1.67, 2.43, 6.82]",2026,155,228994,0.0,0.001,0.0,0.001,0.0,0.0,0.0,,0.551,"[1.68, 2.45, 6.86]"
366,9.503314806627737,29.14787565712949,20.775342238139537,4.078930621873723e-05,470.1744841855373,1.725976120616004,0.7965916009451466,5.590489312362832e-08,imerg,155,228994,0.032,0.02,0.032,0.02,0.032,0.0,0.0,,0.551,"[1.26, 1.8, 5.0]",2026,155,228994,0.0,0.001,0.0,0.001,0.0,0.0,0.0,,0.551,"[1.68, 2.45, 6.86]"
367,5.761329723483038,29.939239268752992,20.728156081475763,5.17003199344006e-05,325.3997782764544,1.451301700322728,0.9490915581492873,1.7520873510415527e-08,era5land,155,228994,0.006,0.004,0.006,0.004,0.006,0.0,0.0,,0.551,"[1.6, 2.36, 6.67]",2026,155,228994,0.006,0.003,0.006,0.003,0.006,0.0,0.0,,0.551,"[1.62, 2.37, 6.71]"
369,4.252272102352274,36.98272244124789,21.153269929766527,3.533073670483194e-05,240.51888202063455,1.6283915837818457,0.9227923667113488,6.979101172331939e-09,era5land,155,228994,0.006,0.002,0.006,0.002,0.006,0.0,0.0,,0.551,"[1.76, 2.63, 7.53]",2026,155,228994,0.0,0.002,0.0,0.002,0.0,0.0,0.0,,0.551,"[1.78, 2.65, 7.56]"
369,4.252272102352274,36.98272244124789,21.153269929766527,3.533073670483194e-05,240.51888202063455,1.6283915837818457,0.9227923667113488,6.979101172331939e-09,imerg,155,228994,0.065,0.047,0.065,0.047,0.065,0.0,0.0,,0.551,"[1.26, 2.03, 6.06]",2026,155,228994,0.0,0.002,0.0,0.002,0.0,0.0,0.0,,0.551,"[1.78, 2.65, 7.56]"
371,7.018503216345363,34.84916174417777,20.272569746396783,4.498470812903178e-06,217.97719412924724,3.343816117887546,0.8047332042183708,3.8454138934543434e-08,era5land,155,228994,0.116,0.112,0.116,0.007,0.006,0.0,0.11,2017-06-12 00:00:00,0.551,"[0.99, 1.46, 4.15]",2026,155,228994,0.116,0.112,0.116,0.007,0.006,0.0,0.11,2026-07-03 18:00:00,0.551,"[0.99, 1.46, 4.15]"
371,7.018503216345363,34.84916174417777,20.272569746396783,4.498470812903178e-06,217.97719412924724,3.343816117887546,0.8047332042183708,3.8454138934543434e-08,imerg,155,228994,0.116,0.112,0.116,0.013,0.019,0.0,0.097,2017-06-12 00:00:00,0.551,"[0.99, 1.46, 4.15]",2026,155,228994,0.116,0.112,0.116,0.007,0.006,0.0,0.11,2026-07-03 06:00:00,0.551,"[0.99, 1.46, 4.15]"
372,5.069817111590232,32.19883937662369,18.83369767137115,2.4660099669362875e-06,10.714756989374276,2.0487480773319633,0.6435803493471762,5.110837096823355e-09,era5land,155,228994,0.142,0.145,0.142,0.016,0.019,0.0,0.123,2017-06-12 12:00:00,0.551,"[0.94, 1.37, 3.87]",2026,155,228994,0.019,0.019,0.142,0.016,0.019,0.0,0.123,2026-07-05 12:00:00,0.55,"[1.27, 1.82, 4.65]"
372,5.069817111590232,32.19883937662369,18.83369767137115,2.4660099669362875e-06,10.714756989374276,2.0487480773319633,0.6435803493471762,5.110837096823355e-09,imerg,155,228994,0.142,0.145,0.142,0.016,0.019,0.0,0.123,2017-06-12 16:00:00,0.551,"[0.94, 1.37, 3.87]",2026,155,228994,0.006,0.005,0.142,0.016,0.019,0.0,0.123,2026-07-06 06:00:00,0.551,"[1.27, 1.72, 4.65]"
373,0.4350081278070896,32.84124714804615,20.477523200912547,3.2980141722958713e-06,52.825940270762416,1.8639047421279815,0.9244718580652396,6.6902161060208575e-09,era5land,155,228994,0.426,0.33,0.426,0.031,0.039,0.0,0.387,2017-06-12 00:00:00,0.551,"[0.71, 1.07, 3.1]",2026,155,228994,0.426,0.33,0.426,0.03,0.039,0.0,0.387,2026-07-04 18:00:00,0.551,"[0.71, 1.07, 3.1]"
373,0.4350081278070896,32.84124714804615,20.477523200912547,3.2980141722958713e-06,52.825940270762416,1.8639047421279815,0.9244718580652396,6.6902161060208575e-09,imerg,155,228994,0.426,0.33,0.426,0.037,0.052,0.0,0.374,2017-06-12 00:00:00,0.551,"[0.71, 1.07, 3.1]",2026,155,228994,0.426,0.33,0.426,0.03,0.039,0.0,0.387,2026-07-04 06:00:00,0.551,"[0.71, 1.07, 3.1]"
374,0.6325181344486046,37.890173280647915,17.633431744794056,2.229970549812434e-05,49.760587248933895,2.557711362051775,0.8395372134614421,7.946468926897885e-09,era5land,155,228994,0.361,0.302,0.361,0.013,0.019,0.0,0.342,2017-06-12 01:00:00,0.551,"[0.76, 1.11, 3.2]",2026,155,228994,0.361,0.306,0.361,0.013,0.019,0.0,0.342,2026-07-05 00:00:00,0.549,"[0.78, 1.11, 3.2]"
374,0.6325181344486046,37.890173280647915,17.633431744794056,2.229970549812434e-05,49.760587248933895,2.557711362051775,0.8395372134614421,7.946468926897885e-09,imerg,155,228994,0.361,0.306,0.361,0.018,0.019,0.0,0.342,2017-06-12 04:00:00,0.551,"[0.74, 1.11, 3.2]",2026,155,228994,0.361,0.306,0.361,0.013,0.019,0.0,0.342,2026-07-05 00:00:00,0.548,"[0.78, 1.11, 3.2]"
375,11.03500561139246,33.226430319907664,17.73503396551529,4.3654434119244126e-06,193.8259482375605,1.758389542713378,0.7710795063832951,7.87860102849112e-08,era5land,155,228994,0.0,0.0,0.0,0.0,0.0,0.0,0.0,,0.551,"[2.04, 2.95, 8.26]",2026,155,228994,0.0,0.0,0.0,0.0,0.0,0.0,0.0,,0.552,"[1.56, 2.12, 5.84]"
375,11.03500561139246,33.226430319907664,17.73503396551529,4.3654434119244126e-06,193.8259482375605,1.758389542713378,0.7710795063832951,7.87860102849112e-08,imerg,155,228994,0.0,0.001,0.0,0.001,0.0,0.0,0.0,,0.551,"[1.72, 2.58, 7.37]",2026,155,228994,0.0,0.0,0.0,0.0,0.0,0.0,0.0,,0.551,"[1.5, 2.12, 5.84]"
376,2.75001620915138,29.349800768172475,19.01829632392856,2.4182906854295895e-06,33.843545021764285,1.3083563801202478,0.9377546284957752,1.6091913560670976e-09,era5land,155,228994,0.265,0.232,0.265,0.016,0.019,0.0,0.245,2017-06-12 00:00:00,0.551,"[0.83, 1.21, 3.41]",2026,155,228994,0.265,0.232,0.265,0.016,0.019,0.0,0.245,2026-07-05 00:00:00,0.551,"[0.83, 1.21, 3.41]"
376,2.75001620915138,29.349800768172475,19.01829632392856,2.4182906854295895e-06,33.843545021764285,1.3083563801202478,0.9377546284957752,1.6091913560670976e-09,imerg,155,228994,0.265,0.232,0.265,0.021,0.032,0.0,0.232,2017-06-12 04:00:00,0.551,"[0.83, 1.21, 3.41]",2026,155,228994,0.265,0.232,0.265,0.016,0.019,0.0,0.245,2026-07-04 00:00:00,0.551,"[0.83, 1.21, 3.53]"
377,2.932380973267951,37.615676772252264,18.866908056500048,6.86165926253033e-05,312.11831060830997,1.2500810491235672,0.7674916680244102,9.461102513130385e-09,era5land,155,228994,0.006,0.004,0.006,0.004,0.006,0.0,0.0,,0.551,"[1.65, 2.47, 7.05]",2026,155,228994,0.006,0.003,0.006,0.003,0.006,0.0,0.0,,0.551,"[1.68, 2.5, 7.13]"
378,9.847015937479432,34.321462382063075,21.077590359214405,7.293823703594254e-05,25.608230378525164,2.2231249789666596,0.7503329551802926,6.5474035749524965e-09,era5land,155,228994,0.0,0.001,0.0,0.001,0.0,0.0,0.0,,0.551,"[1.74, 2.56, 7.24]",2026,155,228994,0.0,0.001,0.0,0.001,0.0,0.0,0.0,,0.551,"[1.72, 2.53, 7.17]"
378,9.847015937479432,34.321462382063075,21.077590359214405,7.293823703594254e-05,25.608230378525164,2.2231249789666596,0.7503329551802926,6.5474035749524965e-09,imerg,155,228994,0.0,0.002,0.0,0.002,0.0,0.0,0.0,,0.551,"[1.72, 2.53, 7.18]",2026,155,228994,0.0,0.001,0.0,0.001,0.0,0.0,0.0,,0.551,"[1.75, 2.48, 6.99]"
379,3.3561600410717523,29.198957722207332,17.195710539841905,2.5648064174639787e-06,71.53471452124198,1.5332576089186696,0.7423829847338121,1.503937216455716e-09,era5land,155,228994,0.277,0.257,0.277,0.026,0.032,0.0,0.245,2017-06-12 00:00:00,0.551,"[0.81, 1.17, 3.28]",2026,155,228994,0.277,0.257,0.277,0.025,0.032,0.0,0.245,2026-07-03 18:00:00,0.551,"[0.81, 1.17, 3.28]"
379,3.3561600410717523,29.198957722207332,17.195710539841905,2.5648064174639787e-06,71.53471452124198,1.5332576089186696,0.7423829847338121,1.503937216455716e-09,imerg,155,228994,0.277,0.257,0.277,0.045,0.065,0.0,0.213,2017-06-12 00:00:00,0.551,"[0.81, 1.17, 3.28]",2026,155,228994,0.277,0.257,0.277,0.025,0.032,0.0,0.245,2026-07-03 06:00:00,0.551,"[0.81, 1.17, 3.28]"
380,7.6865531318579725,37.325344678931195,19.708606125289663,1.5672049783453932e-06,69.30488559007529,1.272038430574774,0.5817691210446629,1.7535450030026595e-09,era5land,155,228994,0.0,0.002,0.0,0.0,0.0,0.0,0.0,,0.551,"[1.55, 2.22, 6.16]",2026,155,228994,0.0,0.002,0.0,0.0,0.0,0.0,0.0,,0.551,"[1.55, 2.22, 6.16]"
380,7.6865531318579725,37.325344678931195,19.708606125289663,1.5672049783453932e-06,69.30488559007529,1.272038430574774,0.5817691210446629,1.7535450030026595e-09,imerg,155,228994,0.0,0.002,0.0,0.002,0.0,0.0,0.0,,0.551,"[1.55, 2.22, 6.16]",2026,155,228994,0.0,0.002,0.0,0.0,0.0,0.0,0.0,,0.551,"[1.55, 2.22, 6.16]"
381,8.659297272312115,36.445961024734515,17.37093417361501,4.058331459520934e-05,10.129712146810265,1.158645042946926,0.551650256264625,2.3201310734543537e-08,era5land,155,228994,0.0,0.0,0.0,0.0,0.0,0.0,0.0,,0.552,"[2.19, 3.15, 8.76]",2026,155,228994,0.0,0.0,0.0,0.0,0.0,0.0,0.0,,0.551,"[2.15, 3.08, 8.24]"
381,8.659297272312115,36.445961024734515,17.37093417361501,4.058331459520934e-05,10.129712146810265,1.158645042946926,0.551650256264625,2.3201310734543537e-08,imerg,155,228994,0.0,0.0,0.0,0.0,0.0,0.0,0.0,,0.552,"[2.15, 3.1, 8.64]",2026,155,228994,0.0,0.0,0.0,0.0,0.0,0.0,0.0,,0.551,"[2.02, 2.95, 8.09]"
382,2.4570323248579373,28.48936545802841,20.5484664761093,1.0852889702885393e-07,167.2803822228654,2.254201466345193,0.8772694275215076,9.025465637181243e-09,era5land,155,228994,0.348,0.293,0.271,0.049,0.065,0.084,0.2,2017-06-12 20:00:00,0.551,"[0.76, 1.13, 3.55]",2026,155,228994,0.348,0.293,0.348,0.049,0.065,0.0,0.284,2026-07-06 00:00:00,0.551,"[0.76, 1.12, 3.19]"
382,2.4570323248579373,28.48936545802841,20.5484664761093,1.0852889702885393e-07,167.2803822228654,2.254201466345193,0.8772694275215076,9.025465637181243e-09,imerg,155,228994,0.335,0.283,0.239,0.049,0.065,0.097,0.155,2017-06-12 20:30:00,0.551,"[0.76, 1.18, 3.67]",2026,155,228994,0.348,0.293,0.348,0.049,0.065,0.0,0.284,2026-07-06 12:00:00,0.551,"[0.76, 1.12, 3.19]"
383,3.841377002178015,38.14277239193747,17.145918416339317,5.635455615394078e-06,43.729848930935866,1.5249114817803298,0.8414581419651472,3.107679713746933e-08,era5land,155,228994,0.084,0.083,0.084,0.002,0.0,0.0,0.084,2017-06-12 00:00:00,0.551,"[1.05, 1.54, 4.33]",2026,155,228994,0.084,0.083,0.084,0.002,0.0,0.0,0.084,2026-07-03 18:00:00,0.551,"[1.05, 1.54, 4.33]"
383,3.841377002178015,38.14277239193747,17.145918416339317,5.635455615394078e-06,43.729848930935866,1.5249114817803298,0.8414581419651472,3.107679713746933e-08,imerg,155,228994,0.084,0.083,0.084,0.004,0.006,0.0,0.077,2017-06-12 00:00:00,0.551,"[1.05, 1.54, 4.33]",2026,155,228994,0.084,0.083,0.084,0.002,0.0,0.0,0.084,2026-07-03 06:00:00,0.551,"[1.05, 1.54, 4.33]"
384,1.2708735694275946,29.65249376142676,19.836095262051188,1.965166383157956e-06,222.49202200200725,1.125967277440052,0.9851940559397074,9.234286024627553e-08,era5land,155,228994,0.039,0.031,0.039,0.031,0.039,0.0,0.265,2017-06-12 00:00:00,0.551,"[1.27, 1.91, 5.49]",2026,155,228994,0.348,0.295,0.348,0.028,0.039,0.0,0.31,2026-07-03 00:00:00,0.551,"[0.76, 1.12, 3.35]"
386,3.3071006263609832,27.99482838962719,16.695053688500415,2.5927800423826565e-07,251.23373517730565,2.8910504257284693,0.9755379977027028,1.1400852793238166e-08,era5land,155,228994,0.542,0.419,0.542,0.037,0.052,0.0,0.49,2017-06-12 04:00:00,0.551,"[0.65, 0.95, 2.69]",2026,155,228994,0.271,0.246,0.542,0.037,0.052,0.0,0.49,2026-07-05 06:00:00,0.551,"[0.82, 1.18, 3.3]"
386,3.3071006263609832,27.99482838962719,16.695053688500415,2.5927800423826565e-07,251.23373517730565,2.8910504257284693,0.9755379977027028,1.1400852793238166e-08,imerg,155,228994,0.542,0.419,0.542,0.037,0.052,0.0,0.49,2017-06-12 06:00:00,0.551,"[0.65, 0.95, 2.69]",2026,155,228994,0.271,0.246,0.542,0.037,0.052,0.0,0.49,2026-07-05 12:00:00,0.551,"[0.82, 1.18, 3.3]"
387,10.40406209552975,36.0972282684101,19.192013347332846,5.979857763356605e-05,30.65325147433225,3.8239355596723135,0.926487525321068,3.405359083008603e-08,era5land,155,228994,0.084,0.074,0.084,0.002,0.0,0.0,0.084,2017-06-12 15:00:00,0.551,"[1.08, 1.58, 4.73]",2026,155,228994,0.077,0.07,0.077,0.002,0.0,0.0,0.077,2026-07-05 18:00:00,0.55,"[1.15, 1.72, 4.44]"
387,10.40406209552975,36.0972282684101,19.192013347332846,5.979857763356605e-05,30.65325147433225,3.8239355596723135,0.926487525321068,3.405359083008603e-08,imerg,155,228994,0.084,0.074,0.071,0.002,0.0,0.019,0.065,2017-06-12 17:00:00,0.551,"[1.08, 1.58, 4.88]",2026,155,228994,0.019,0.016,0.019,0.002,0.0,0.0,0.026,2026-07-05 00:00:00,0.551,"[1.38, 1.96, 4.82]"
388,11.411839113952592,33.92549218477931,19.65159803402168,1.3940902162336767e-05,54.8259070814935,2.4460930345966787,0.5051543315673629,4.7534171834702615e-08,era5land,155,228994,0.026,0.019,0.026,0.002,0.0,0.0,0.026,2017-06-12 00:00:00,0.551,"[1.28, 1.84, 5.14]",2026,155,228994,0.026,0.019,0.026,0.002,0.0,0.0,0.026,2026-07-03 18:00:00,0.551,"[1.28, 1.84, 5.14]"
388,11.411839113952592,33.92549218477931,19.65159803402168,1.3940902162336767e-05,54.8259070814935,2.4460930345966787,0.5051543315673629,4.7534171834702615e-08,imerg,155,228994,0.026,0.019,0.026,0.004,0.006,0.0,0.019,2017-06-12 00:00:00,0.551,"[1.28, 1.84, 5.14]",2026,155,228994,0.026,0.019,0.026,0.002,0.0,0.0,0.026,2026-07-03 06:00:00,0.551,"[1.28, 1.84, 5.14]"
389,11.085613309250292,33.46450480631809,20.57641252028524,5.2144022220465825e-05,249.5861272936721,1.407247840904345,0.5680201746647546,1.8310877545581017e-08,era5land,155,228994,0.0,0.0,0.0,0.0,0.0,0.0,0.0,,0.551,"[2.01, 2.89, 8.06]",2026,155,228994,0.0,0.0,0.0,0.0,0.0,0.0,0.0,,0.551,"[2.02, 2.91, 8.1]"
389,11.085613309250292,33.46450480631809,20.57641252028524,5.2144022220465825e-05,249.5861272936721,1.407247840904345,0.5680201746647546,1.8310877545581017e-08,imerg,155,228994,0.0,0.0,0.0,0.0,0.0,0.0,0.0,,0.551,"[1.66, 2.36, 6.52]",2026,155,228994,0.0,0.0,0.0,0.0,0.0,0.0,0.0,,0.551,"[2.02, 2.91, 8.1]"
390,0.943489958766506,30.67747342288031,19.348648408305795,1.3843361419710426e-07,78.30363757737969,1.04230449832631,0.921125748630092,1.3344854834933427e-09,era5land,155,228994,0.432,0.333,0.432,0.031,0.039,0.0,0.394,2017-06-12 00:00:00,0.551,"[0.72, 1.07, 3.05]",2026,155,228994,0.258,0.226,0.432,0.031,0.039,0.0,0.394,2026-07-05 00:00:00,0.551,"[0.83, 1.22, 3.47]"
390,0.943489958766506,30.67747342288031,19.348648408305795,1.3843361419710426e-07,78.30363757737969,1.04230449832631,0.921125748630092,1.3344854834933427e-09,imerg,155,228994,0.432,0.333,0.432,0.031,0.039,0.0,0.394,2017-06-12 00:00:00,0.551,"[0.72, 1.07, 3.05]",2026,155,228994,0.258,0.226,0.432,0.031,0.039,0.0,0.394,2026-07-05 00:00:00,0.551,"[0.83, 1.22, 3.47]"
391,9.640356563941037,28.512907173747227,17.398716266591045,4.428055210804814e-06,209.06811878092077,3.0525360738011944,0.6465041736953078,4.889826303570046e-09,era5land,155,228994,0.161,0.151,0.161,0.017,0.019,0.0,0.142,2017-06-12 00:00:00,0.551,"[0.94, 1.34, 3.74]",2026,155,228994,0.161,0.151,0.161,0.016,0.019,0.0,0.142,2026-07-03 18:00:00,0.551,"[0.94, 1.34, 3.74]"
391,9.640356563941037,28.512907173747227,17.398716266591045,4.428055210804814e-06,209.06811878092077,3.0525360738011944,0.6465041736953078,4.889826303570046e-09,imerg,155,228994,0.161,0.151,0.161,0.029,0.039,0.0,0.123,2017-06-12 00:00:00,0.551,"[0.94, 1.34, 3.74]",2026,155,228994,0.161,0.151,0.161,0.016,0.019,0.0,0.142,2026-07-03 06:00:00,0.551,"[0.94, 1.34, 3.74]"
392,10.85924820748598,29.43368625734766,20.30988916029129,3.2427010261832433e-06,263.6477875238629,2.2965279616065297,0.6046629758687939,1.1522361256918135e-09,era5land,155,228994,0.052,0.033,0.065,0.005,0.006,0.0,0.058,2017-06-12 00:00:00,0.55,"[1.17, 1.69, 4.68]",2026,155,228994,0.065,0.039,0.065,0.005,0.006,0.0,0.058,2026-07-03 18:00:00,0.551,"[1.17, 1.69, 4.68]"
392,10.85924820748598,29.43368625734766,20.30988916029129,3.2427010261832433e-06,263.6477875238629,2.2965279616065297,0.6046629758687939,1.1522361256918135e-09,imerg,155,228994,0.065,0.039,0.065,0.022,0.032,0.0,0.032,2017-06-12 00:00:00,0.551,"[1.17, 1.69, 4.68]",2026,155,228994,0.065,0.039,0.065,0.005,0.006,0.0,0.058,2026-07-03 06:00:00,0.551,"[1.17, 1.69, 4.68]"
393,6.322382769665494,31.399472027228757,17.59899062627794,1.4074708731714452e-07,17.274969211292007,3.1134051786354657,0.858861792762962,4.1011666529404145e-08,era5land,155,228994,0.013,0.01,0.013,0.01,0.013,0.0,0.0,,0.551,"[1.46, 2.16, 6.15]",2026,155,228994,0.032,0.024,0.019,0.01,0.013,0.0,0.006,2026-07-12 18:00:00,0.551,"[1.35, 2.04, 5.89]"
393,6.322382769665494,31.399472027228757,17.59899062627794,1.4074708731714452e-07,17.274969211292007,3.1134051786354657,0.858861792762962,4.1011666529404145e-08,imerg,155,228994,0.013,0.01,0.013,0.01,0.013,0.0,0.0,,0.551,"[1.46, 2.16, 6.15]",2026,155,228994,0.032,0.021,0.019,0.01,0.013,0.0,0.006,2026-07-13 12:00:00,0.551,"[1.36, 2.06, 5.93]"
394,1.7136457216216945,30.89965895594157,21.075556700008043,5.2556897106763605e-06,408.0992699732536,1.2919491007505193,0.9711636767610208,1.2237793495338662e-09,era5land,155,228994,0.032,0.024,0.032,0.024,0.032,0.0,0.0,,0.551,"[1.33, 2.0, 5.74]",2026,155,228994,0.032,0.02,0.032,0.02,0.032,0.0,0.0,,0.551,"[1.35, 2.02, 5.81]"
395,4.17445376719977,34.77650495299671,17.7032900032988,3.296338095224115e-05,25.049571362405626,1.9239376513479851,0.6533809513109577,4.272510293234036e-09,era5land,155,228994,0.019,0.011,0.09,0.011,0.019,0.0,0.135,2017-06-12 01:00:00,0.551,"[1.27, 1.68, 3.85]",2026,155,228994,0.039,0.031,0.039,0.011,0.019,0.0,0.026,2026-07-03 18:00:00,0.551,"[1.3, 1.97, 4.73]"
395,4.17445376719977,34.77650495299671,17.7032900032988,3.296338095224115e-05,25.049571362405626,1.9239376513479851,0.6533809513109577,4.272510293234036e-09,imerg,155,228994,0.019,0.014,0.09,0.014,0.019,0.0,0.135,2017-06-12 03:00:00,0.551,"[1.26, 1.66, 3.85]",2026,155,228994,0.065,0.04,0.065,0.011,0.019,0.0,0.045,2026-07-04 00:00:00,0.549,"[1.21, 1.87, 3.85]"
396,11.76035949176463,35.73316187258231,17.467611936755237,9.651289759101112e-06,160.79412506550568,3.7322621144287313,0.9517843366866898,2.7700734428649664e-08,era5land,155,228994,0.077,0.066,0.077,0.001,0.0,0.0,0.077,2017-06-12 00:00:00,0.551,"[1.09, 1.58, 4.43]",2026,155,228994,0.077,0.066,0.077,0.001,0.0,0.0,0.077,2026-07-04 18:00:00,0.551,"[1.09, 1.58, 4.43]"
396,11.76035949176463,35.73316187258231,17.467611936755237,9.651289759101112e-06,160.79412506550568,3.7322621144287313,0.9517843366866898,2.7700734428649664e-08,imerg,155,228994,0.077,0.066,0.077,0.002,0.0,0.0,0.077,2017-06-12 00:30:00,0.551,"[1.09, 1.58, 4.43]",2026,155,228994,0.077,0.066,0.077,0.001,0.0,0.0,0.077,2026-07-05 00:00:00,0.551,"[1.09, 1.58, 4.43]"
397,3.4055635137038287,30.96351401994055,15.76832854559743,2.707632743199237e-05,226.81018220494312,2.682047314166573,0.6866621062856473,4.4366918681000384e-08,era5land,155,228994,0.065,0.048,0.065,0.048,0.065,0.0,0.0,,0.551,"[1.17, 1.75, 5.0]",2026,155,228994,0.065,0.047,0.065,0.047,0.065,0.0,0.0,,0.551,"[1.18, 1.76, 5.01]"
398,6.015924679621566,31.89566102204224,16.78657293935559,8.396953450840667e-05,145.34677922849136,3.1860698164975076,0.8820414224260924,6.92806879362156e-08,era5land,155,228994,0.019,0.011,0.019,0.011,0.019,0.0,0.0,,0.551,"[1.45, 2.16, 6.15]",2026,155,228994,0.019,0.011,0.019,0.011,0.019,0.0,0.0,,0.551,"[1.45, 2.16, 6.16]"
398,6.015924679621566,31.89566102204224,16.78657293935559,8.396953450840667e-05,145.34677922849136,3.1860698164975076,0.8820414224260924,6.92806879362156e-08,imerg,155,228994,0.026,0.02,0.026,0.02,0.026,0.0,0.0,,0.551,"[1.37, 2.06, 5.92]",2026,155,228994,0.019,0.011,0.019,0.011,0.019,0.0,0.0,,0.551,"[1.45, 2.16, 6.16]"
399,3.083816585239924,29.099814034866,19.00432223086717,9.257000318645371e-06,16.73377244477126,1.966317495039612,0.8521932027661472,2.2551594954155584e-09,era5land,155,228994,0.361,0.303,0.361,0.033,0.045,0.0,0.316,2017-06-12 05:00:00,0.551,"[0.75, 1.11, 3.13]",2026,155,228994,0.277,0.255,0.361,0.033,0.045,0.0,0.316,2026-07-05 06:00:00,0.551,"[0.77, 1.23, 3.45]"
399,3.083816585239924,29.099814034866,19.00432223086717,9.257000318645371e-06,16.73377244477126,1.966317495039612,0.8521932027661472,2.2551594954155584e-09,imerg,155,228994,0.361,0.303,0.361,0.035,0.045,0.0,0.316,2017-06-12 15:00:00,0.551,"[0.75, 1.11, 3.13]",2026,155,228994,0.245,0.222,0.361,0.033,0.045,0.0,0.316,2026-07-07 06:00:00,0.551,"[0.8, 1.23, 3.63]"
